userId,neg_mean,pos_mean,delta,pos_gt_neg,pos_eq_neg
1,0.5495966895168101,0.6574350537137728,0.10783836419696269,True,False
2,0.5581317777388974,0.5398767951113234,-0.01825498262757408,False,False
3,0.5464496173058455,0.7456556225589006,0.1992060052530551,True,False
4,0.5895790189365017,0.7919953723736257,0.20241635343712405,True,False
5,0.5154020529706878,0.6667972405503442,0.15139518757965642,True,False
6,0.5628051764681395,0.6830721884180945,0.12026701194995493,True,False
7,0.5426901644841831,0.6642721898186216,0.12158202533443851,True,False
8,0.5713720663838536,0.6376264462762834,0.06625437989242977,True,False
9,0.5761675702504886,0.7250988413739804,0.1489312711234918,True,False
10,0.554479950888456,0.7147888146879682,0.16030886379951215,True,False
11,0.5360823408840248,0.5998133311048286,0.06373099022080375,True,False
12,0.5508708761063075,0.9122796812412797,0.3614088051349722,True,False
13,0.5148273260430352,0.602106330742905,0.08727900469986982,True,False
14,0.6044163926903816,0.8838070449234562,0.2793906522330746,True,False
15,0.5954866936467093,0.6339041459734011,0.0384174523266918,True,False
16,0.5614161291736633,0.5539248311403093,-0.007491298033354021,False,False
17,0.5306432372498419,0.5911681173523927,0.06052488010255086,True,False
18,0.560311784731088,0.7553605242705713,0.19504873953948332,True,False
19,0.5556938066394256,0.7783534150723983,0.22265960843297272,True,False
20,0.5283370296659832,0.6871972454956647,0.15886021582968157,True,False
21,0.5596560656581933,0.5772262692758803,0.01757020361768702,True,False
22,0.5736721156595721,0.6580966902795553,0.0844245746199832,True,False
23,0.5586073713704535,0.7423400872156609,0.18373271584520745,True,False
24,0.550160153909107,0.7722174284575,0.22205727454839297,True,False
25,0.5727296807051866,0.570111766854949,-0.0026179138502375743,False,False
26,0.5433527043404548,0.6189197427163968,0.07556703837594203,True,False
27,0.5706548035610759,0.9143192607220789,0.343664457161003,True,False
28,0.5536398363403472,0.7954771398844783,0.24183730354413113,True,False
29,0.5733960179339548,0.6697998194381809,0.09640380150422612,True,False
30,0.5765301250257311,0.7734861801480343,0.1969560551223032,True,False
31,0.5873134753946458,0.7013940649678487,0.11408058957320288,True,False
32,0.5849773902820578,0.8106778750667423,0.22570048478468452,True,False
33,0.560348297964323,0.7323849225989195,0.17203662463459657,True,False
34,0.561455440677278,0.5696183113614245,0.00816287068414645,True,False
35,0.5424826240548658,0.743326587798437,0.20084396374357116,True,False
36,0.5060196010299706,0.7034743477523067,0.1974547467223361,True,False
37,0.5348953282922002,0.6041892919514391,0.0692939636592389,True,False
38,0.5811392646484329,0.6594980416137398,0.07835877696530691,True,False
39,0.5382340511453283,0.7612194177601663,0.22298536661483803,True,False
40,0.56367591709827,0.6510119310045367,0.08733601390626666,True,False
41,0.5596665016105313,0.6452063832434146,0.08553988163288329,True,False
42,0.5768770101386853,0.7457666257341755,0.1688896155954902,True,False
43,0.5528974958629266,0.7374647551492592,0.18456725928633266,True,False
44,0.5411776350856811,0.623274159698853,0.08209652461317196,True,False
45,0.5473310949729868,0.5293195675252259,-0.01801152744776091,False,False
46,0.5227956725527083,0.0,-0.5227956725527083,False,False
47,0.5499153674732404,0.8102453058109033,0.2603299383376628,True,False
48,0.5148822853653994,0.7993731880524545,0.2844909026870551,True,False
49,0.5389755431844042,0.7348899890700307,0.19591444588562645,True,False
50,0.5600068913659509,0.5343788027641185,-0.02562808860183241,False,False
51,0.5583202840032055,0.6626655070076258,0.10434522300442028,True,False
52,0.5565526962106194,0.5595098532674354,0.0029571570568159844,True,False
53,0.5432815019969659,0.6439357105385397,0.10065420854157381,True,False
54,0.5380717066284498,0.7896688129511006,0.25159710632265075,True,False
55,0.533878264408649,0.8188151618817021,0.28493689747305306,True,False
56,0.5536334567683745,0.750756095510738,0.19712263874236347,True,False
57,0.5826642559900125,0.8024091138236654,0.21974485783365294,True,False
58,0.5556026250119814,0.5684663964321257,0.012863771420144277,True,False
59,0.5705572742466849,0.8313624441753135,0.26080516992862857,True,False
60,0.5756453889889905,0.6297503350889182,0.054104946099927664,True,False
61,0.5903255026264201,0.3401097215101443,-0.25021578111627585,False,False
62,0.5395530529042641,0.7828776732993107,0.24332462039504654,True,False
63,0.5652478252092792,0.7512202438053786,0.18597241859609936,True,False
64,0.5921843301071378,0.6285239568320439,0.03633962672490609,True,False
65,0.5355579657620008,0.6793086496449818,0.14375068388298107,True,False
66,0.5986231152303634,0.7745928195435032,0.17596970431313985,True,False
67,0.5477094866518841,0.7817017747773235,0.23399228812543937,True,False
68,0.5580455874094955,0.7493088774083444,0.1912632899988489,True,False
69,0.5427925436778156,0.6998999301746591,0.15710738649684353,True,False
70,0.5745989012477474,0.7192272067982198,0.14462830555047246,True,False
71,0.5469212952399467,0.6626618482557655,0.11574055301581876,True,False
72,0.537752246776534,0.7846257100291153,0.2468734632525813,True,False
73,0.5782349152049159,0.617083535854979,0.038848620650063115,True,False
74,0.564178166024772,0.8879761514998524,0.32379798547508043,True,False
75,0.598411389128817,0.5587001155420674,-0.03971127358674953,False,False
76,0.5456003815057779,0.6794418613479281,0.1338414798421501,True,False
77,0.559335694664188,0.7605213939854634,0.2011856993212754,True,False
78,0.5403330791573248,0.6654233918734901,0.12509031271616533,True,False
79,0.5186710467331993,0.6681115677398274,0.14944052100662808,True,False
80,0.552715066148588,0.6074834236318585,0.05476835748327047,True,False
81,0.5881114960331874,0.8499526977848496,0.26184120175166226,True,False
82,0.5602326053392171,0.6947090328394566,0.13447642750023947,True,False
83,0.5294733956334577,0.5895306587941282,0.060057263160670504,True,False
84,0.5739358884799342,0.9249713090548407,0.35103542057490655,True,False
85,0.5616650130981656,0.5422376069062708,-0.01942740619189487,False,False
86,0.5451601359613778,0.6884454809917986,0.14328534503042079,True,False
87,0.579637140535637,0.7410705510949874,0.16143341055935045,True,False
88,0.5591619434041337,0.7958438417820587,0.23668189837792497,True,False
89,0.5669527646704815,0.8643407129546163,0.29738794828413484,True,False
90,0.5382156899122453,0.6711627326947986,0.13294704278255332,True,False
91,0.5248654552120439,0.8386895699461673,0.3138241147341234,True,False
92,0.5691545294714637,0.5522002684621548,-0.01695426100930897,False,False
93,0.583957182096797,0.32687014082315463,-0.2570870412736424,False,False
94,0.5288804734706367,0.6375066105005759,0.10862613702993917,True,False
95,0.5263467334914474,0.8240482414667485,0.29770150797530104,True,False
96,0.5529945304558731,0.7489519200346448,0.19595738957877173,True,False
97,0.5440113602030305,0.8343347444621488,0.2903233842591183,True,False
98,0.522206349780745,0.9602146245555702,0.4380082747748252,True,False
99,0.5635291710033079,0.7505965375658943,0.18706736656258638,True,False
100,0.5543924795350348,0.9224143547289684,0.3680218751939336,True,False
101,0.5336876170335266,0.39198282393361267,-0.14170479309991396,False,False
102,0.5717021893504596,0.7862785534229944,0.21457636407253478,True,False
103,0.5578132385155745,0.341547280092049,-0.21626595842352553,False,False
104,0.5656043927361321,0.5924500208196279,0.026845628083495887,True,False
105,0.5705498921252288,0.7048378395477822,0.13428794742255346,True,False
106,0.5827370945301298,0.765950437773847,0.18321334324371719,True,False
107,0.5107041777238479,0.7786240727798756,0.26791989505602765,True,False
108,0.5172928258430192,0.6824971209041336,0.16520429506111445,True,False
109,0.5365871907486346,0.6665384968000767,0.12995130605144212,True,False
110,0.55692482095824,0.7112705655055745,0.15434574454733452,True,False
111,0.5125281571234344,0.6647865272112132,0.15225837008777887,True,False
112,0.5671377283297769,0.8202396119423776,0.25310188361260066,True,False
113,0.582936155607697,0.46460309405441613,-0.11833306155328083,False,False
114,0.5521864558543781,0.7426790880215907,0.19049263216721257,True,False
115,0.598046710627593,0.4255043896615393,-0.17254232096605365,False,False
116,0.5728099059207815,0.6561215480786973,0.08331164215791576,True,False
117,0.5362142914766548,0.6537133080078955,0.11749901653124073,True,False
118,0.5123071694526471,0.7862680378137751,0.273960868361128,True,False
119,0.559033874168249,0.4156309034447922,-0.1434029707234568,False,False
120,0.5424414730985079,0.8552407462239505,0.31279927312544265,True,False
121,0.5056780956716619,0.6117350971501951,0.10605700147853325,True,False
123,0.5367338373722335,0.7071307186028664,0.1703968812306329,True,False
124,0.5556028549738437,0.6874791282539905,0.13187627328014684,True,False
125,0.5466316713283128,0.7398999350556331,0.1932682637273203,True,False
126,0.5902855763272578,0.7772817332606576,0.18699615693339988,True,False
127,0.5644219698901667,0.8057690828738335,0.24134711298366684,True,False
128,0.5569941323427122,0.6600003004112692,0.103006168068557,True,False
129,0.5587013240172329,0.7150629583738319,0.156361634356599,True,False
130,0.5565289424401331,0.621844608076956,0.0653156656368229,True,False
131,0.566127746535701,0.7634245976632329,0.19729685112753192,True,False
132,0.5489742993181776,0.6247133410339402,0.07573904171576251,True,False
133,0.5701955728551318,0.5795152206305593,0.009319647775427486,True,False
134,0.5179801400396638,0.6691003129038102,0.15112017286414647,True,False
135,0.5279211385735708,0.8071773581097524,0.2792562195361816,True,False
136,0.5753016069470228,0.6661455282897237,0.09084392134270092,True,False
137,0.5195116630781823,0.6319355939755945,0.1124239308974122,True,False
138,0.5608612127452176,0.7395947857667713,0.17873357302155368,True,False
139,0.5561261271448835,0.6544127780000956,0.09828665085521204,True,False
140,0.5527591684158505,0.8588976905982852,0.30613852218243476,True,False
141,0.5960678246070316,0.8823899065383808,0.2863220819313492,True,False
142,0.5701313718313225,0.8339891967093902,0.26385782487806775,True,False
143,0.5677848201471466,0.7523592487201991,0.1845744285730525,True,False
144,0.5587469895982934,0.7390478772230039,0.18030088762471053,True,False
145,0.5851052482732992,0.7818216413646221,0.19671639309132283,True,False
146,0.5750240002463206,0.730696342487998,0.15567234224167736,True,False
147,0.5455080838347026,0.6563936511121808,0.11088556727747823,True,False
148,0.5706371239943074,0.5225495894617334,-0.04808753453257408,False,False
149,0.5382941832247385,0.6908103215579166,0.152516138333178,True,False
150,0.5474816854442911,0.7746551242197578,0.2271734387754667,True,False
151,0.5760020807770011,0.72367692980123,0.1476748490242289,True,False
152,0.5582342647367701,0.7443974221984367,0.18616315746166667,True,False
153,0.557063323900358,0.5180357489066768,-0.03902757499368115,False,False
154,0.5851301366051443,0.8403109860092371,0.2551808494040928,True,False
155,0.5830729676491686,0.841417498377938,0.2583445307287694,True,False
156,0.5837865449796444,0.7430233246342353,0.15923677965459082,True,False
157,0.5287582216004522,0.7810558791800132,0.252297657579561,True,False
158,0.5567573974204114,0.867356276391885,0.31059887897147354,True,False
159,0.5496513856836954,0.8104074121840293,0.2607560265003339,True,False
160,0.558177284721288,0.7100087989112434,0.15183151418995533,True,False
161,0.5339378694218563,0.7218799853930604,0.18794211597120414,True,False
162,0.5304761348985676,0.6316810052144036,0.10120487031583603,True,False
163,0.5591005507939838,0.6345192558180185,0.0754187050240347,True,False
164,0.5702265394673515,0.7703120322126985,0.20008549274534704,True,False
165,0.5285635392466754,0.6502814217114311,0.12171788246475568,True,False
166,0.5438130483675386,0.6222689321925647,0.07845588382502611,True,False
167,0.5742409026026201,0.7532723474096786,0.17903144480705857,True,False
168,0.552212118131982,0.7117665470957653,0.15955442896378325,True,False
169,0.542393509246563,0.5879357640444279,0.04554225479786489,True,False
170,0.5244809871995535,0.773600607226484,0.24911962002693055,True,False
171,0.5610222821893077,0.7485660675692907,0.18754378537998295,True,False
172,0.5956905139539815,0.8859049661538658,0.2902144521998843,True,False
173,0.5459097833942383,0.7893911389815744,0.24348135558733608,True,False
174,0.5458726762212757,0.6080513284377801,0.062178652216504426,True,False
175,0.5030543563854483,0.768524544840746,0.2654701884552977,True,False
176,0.5536013874401478,0.3590911994361913,-0.19451018800395647,False,False
177,0.5818665310025446,0.8481065206032049,0.2662399896006603,True,False
178,0.5633689862586235,0.7017486424777475,0.13837965621912396,True,False
180,0.5733580313149709,0.7420819872064257,0.16872395589145484,True,False
181,0.5523759990708548,0.802481027916259,0.2501050288454042,True,False
182,0.5373724042438051,0.780297172980413,0.24292476873660795,True,False
183,0.5545729384575686,0.7261133838058895,0.1715404453483209,True,False
184,0.5871484875630295,0.6658776269718657,0.07872913940883619,True,False
185,0.5572030184418371,0.4663294923256594,-0.09087352611617766,False,False
186,0.5422263516684369,0.5533868637494924,0.011160512081055507,True,False
187,0.5753846002567249,0.637941627141743,0.06255702688501807,True,False
188,0.5596791803436255,0.6770291579107042,0.11734997756707866,True,False
189,0.5527850866907236,0.6851078197600445,0.13232273306932096,True,False
190,0.5979472669197934,0.6907537205037639,0.09280645358397055,True,False
191,0.5539944369197461,0.6189190887509042,0.06492465183115803,True,False
192,0.536740474734549,0.6953334902588796,0.15859301552433058,True,False
193,0.5206080440856895,0.751232863680589,0.23062481959489944,True,False
194,0.5525179189407085,0.5299492172808326,-0.0225687016598759,False,False
195,0.5179843790948799,0.7592217864251809,0.24123740733030097,True,False
196,0.567381435520616,0.8321480501781133,0.2647666146574973,True,False
197,0.5836513598647337,0.7923676915828551,0.20871633171812143,True,False
198,0.541190844951851,0.6957441810916077,0.15455333613975675,True,False
199,0.5822388988282272,0.5619798879928062,-0.020259010835421032,False,False
200,0.5842271424119807,0.5749864927381,-0.009240649673880719,False,False
201,0.5660827384772997,0.6703396968194676,0.10425695834216786,True,False
202,0.5399370550750818,0.5838953351160201,0.04395828004093827,True,False
203,0.5789677799606389,0.5432470421144308,-0.035720737846208106,False,False
204,0.5609130545651485,0.7545128449316896,0.19359979036654107,True,False
205,0.53529993711102,0.846460126413717,0.31116018930269707,True,False
206,0.5245641127136788,0.8793408843085586,0.35477677159487986,True,False
207,0.5875927705318257,0.46273975714913956,-0.12485301338268612,False,False
208,0.55632377019337,0.7924279829930055,0.23610421279963556,True,False
209,0.5591743335994945,0.6792187227327203,0.12004438913322579,True,False
210,0.5256612762578194,0.27643188709167815,-0.2492293891661413,False,False
211,0.5631387609343654,0.42633284507441604,-0.1368059158599494,False,False
212,0.5632626984645741,0.6270745164814656,0.06381181801689151,True,False
213,0.5313227473153987,0.6547956247911388,0.1234728774757401,True,False
214,0.5533320815742669,0.475496600109377,-0.07783548146488994,False,False
215,0.5463754152075895,0.6540011848277787,0.10762576962018922,True,False
216,0.5411693592010984,0.6931347878321752,0.15196542863107676,True,False
217,0.5597002471149267,0.6711835753508627,0.11148332823593599,True,False
218,0.5620244144300305,0.7160545568180079,0.1540301423879774,True,False
219,0.5612083339701273,0.7297161602386067,0.1685078262684795,True,False
220,0.5294271483010602,0.7317749518830354,0.20234780358197524,True,False
221,0.5284201957282322,0.6754460403529694,0.14702584462473722,True,False
222,0.5512023201364409,0.7655967109531658,0.21439439081672496,True,False
223,0.5367067020735093,0.6595573314846178,0.12285062941110847,True,False
224,0.5693521747306611,0.8291958902192114,0.25984371548855023,True,False
225,0.5180905925614442,0.6948037808540016,0.17671318829255744,True,False
226,0.5919019962022886,0.7906174217896192,0.19871542558733069,True,False
227,0.5733869546079423,0.813870769330755,0.24048381472281266,True,False
228,0.5506517255758783,0.6284781067399344,0.07782638116405616,True,False
229,0.5559012888230058,0.7299890011014146,0.1740877122784088,True,False
230,0.529925687056553,0.6810035062769125,0.15107781922035957,True,False
231,0.5576091667860179,0.7821328467764199,0.22452367999040201,True,False
232,0.538498090015511,0.6461471387954045,0.10764904877989356,True,False
233,0.5412992788236711,0.7842814805124104,0.2429822016887393,True,False
234,0.5176905520039654,0.7246845344312755,0.20699398242731004,True,False
235,0.5379336450390575,0.7475567011440314,0.2096230561049739,True,False
236,0.5596992545874729,0.781763449509743,0.22206419492227003,True,False
237,0.5623645347236778,0.6942327665710452,0.1318682318473674,True,False
238,0.5559502194990145,0.6960152523668929,0.14006503286787841,True,False
239,0.5634523073255533,0.7983840327726718,0.2349317254471185,True,False
240,0.5595604721719776,0.8386622137483042,0.2791017415763266,True,False
241,0.558958309813409,0.7107550121027744,0.15179670228936537,True,False
242,0.5399202162367979,0.7762288302917473,0.2363086140549494,True,False
243,0.5258966710752746,0.796018235875585,0.27012156480031035,True,False
244,0.5456201167815299,0.8334219715390802,0.28780185475755027,True,False
245,0.5628039617282644,0.7978319223463676,0.23502796061810316,True,False
246,0.5650228005211096,0.7712411917578176,0.20621839123670793,True,False
247,0.5655575355082015,0.7930087557777414,0.2274512202695399,True,False
248,0.5598659592087579,0.6582749912149113,0.09840903200615336,True,False
249,0.5964879414598134,0.6038664399701439,0.007378498510330456,True,False
250,0.560683639569626,0.4875112701655695,-0.07317236940405647,False,False
251,0.5421773060070051,0.7602574226088872,0.2180801166018821,True,False
252,0.5817941789191032,0.5636694536013507,-0.018124725317752555,False,False
253,0.568986763940675,0.8141688284718928,0.2451820645312177,True,False
254,0.5842802814156193,0.7255632244599713,0.14128294304435207,True,False
255,0.5340747591333442,0.6435933301442106,0.10951857101086637,True,False
256,0.5688830293009347,0.5553622835494898,-0.013520745751444907,False,False
257,0.5423214330829165,0.7004732433520909,0.15815181026917446,True,False
258,0.548943544808535,0.788646002695709,0.23970245788717393,True,False
259,0.5760584654606056,0.7943483781330931,0.21828991267248754,True,False
260,0.5188415732250946,0.3505939533122774,-0.16824761991281723,False,False
261,0.5709669190578683,0.4641564178852924,-0.10681050117257596,False,False
262,0.5909913069759688,0.5436639033998999,-0.047327403576068905,False,False
263,0.5657063629648291,0.8092403194329829,0.2435339564681538,True,False
264,0.5431792303487525,0.7050507819722636,0.16187155162351108,True,False
265,0.5747355556163003,0.8230801995662932,0.2483446439499929,True,False
266,0.5512229168772467,0.8329163197440155,0.2816934028667688,True,False
267,0.5363484980140847,0.7923375688993509,0.25598907088526623,True,False
268,0.5619397028712803,0.6823594065158206,0.12041970364454035,True,False
269,0.545842697837231,0.6837162340373193,0.13787353620008824,True,False
270,0.5567025235986331,0.8054056237955113,0.24870310019687814,True,False
271,0.5628619079092225,0.7282273294952593,0.16536542158603673,True,False
272,0.5800442255739431,0.6827097205112693,0.10266549493732624,True,False
273,0.5618591214107108,0.5506320189833379,-0.011227102427372904,False,False
274,0.5106136094401726,0.7892456397786538,0.27863203033848116,True,False
275,0.5940830729401756,0.6844345139689707,0.09035144102879511,True,False
276,0.5314953565532816,0.6609151706000199,0.1294198140467383,True,False
277,0.5598128424234701,0.7807160493710722,0.22090320694760213,True,False
278,0.5421448687814963,0.32817176885545785,-0.2139730999260384,False,False
279,0.5491680207670676,0.7211717956184484,0.17200377485138074,True,False
280,0.539233801194571,0.7838000379521667,0.2445662367575957,True,False
281,0.5752213732307397,0.7364010442188034,0.16117967098806363,True,False
282,0.5544236539684707,0.5662509903692117,0.011827336400740962,True,False
283,0.549137867037868,0.6903019321830394,0.14116406514517132,True,False
284,0.551993892768926,0.7016319318197777,0.1496380390508517,True,False
285,0.5715611281389461,0.7833140408487197,0.2117529127097736,True,False
286,0.5611818914684519,0.8747105101553344,0.31352861868688253,True,False
287,0.5724097024112321,0.7194878566913453,0.14707815428011317,True,False
288,0.585135866584591,0.6324922258547403,0.04735635927014925,True,False
289,0.5873706281392671,0.732247414591234,0.1448767864519669,True,False
290,0.5652993598026326,0.7261546904542353,0.16085533065160273,True,False
291,0.5778175275848605,0.731559235589093,0.15374170800423248,True,False
292,0.5607080734232519,0.7319134361452528,0.17120536272200093,True,False
293,0.5386912258440322,0.8168237864775929,0.27813256063356073,True,False
294,0.5583870422139162,0.6457523213215746,0.08736527910765834,True,False
295,0.5666474896570217,0.8312545220399213,0.2646070323828996,True,False
296,0.544719546930667,0.6565402263866459,0.11182067945597884,True,False
297,0.5913359391790969,0.7290080662768976,0.13767212709780074,True,False
298,0.5767389824056549,0.6769303007571065,0.10019131835145156,True,False
299,0.5889599400795418,0.8740140410711869,0.2850541009916451,True,False
300,0.532775284135206,0.6411466907040869,0.10837140656888089,True,False
301,0.5427301008425627,0.5505905389352971,0.0078604380927344,True,False
302,0.5627674254834769,0.7991178430743537,0.23635041759087683,True,False
303,0.5588337991261308,0.6914673590181084,0.13263355989197756,True,False
304,0.5810244305507479,0.6432912527829778,0.0622668222322299,True,False
305,0.5231505913212083,0.7054944863947841,0.18234389507357573,True,False
306,0.5740409358820886,0.6231334968985427,0.049092561016454095,True,False
307,0.5729813718382042,0.7945528634714408,0.22157149163323664,True,False
308,0.5500740023130397,0.586161024384268,0.03608702207122827,True,False
309,0.5808997458069597,0.7592637493944777,0.17836400358751803,True,False
310,0.5893389614911463,0.5264580433016358,-0.06288091818951047,False,False
311,0.5494460428695692,0.9454480951315345,0.3960020522619653,True,False
312,0.5536961759037154,0.7703924275413307,0.2166962516376153,True,False
313,0.5841560082942586,0.7077092420446931,0.12355323375043448,True,False
314,0.5837209486741018,0.7845521413861151,0.20083119271201322,True,False
315,0.572227734706141,0.7235529525979235,0.15132521789178255,True,False
316,0.5563800941572465,0.5150209667901068,-0.04135912736713976,False,False
317,0.5640432901891068,0.8488812602389887,0.2848379700498819,True,False
318,0.5288150898559368,0.7369663329283668,0.20815124307242994,True,False
319,0.5549277740790379,0.809868897086789,0.25494112300775107,True,False
320,0.5735851003702953,0.5725806802113174,-0.0010044201589779478,False,False
321,0.5810409350898688,0.6693392570119624,0.08829832192209364,True,False
322,0.5349676682428122,0.7954647197615403,0.26049705151872815,True,False
323,0.5516608870081285,0.733376505238944,0.1817156182308155,True,False
324,0.5588416210913648,0.7760188646096414,0.2171772435182766,True,False
325,0.5821905944393461,0.4892236238230482,-0.09296697061629788,False,False
326,0.5135767523120769,0.7870455546318819,0.27346880231980497,True,False
327,0.5697251047310857,0.7458937609124305,0.1761686561813448,True,False
328,0.5639465781945002,0.5199668257074702,-0.04397975248703001,False,False
329,0.5663612888814106,0.7157293286326513,0.1493680397512407,True,False
330,0.5342681228062239,0.6933168798795113,0.15904875707328736,True,False
331,0.5586663276068778,0.7002893479158778,0.14162302030899998,True,False
332,0.5801246133379374,0.7793357916243736,0.1992111782864362,True,False
333,0.5616309557746844,0.726983141239094,0.16535218546440966,True,False
334,0.5715705613913191,0.5477306332019976,-0.02383992818932157,False,False
335,0.5606831889994204,0.8265031289987433,0.26581993999932296,True,False
336,0.5563661628017929,0.4140082190006871,-0.14235794380110572,False,False
337,0.5659334643727397,0.6344721109163042,0.06853864654356445,True,False
338,0.5333272614598737,0.7587456446388885,0.22541838317901475,True,False
339,0.5618521180594334,0.7133552702922987,0.15150315223286537,True,False
340,0.586132492246077,0.7278174993286188,0.14168500708254184,True,False
341,0.5669035136669413,0.8319600233537168,0.2650565096867755,True,False
342,0.556531720949572,0.7037052772850303,0.14717355633545826,True,False
343,0.5218947058580207,0.5995608398656042,0.07766613400758349,True,False
344,0.5416198531250576,0.7949040255916289,0.2532841724665713,True,False
345,0.5827280008024678,0.7939587341656132,0.21123073336314546,True,False
346,0.5509367357399978,0.7598097960223312,0.20887306028233343,True,False
347,0.5796825974446665,0.8131793977580739,0.23349680031340736,True,False
348,0.559743658670892,0.7203184940163007,0.16057483534540862,True,False
349,0.5492561562346441,0.7802485711505751,0.23099241491593103,True,False
350,0.5650420865299052,0.7099216771735501,0.14487959064364497,True,False
351,0.5662369526884591,0.6283114859772123,0.06207453328875323,True,False
352,0.5335301681621908,0.49852289739737476,-0.03500727076481602,False,False
353,0.5678027143522189,0.9070466041067656,0.3392438897545468,True,False
354,0.5744345389114991,0.7176653470124027,0.1432308081009036,True,False
355,0.5755899143589756,0.6603883770049469,0.08479846264597135,True,False
356,0.5959176491413833,0.5935083029036501,-0.0024093462377332564,False,False
357,0.5835679883796975,0.6625826728880668,0.07901468450836935,True,False
358,0.5332860172548879,0.8060103135891106,0.2727242963342227,True,False
359,0.5567567523268472,0.6410789107787741,0.08432215845192692,True,False
360,0.5400746460205987,0.8493653421623125,0.3092906961417138,True,False
361,0.5508614939855652,0.7541088048078646,0.2032473108222994,True,False
362,0.5529172577060897,0.7347368840162142,0.1818196263101245,True,False
363,0.5578325472562987,0.5061123268633825,-0.05172022039291624,False,False
364,0.555807278216196,0.7495604597189621,0.1937531815027661,True,False
365,0.5424550481903612,0.698685075900193,0.15623002770983185,True,False
366,0.5600666468461397,0.7604769192904457,0.20041027244430598,True,False
367,0.5637321955827407,0.7710870656171425,0.20735487003440178,True,False
368,0.5604626436786312,0.6984525501493261,0.13798990647069487,True,False
369,0.560289075495305,0.5912790201536166,0.030989944658311508,True,False
370,0.5171353427810217,0.6998039224767972,0.18266857969577555,True,False
371,0.5826992959011582,0.8116258694173336,0.2289265735161754,True,False
372,0.5658831084242365,0.4264260278412948,-0.1394570805829417,False,False
373,0.5489669069519891,0.8665839025986533,0.3176169956466641,True,False
374,0.5421714638610107,0.7987308753570437,0.256559411496033,True,False
375,0.5073138148883453,0.7759134662822439,0.26859965139389863,True,False
376,0.5692298740737047,0.731294720576239,0.16206484650253428,True,False
377,0.519149157288665,0.8338809982079571,0.3147318409192922,True,False
378,0.5432504225665304,0.7901773664274561,0.24692694386092562,True,False
379,0.58521027985427,0.6576707629073115,0.07246048305304154,True,False
380,0.5510762449695458,0.669878988359303,0.11880274338975727,True,False
381,0.5565388609425227,0.6435502575982104,0.08701139665568769,True,False
382,0.5486981125833853,0.6512944896179782,0.1025963770345929,True,False
383,0.5395099498689094,0.8022831176411181,0.2627731677722087,True,False
384,0.580175395083663,0.8749490265040697,0.2947736314204067,True,False
385,0.5183042276858754,0.8182450600200389,0.2999408323341636,True,False
386,0.5741092229793895,0.7856765761120319,0.2115673531326424,True,False
387,0.5756620739045182,0.7013807509739758,0.1257186770694576,True,False
388,0.5426531149267706,0.7063110746904868,0.16365795976371622,True,False
389,0.5632525721164449,0.6512898078750752,0.08803723575863032,True,False
390,0.538181777351623,0.8291478333540386,0.29096605600241565,True,False
391,0.5676092229646627,0.7525229695523089,0.18491374658764625,True,False
392,0.5367375254439455,0.7444068044982624,0.20766927905431687,True,False
393,0.5665149015078659,0.7734415164122876,0.20692661490442177,True,False
394,0.5255822135848713,0.552000133698307,0.02641792011343569,True,False
395,0.5522921626421016,0.6755514100951878,0.12325924745308625,True,False
396,0.5502255403355509,0.5743878684754142,0.0241623281398633,True,False
397,0.5208610239850004,0.8591170811035422,0.3382560571185418,True,False
398,0.5676141665568527,0.7673167877607744,0.19970262120392168,True,False
399,0.5808785947265872,0.6854949623576948,0.1046163676311076,True,False
400,0.5815141994797692,0.8764628522738395,0.29494865279407023,True,False
401,0.5828812372178205,0.686080409529855,0.10319917231203457,True,False
402,0.5401245519550015,0.6173252318369945,0.07720067988199297,True,False
403,0.5506983317491712,0.7240358280946453,0.17333749634547413,True,False
404,0.5649538101529167,0.7453818034218767,0.18042799326895997,True,False
405,0.599258561666307,0.6420487795699467,0.04279021790363968,True,False
406,0.5363930393577963,0.7604975007576594,0.22410446139986318,True,False
407,0.5428411550669432,0.7830874162403861,0.24024626117344294,True,False
408,0.5227417139982726,0.7410939480462402,0.21835223404796755,True,False
409,0.5489296923145301,0.6342678243016964,0.08533813198716622,True,False
410,0.5476287818233923,0.6072904940867848,0.05966171226339256,True,False
411,0.5473711889225341,0.7363623408497583,0.18899115192722415,True,False
412,0.5581964573696039,0.6601247505621322,0.10192829319252827,True,False
413,0.540367043436886,0.6687741375680148,0.12840709413112883,True,False
414,0.5288088005870817,0.9505846312636803,0.42177583067659863,True,False
415,0.5667923423189695,0.7632263296847498,0.19643398736578033,True,False
416,0.5651006468393617,0.8203758183639663,0.25527517152460466,True,False
417,0.5663575437590279,0.730734312236593,0.1643767684775651,True,False
418,0.5764764267748024,0.8426411812717001,0.2661647544968977,True,False
419,0.5520868115540944,0.8354646986872049,0.2833778871331104,True,False
420,0.5720925605835164,0.8042843113443372,0.23219175076082077,True,False
421,0.5524343326306832,0.5634413063812265,0.01100697375054327,True,False
422,0.566751657853707,0.7799871913384644,0.21323553348475743,True,False
423,0.5679510724799716,0.6322397304244302,0.0642886579444586,True,False
424,0.5447421466680961,0.7083418500107901,0.16359970334269403,True,False
425,0.5726076236401102,0.6508266521589955,0.07821902851888529,True,False
426,0.5724828217423386,0.5439694566787753,-0.02851336506356328,False,False
427,0.559646712655803,0.5529878228241343,-0.006658889831668735,False,False
428,0.5525714620472963,0.7209594467988453,0.16838798475154892,True,False
429,0.5499087712078794,0.725155077154848,0.17524630594696855,True,False
430,0.5724619297076956,0.6083192276106305,0.035857297902934904,True,False
431,0.5353534217849907,0.8321867418464315,0.2968333200614408,True,False
432,0.5664035921973123,0.4083431452816616,-0.1580604469156507,False,False
433,0.5516407137455571,0.5885587008081219,0.03691798706256477,True,False
434,0.5573781127654558,0.7534233876845664,0.1960452749191106,True,False
435,0.569838281831112,0.5748298677132853,0.0049915858821732995,True,False
436,0.5819788147714204,0.5351820350452996,-0.04679677972612084,False,False
437,0.556057002233944,0.8532210823720582,0.29716408013811413,True,False
438,0.5532823111107047,0.6549770631057219,0.10169475199501721,True,False
439,0.589380128926714,0.613221008063232,0.023840879136518,True,False
440,0.5662290307845655,0.7210763823430378,0.1548473515584723,True,False
441,0.5412384057369632,0.8068476399380262,0.26560923420106297,True,False
442,0.52205859135089,0.7076199120956699,0.18556132074477993,True,False
443,0.5772905429224462,0.9199322275580719,0.3426416846356257,True,False
444,0.5717388047887644,0.7881081997485974,0.21636939495983298,True,False
445,0.5745089963830392,0.797828390335795,0.2233193939527558,True,False
446,0.5784368124160109,0.8199356553438395,0.24149884292782864,True,False
447,0.5834764262419898,0.7039513014597701,0.12047487521778033,True,False
448,0.5413690247974585,0.765406115763782,0.22403709096632352,True,False
449,0.5636084961424671,0.6499221181858292,0.08631362204336213,True,False
450,0.5531400096677189,0.821209627212224,0.2680696175445051,True,False
451,0.5325442559115426,0.7745719940403611,0.2420277381288185,True,False
452,0.5518639919671339,0.6465769819921108,0.0947129900249769,True,False
453,0.5419755831956854,0.7831546486436126,0.24117906544792722,True,False
454,0.5637169096342677,0.6287230752166443,0.0650061655823766,True,False
455,0.5537752732796496,0.7856315226800401,0.2318562494003905,True,False
456,0.5317099323175395,0.7368242265928764,0.2051142942753369,True,False
457,0.5395398008781904,0.7159180350235735,0.17637823414538312,True,False
458,0.5493189361337866,0.6397564304967558,0.09043749436296922,True,False
459,0.529203393012471,0.72381054870333,0.19460715569085896,True,False
460,0.5695157706539429,0.6551683023741355,0.0856525317201926,True,False
461,0.5495133620377167,0.7791629297373898,0.22964956769967304,True,False
462,0.5326446567216206,0.6372773086227856,0.104632651901165,True,False
463,0.5437467462537664,0.5900169754274698,0.04627022917370338,True,False
464,0.5421079663634282,0.7757209367221651,0.23361297035873696,True,False
465,0.5558367843531776,0.825869847789123,0.27003306343594535,True,False
466,0.5480828646845152,0.8230890499121027,0.2750061852275876,True,False
467,0.5751553749084869,0.8750887865015015,0.29993341159301456,True,False
468,0.5493650695465928,0.7731473256825911,0.22378225613599834,True,False
469,0.5661851012914851,0.8536863360242131,0.28750123473272793,True,False
470,0.5431877769502451,0.6198575870317319,0.07666981008148677,True,False
471,0.5178478849551807,0.6106064383168781,0.09275855336169736,True,False
472,0.5791651681323423,0.8537144476805095,0.2745492795481672,True,False
473,0.5655729809408402,0.7439538717624461,0.1783808908216059,True,False
474,0.5663626583469336,0.6153325349316613,0.048969876584727734,True,False
475,0.5516890375565073,0.5726277623629856,0.020938724806478293,True,False
476,0.5233618953799353,0.4450877084442354,-0.07827418693569987,False,False
477,0.5698731991465563,0.434072013631698,-0.1358011855148583,False,False
478,0.5621718465076134,0.8224550256511588,0.2602831791435454,True,False
479,0.5268319381523151,0.746029892554532,0.2191979544022169,True,False
480,0.5446286726346155,0.8018213293569861,0.2571926567223707,True,False
481,0.5525840813491759,0.6609085081418836,0.1083244267927077,True,False
482,0.5643222757288858,0.6720034647240166,0.1076811889951308,True,False
483,0.558363683993704,0.8100827861070943,0.2517191021133903,True,False
484,0.5787771619904194,0.6451923739614976,0.06641521197107825,True,False
485,0.5563702375246237,0.729507912100748,0.17313767457612428,True,False
486,0.5661526813081348,0.7620091946137414,0.1958565133056066,True,False
487,0.5443493627902593,0.8886769194976539,0.3443275567073947,True,False
488,0.5556358353363984,0.8654363466126962,0.3098005112762978,True,False
489,0.5675835116423257,0.9532802509783103,0.3856967393359846,True,False
490,0.5496557719465792,0.6764956007595783,0.12683982881299904,True,False
491,0.5640179794476592,0.7852878950256641,0.2212699155780049,True,False
492,0.5192906802696299,0.5378902340132053,0.01859955374357547,True,False
493,0.5665450646279888,0.6984752061196319,0.13193014149164306,True,False
494,0.5627642439975247,0.5761294439447898,0.01336519994726515,True,False
495,0.5749991304335392,0.6821551553459712,0.10715602491243192,True,False
496,0.5603633314153946,0.713515414410339,0.15315208299494443,True,False
497,0.6005622214332373,0.713926538727687,0.11336431729444962,True,False
498,0.5646947950794484,0.7213043190492349,0.15660952396978645,True,False
499,0.531179945628433,0.7165601667111868,0.18538022108275387,True,False
500,0.5508104495801625,0.6872290402312824,0.13641859065111994,True,False
501,0.5443883198029227,0.9037128911392995,0.35932457133637685,True,False
502,0.5118488765297989,0.9258269419927396,0.4139780654629407,True,False
503,0.5868084261792721,0.814799364097104,0.22799093791783187,True,False
504,0.5841407145500724,0.7891804386407179,0.20503972409064541,True,False
505,0.5569361048660714,0.7438326038797797,0.1868964990137083,True,False
506,0.5699113032911868,0.6973881718391388,0.12747686854795204,True,False
507,0.5330942266569916,0.8060515567200877,0.2729573300630961,True,False
508,0.553704735479615,0.7098678987368324,0.15616316325721746,True,False
509,0.5664205312782155,0.6319305400141924,0.0655100087359769,True,False
510,0.5977806489665215,0.6480925263152787,0.050311877348757195,True,False
511,0.5738043909623223,0.7070241643499753,0.133219773387653,True,False
512,0.5711059943510821,0.6054836158937129,0.0343776215426308,True,False
513,0.5750779763197176,0.7392121174033341,0.16413414108361657,True,False
514,0.5710170237165371,0.7665236876361613,0.19550666391962424,True,False
515,0.5610114061690173,0.7470002176646717,0.18598881149565438,True,False
516,0.5524884794080305,0.5178725282332941,-0.03461595117473637,False,False
517,0.567415343603885,0.7137912119457394,0.14637586834185434,True,False
518,0.5825368849837421,0.7119724322736403,0.12943554728989815,True,False
519,0.5638491257127015,0.7978811352080438,0.2340320094953423,True,False
520,0.5489835139603189,0.7270361874316288,0.17805267347130993,True,False
521,0.5685924031700668,0.8195126035150478,0.2509202003449811,True,False
522,0.5648287510135921,0.6000614210197074,0.035232670006115296,True,False
523,0.5497332079677367,0.7288850457647622,0.17915183779702548,True,False
524,0.553787908662313,0.6624793769910038,0.10869146832869081,True,False
525,0.5617168827494817,0.7586002973993055,0.19688341464982373,True,False
526,0.5335656667769496,0.7435160108521651,0.2099503440752155,True,False
527,0.5497609103600415,0.801342221010106,0.2515813106500645,True,False
528,0.5996810822937101,0.6530036791053734,0.05332259681166329,True,False
529,0.5698077466622988,0.8564677872727148,0.28666004061041594,True,False
530,0.568086883260702,0.7807019553036282,0.21261507204292618,True,False
531,0.5379044709300718,0.7043423499599579,0.16643787902988616,True,False
532,0.5801429545108112,0.5680113659985501,-0.012131588512261149,False,False
533,0.5709221940630211,0.686657340063951,0.11573514600092982,True,False
534,0.5618016835644011,0.7433492036220306,0.18154752005762953,True,False
535,0.5758264922880366,0.74987565578214,0.17404916349410338,True,False
536,0.577555294544643,0.652014134637698,0.07445884009305492,True,False
537,0.5477608442746554,0.7813207057617101,0.23355986148705465,True,False
538,0.5600339244052384,0.7052590960303521,0.14522517162511372,True,False
539,0.5341039424683102,0.7174746103388899,0.18337066787057976,True,False
540,0.5752021477529529,0.8408311977380518,0.26562904998509895,True,False
541,0.5621718889712679,0.7660992450390631,0.20392735606779522,True,False
542,0.5922167665285214,0.6848713414807286,0.09265457495220719,True,False
543,0.5532253582333806,0.4574944346246785,-0.09573092360870211,False,False
544,0.5565499267100504,0.7517737556542684,0.19522382894421797,True,False
545,0.5617018893951987,0.6921891657994862,0.13048727640428748,True,False
546,0.5704049805681379,0.7943252321729967,0.22392025160485873,True,False
547,0.591592824974452,0.6450975535901473,0.05350472861569533,True,False
548,0.5798344842544944,0.38609001715216296,-0.1937444671023314,False,False
549,0.50373463823878,0.7127625188399072,0.2090278806011272,True,False
550,0.5578400756759359,0.758675774113671,0.2008356984377352,True,False
551,0.552980552851446,0.725203430967003,0.17222287811555703,True,False
552,0.5490580463226348,0.5762750836172672,0.02721703729463243,True,False
553,0.5700209229052045,0.5524879632888692,-0.017532959616335275,False,False
554,0.5983509782317639,0.6935849907337741,0.09523401250201025,True,False
555,0.5760950546261148,0.731340726689642,0.15524567206352724,True,False
556,0.5429019266933557,0.6683003458444131,0.12539841915105743,True,False
557,0.5789741655373468,0.8655909631817088,0.286616797644362,True,False
558,0.5423056522953124,0.7821318117044501,0.23982615940913776,True,False
560,0.5962548050246895,0.457896874649661,-0.13835793037502853,False,False
561,0.548197120751591,0.7678357733713431,0.21963865261975213,True,False
562,0.5483799239956979,0.8252870547278955,0.27690713073219764,True,False
564,0.5354806267924939,0.8398959573371906,0.3044153305446967,True,False
565,0.5624009796417695,0.6710874750613772,0.10868649541960773,True,False
566,0.5545709656194231,0.747104278929894,0.19253331331047085,True,False
567,0.5529153668511262,0.45846236938862606,-0.09445299746250013,False,False
568,0.5262726222718984,0.700945656187169,0.17467303391527056,True,False
569,0.5695514297905497,0.4038669295871339,-0.16568450020341585,False,False
570,0.606560214649326,0.5960868536526399,-0.010473360996686054,False,False
571,0.5783362409991549,0.7335877379456709,0.15525149694651597,True,False
572,0.5565586983610544,0.5081044374012933,-0.04845426095976113,False,False
573,0.5474260112255788,0.7301515161318437,0.18272550490626494,True,False
574,0.5297477848727401,0.8396599855056952,0.3099122006329551,True,False
575,0.5529904354104445,0.7442129985050108,0.1912225630945663,True,False
576,0.5635590544362563,0.7941813266876665,0.2306222722514102,True,False
577,0.5789851493920981,0.7630893174642939,0.18410416807219576,True,False
578,0.5671182749972695,0.8960891136946801,0.3289708386974106,True,False
579,0.577557250517436,0.7044003909241086,0.12684314040667255,True,False
580,0.5729813597883427,0.8185936874845671,0.24561232769622432,True,False
581,0.5871744278081191,0.6485166844959696,0.06134225668785043,True,False
582,0.6098656421757478,0.6211454507149482,0.011279808539200409,True,False
583,0.5450404664934928,0.6067761132380087,0.061735646744515926,True,False
584,0.5697838258323966,0.7648315353143402,0.1950477094819436,True,False
585,0.5221972181540387,0.7291001168711367,0.206902898717098,True,False
586,0.5527345716622905,0.8913498667710205,0.33861529510873,True,False
587,0.5284207725938453,0.7426543915024827,0.21423361890863735,True,False
588,0.5088031902029357,0.7394681960660364,0.23066500586310068,True,False
589,0.5646001172435109,0.6238454443256927,0.059245327082181776,True,False
590,0.5346769730455003,0.6929924694331225,0.1583154963876222,True,False
591,0.5316674890864495,0.7693091487308577,0.2376416596444082,True,False
592,0.5888615140594136,0.9376232971401315,0.3487617830807179,True,False
593,0.5588364901162493,0.6829851997537452,0.12414870963749591,True,False
594,0.5408587102413821,0.7147840974688616,0.17392538722747952,True,False
595,0.5460040079210259,0.7425090052557183,0.1965049973346924,True,False
596,0.5341846560387693,0.48567243822718975,-0.04851221781157955,False,False
597,0.5571138474597269,0.6687620116197213,0.11164816415999435,True,False
598,0.6029642758386712,0.8270179449908273,0.22405366915215608,True,False
599,0.543299458901599,0.8580241600697331,0.3147247011681341,True,False
600,0.5581167145072599,0.7312341736962066,0.17311745918894672,True,False
601,0.5845152315852351,0.673538439299468,0.08902320771423289,True,False
602,0.5768414042080806,0.4577089964530853,-0.11913240775499528,False,False
603,0.5338321036871758,0.6196613931810059,0.08582928949383006,True,False
604,0.5508347612540142,0.5579061891573829,0.007071427903368677,True,False
605,0.5554944440231812,0.5923725345913491,0.03687809056816793,True,False
606,0.549461968422298,0.6419892183378362,0.09252724991553818,True,False
607,0.5535715255091329,0.7798735352014672,0.22630200969233427,True,False
608,0.537961125839989,0.5714792361705138,0.033518110330524764,True,False
609,0.5743523419284084,0.7912031017370247,0.21685075980861623,True,False
610,0.563905813620267,0.768521190223829,0.204615376603562,True,False
611,0.5409775419045352,0.6784698218449415,0.13749227994040636,True,False
613,0.5637250030963191,0.7625314417801057,0.19880643868378656,True,False
614,0.5721943856914969,0.5668598413053777,-0.005334544386119244,False,False
615,0.5655639915868914,0.6275215035444998,0.06195751195760835,True,False
616,0.5532636484687121,0.8844367139428305,0.3311730654741184,True,False
617,0.5787175291944707,0.8597729379907477,0.281055408796277,True,False
618,0.5887042325640541,0.5610985727348571,-0.02760565982919705,False,False
619,0.5235292910651951,0.8273493172347877,0.3038200261695926,True,False
620,0.54937638070931,0.5448927398951108,-0.0044836408141992745,False,False
621,0.5598472186537577,0.7382744797686048,0.17842726111484708,True,False
622,0.5533501822758442,0.8032175734540089,0.2498673911781647,True,False
623,0.5533019144538432,0.7642987189830933,0.21099680452925007,True,False
624,0.5307947641679595,0.7974790920840175,0.266684327916058,True,False
625,0.5767680460490703,0.6738370831144315,0.09706903706536119,True,False
626,0.5754173855565929,0.7677073674231557,0.19228998186656276,True,False
627,0.5633340999440721,0.7210522857058366,0.15771818576176444,True,False
628,0.5717594616945676,0.6356086346602616,0.06384917296569403,True,False
629,0.5613756679542319,0.4078318086161785,-0.15354385933805337,False,False
630,0.574895078624451,0.7797846178157144,0.2048895391912634,True,False
631,0.5718026580822487,0.6612779066034064,0.08947524852115762,True,False
632,0.5712624234093361,0.5082909675500686,-0.06297145585926744,False,False
633,0.5262096752673259,0.6788596065902026,0.15264993132287674,True,False
634,0.5810848205259925,0.7043912373769948,0.1233064168510023,True,False
635,0.5661577549501361,0.7946347014066996,0.22847694645656347,True,False
636,0.539524884845298,0.4823908291473084,-0.05713405569798963,False,False
637,0.527161666661521,0.7377377824990525,0.21057611583753155,True,False
638,0.5423457899815338,0.6097925217823408,0.06744673180080696,True,False
639,0.54593746317368,0.6654753100251646,0.11953784685148461,True,False
640,0.5900273241279043,0.869252024435277,0.2792247003073728,True,False
641,0.5515266878371324,0.8153738194240845,0.26384713158695206,True,False
642,0.5820475555419933,0.6727469375411682,0.09069938199917493,True,False
643,0.5528915437779317,0.6810266406701051,0.1281350968921734,True,False
644,0.5450905133142576,0.7439031491265535,0.1988126358122959,True,False
645,0.5289833642411984,0.8646718056153238,0.33568844137412535,True,False
646,0.5236985798680197,0.5612352210653451,0.03753664119732536,True,False
647,0.5863749648562869,0.5136154476140816,-0.07275951724220531,False,False
648,0.5767247691176309,0.6938857017325225,0.11716093261489158,True,False
649,0.5510609067581723,0.7654417513342752,0.21438084457610285,True,False
650,0.5489299496800719,0.4894461633498763,-0.05948378633019563,False,False
651,0.5535577719180452,0.6102984801764106,0.05674070825836541,True,False
652,0.5615112578815503,0.48459361116030264,-0.07691764672124768,False,False
653,0.5715838971371183,0.6842478032733046,0.11266390613618626,True,False
654,0.5139529518204755,0.7767886050276861,0.2628356532072106,True,False
655,0.5782000536916003,0.8263357162209778,0.24813566252937747,True,False
656,0.544089862316477,0.7553853676720347,0.21129550535555763,True,False
657,0.5404516834641946,0.7569032321700961,0.21645154870590155,True,False
658,0.5770452453376806,0.7513044483841631,0.17425920304648246,True,False
659,0.5332407402672593,0.7107470511812306,0.1775063109139713,True,False
660,0.5661136937168393,0.7047600922101045,0.1386463984932652,True,False
661,0.5273507265122317,0.8698993279070898,0.3425486013948581,True,False
662,0.567668249180395,0.5183446105090945,-0.04932363867130052,False,False
663,0.5489089707734294,0.5327738643283175,-0.016135106445111846,False,False
664,0.5536820222396578,0.7681929806219672,0.21451095838230938,True,False
665,0.5631891766487016,0.7295085278052226,0.16631935115652097,True,False
666,0.5431824200280597,0.7906603002719294,0.24747788024386963,True,False
667,0.5581297919444589,0.7200513665612531,0.16192157461679424,True,False
668,0.5890739323649398,0.8295763454635011,0.24050241309856135,True,False
669,0.5597270964419218,0.5618362023820972,0.0021091059401754375,True,False
670,0.5650005553033837,0.8460940882794951,0.2810935329761114,True,False
671,0.5080120546533095,0.8174603243096067,0.30944826965629724,True,False
672,0.5534581942471077,0.8423702822900277,0.28891208804292,True,False
673,0.5609738820273524,0.7901436681945967,0.22916978616724426,True,False
674,0.5765598075128593,0.8187782632383609,0.2422184557255016,True,False
675,0.5696402441992476,0.7762563521391911,0.20661610793994345,True,False
676,0.5284867169698007,0.6795064472028541,0.15101973023305348,True,False
677,0.5512343464137864,0.6701270696432338,0.11889272322944733,True,False
678,0.5536257600853852,0.6353871026631156,0.08176134257773038,True,False
679,0.5470069571442454,0.739625763480782,0.1926188063365366,True,False
680,0.5572658936980186,0.8097515471024542,0.25248565340443563,True,False
681,0.5789934107856527,0.43974832162762223,-0.13924508915803047,False,False
682,0.5561644067911069,0.7740867610554479,0.21792235426434103,True,False
683,0.5448511347921179,0.7389537707948974,0.19410263600277955,True,False
684,0.5907305393311385,0.4710035071141146,-0.11972703221702391,False,False
685,0.554513956737455,0.6242414156530002,0.06972745891554522,True,False
686,0.5625614449662077,0.7359603170680109,0.17339887210180316,True,False
687,0.6132194815918388,0.6303127275823477,0.017093245990508876,True,False
688,0.5669352138040988,0.8238548944718606,0.2569196806677617,True,False
689,0.6056632651302851,0.525477917630301,-0.08018534749998407,False,False
690,0.5438792949246728,0.6087832069894914,0.0649039120648186,True,False
691,0.5682226549186421,0.7223715353635752,0.15414888044493313,True,False
692,0.5542659471953674,0.6511715785096339,0.09690563131426655,True,False
693,0.5680418365918977,0.6704481101404314,0.10240627354853371,True,False
694,0.565161395328711,0.7605361265422129,0.1953747312135019,True,False
695,0.5644920140892391,0.7832675767295274,0.2187755626402883,True,False
696,0.5310522875445863,0.704770406319268,0.17371811877468168,True,False
697,0.5547989380123538,0.7246816351127572,0.16988269710040338,True,False
698,0.529693454149025,0.6692987954944349,0.13960534134540992,True,False
699,0.5869307492976733,0.7337389355564105,0.14680818625873715,True,False
700,0.5706765232296307,0.8015695239341856,0.23089300070455487,True,False
701,0.536927235218645,0.7522650618950522,0.2153378266764071,True,False
702,0.5578001296500199,0.5941328309667225,0.03633270131670263,True,False
703,0.5901343764354484,0.7677001784269084,0.17756580199146,True,False
704,0.5846214733978072,0.6340580275304492,0.04943655413264192,True,False
705,0.5777561365234959,0.4805959022455969,-0.097160234277899,False,False
706,0.548033672156168,0.6789956618683952,0.13096198971222717,True,False
707,0.5585189585663012,0.755437743518069,0.19691878495176784,True,False
708,0.5712129731998031,0.717603526789276,0.14639055358947284,True,False
709,0.5523577872449169,0.6681690287564827,0.11581124151156574,True,False
710,0.5259716660736067,0.7221575236802517,0.19618585760664498,True,False
711,0.5115429133920566,0.8117780355986497,0.3002351222065931,True,False
712,0.5682518554801169,0.6963717636393472,0.12811990815923024,True,False
713,0.579374471559013,0.7281584637004389,0.1487839921414259,True,False
714,0.6087699585128403,0.6184430244943075,0.009673065981467222,True,False
715,0.5997952752019468,0.8073400569170637,0.20754478171511692,True,False
716,0.5682652967688818,0.642421727836512,0.07415643106763015,True,False
717,0.5733987023135058,0.5238746442755698,-0.049524058037935914,False,False
718,0.5769900786570843,0.5787532174513261,0.0017631387942418364,True,False
719,0.5771099084821262,0.8159650493391397,0.23885514085701354,True,False
720,0.5217228888146652,0.7567709742934424,0.2350480854787772,True,False
721,0.5858282949788206,0.7306458672226575,0.14481757224383685,True,False
722,0.5679999289903077,0.7834047600368937,0.21540483104658603,True,False
723,0.5391558009330614,0.7574714878491471,0.21831568691608572,True,False
724,0.5556545313764241,0.6233785968201536,0.06772406544372955,True,False
725,0.5666911364612729,0.8422434018338418,0.27555226537256894,True,False
726,0.5863777431239314,0.6365775357908522,0.05019979266692076,True,False
727,0.5542179239183334,0.746348411045372,0.19213048712703862,True,False
728,0.5433923356328612,0.6620068231893955,0.11861448755653436,True,False
729,0.5500170709080556,0.616078475715271,0.06606140480721534,True,False
730,0.5239511998134122,0.737090075710384,0.21313887589697178,True,False
731,0.5574717934132011,0.49473220863511197,-0.06273958477808911,False,False
732,0.5372495521062376,0.4155184236610435,-0.12173112844519407,False,False
733,0.5581068036091478,0.7297404519618258,0.17163364835267803,True,False
734,0.5534049324054238,0.5288203425789669,-0.024584589826456837,False,False
735,0.570058553012095,0.699959294499053,0.12990074148695807,True,False
736,0.5643018668330516,0.738494129664155,0.17419226283110334,True,False
737,0.5331260618122655,0.8363525128068945,0.30322645099462897,True,False
738,0.5748201921505626,0.5596213988673314,-0.015198793283231149,False,False
739,0.525082906445449,0.6764891857322696,0.1514062792868206,True,False
740,0.5810325380774927,0.5836071438893514,0.0025746058118587545,True,False
741,0.5894306229180888,0.2808406885735591,-0.3085899343445297,False,False
742,0.5402053159434748,0.5850632610049559,0.04485794506148111,True,False
743,0.5612346190493954,0.7367524828771588,0.17551786382776335,True,False
744,0.5739322571720513,0.6360652497345665,0.062132992562515144,True,False
745,0.5716544006882756,0.6745083935737466,0.10285399288547104,True,False
746,0.5923528639204763,0.6677468673057028,0.0753940033852265,True,False
747,0.5819206718638261,0.7005740093493004,0.11865333748547424,True,False
748,0.5368964556459924,0.8314480209696066,0.29455156532361415,True,False
749,0.5745064399453025,0.6732244121296209,0.09871797218431844,True,False
750,0.5729673955621662,0.8029174814881855,0.2299500859260193,True,False
751,0.5615462077561435,0.742231805306794,0.1806855975506505,True,False
752,0.5553003152842603,0.7193547764996909,0.16405446121543066,True,False
753,0.5982119370976396,0.47866480259307104,-0.11954713450456861,False,False
754,0.5624942269765031,0.6879638694190522,0.1254696424425491,True,False
755,0.56907377025276,0.8153806854211659,0.24630691516840597,True,False
756,0.5382862488103703,0.7907414643127154,0.25245521550234507,True,False
757,0.5741645577478941,0.6887842433719559,0.11461968562406177,True,False
758,0.5830443770153418,0.7450361516366402,0.16199177462129832,True,False
759,0.556447555509568,0.5626170237153562,0.00616946820578812,True,False
760,0.5510413874692468,0.7183218149719685,0.16728042750272165,True,False
761,0.5325151510143387,0.852931351213606,0.3204162001992673,True,False
762,0.5629782352219364,0.6893016296691704,0.12632339444723406,True,False
763,0.5743546703189351,0.8383771440199574,0.2640224737010224,True,False
764,0.5602616775007931,0.5486829749446077,-0.011578702556185427,False,False
765,0.5280945807259101,0.6196298349966187,0.09153525427070863,True,False
766,0.5379271015753738,0.7962344694783249,0.25830736790295106,True,False
767,0.5673317642492792,0.7397065341913824,0.1723747699421032,True,False
768,0.5564553095788682,0.7334439981480917,0.17698868856922345,True,False
769,0.534921475921846,0.8557224653819995,0.32080098946015345,True,False
770,0.5404297004547794,0.6732495387173419,0.1328198382625625,True,False
771,0.5833382579050109,0.8390251083801853,0.25568685047517437,True,False
772,0.5539052709361612,0.35963321486147604,-0.19427205607468512,False,False
773,0.5742062758581771,0.8256603681609862,0.25145409230280913,True,False
774,0.5314064226178308,0.77792065680057,0.2465142341827392,True,False
775,0.5406820899385332,0.5676349960621316,0.026952906123598463,True,False
776,0.542704383901335,0.7534644005180352,0.21076001661670019,True,False
777,0.5885104227398351,0.5728676716457557,-0.01564275109407942,False,False
778,0.5725151219152683,0.83797822456328,0.26546310264801165,True,False
779,0.5324959965280464,0.7608679707540799,0.2283719742260335,True,False
780,0.5883406932254429,0.6834622367172037,0.09512154349176083,True,False
781,0.5322547332109329,0.7316712024967718,0.1994164692858389,True,False
783,0.5281912492032658,0.5848063285965904,0.05661507939332466,True,False
784,0.5881502645948194,0.9074301371483289,0.3192798725535094,True,False
785,0.5375308309826025,0.40359572753233086,-0.1339351034502716,False,False
786,0.5847170984305925,0.5090118242727569,-0.07570527415783557,False,False
787,0.5487394131346854,0.7560582135171061,0.20731880038242068,True,False
788,0.5635960532661194,0.6248380581563838,0.061242004890264434,True,False
789,0.5842662034441727,0.8603674229886592,0.2761012195444865,True,False
790,0.5676535880629247,0.8537688239069997,0.28611523584407506,True,False
791,0.5535955889506546,0.6415529555442977,0.08795736659364306,True,False
792,0.5073347272015956,0.7618045556386982,0.25446982843710264,True,False
793,0.5765281196584594,0.6947921208056409,0.1182640011471815,True,False
794,0.5583195791663503,0.754039610610338,0.19572003144398764,True,False
795,0.5706315491202986,0.7307643153914486,0.16013276627115003,True,False
796,0.5281719542088263,0.7538593701784101,0.22568741596958375,True,False
797,0.5632510319043581,0.6138835298093368,0.0506324979049787,True,False
798,0.5414406009886166,0.616646298030429,0.07520569704181246,True,False
799,0.5438879891461136,0.5577264136258545,0.01383842447974093,True,False
800,0.5521857079532663,0.6246769187857538,0.07249121083248755,True,False
801,0.5863489307911964,0.7486448995672775,0.1622959687760811,True,False
802,0.5337355455920896,0.738042117241184,0.20430657164909438,True,False
803,0.5796475546821932,0.6328621622459073,0.0532146075637141,True,False
804,0.5501660722925468,0.8776589274966718,0.3274928552041251,True,False
805,0.5634024995663492,0.5654259933936202,0.0020234938272709613,True,False
806,0.5772742911513564,0.8247299655689811,0.24745567441762473,True,False
807,0.5472540917539797,0.4838915425786181,-0.06336254917536155,False,False
808,0.5674736946160119,0.8222319796234733,0.25475828500746134,True,False
809,0.5705334711293032,0.5832718762433001,0.012738405113996931,True,False
810,0.5804891009136162,0.8604703627206464,0.2799812618070302,True,False
811,0.5609013934354671,0.8804827984082146,0.31958140497274756,True,False
812,0.5724979331037404,0.609131006370934,0.03663307326719356,True,False
813,0.5790169447549876,0.706594121982268,0.12757717722728046,True,False
814,0.546402975905355,0.6880232430199295,0.14162026711457443,True,False
815,0.5743487819405169,0.6947012884658242,0.12035250652530738,True,False
816,0.556148645866159,0.6871241409634675,0.13097549509730855,True,False
817,0.5639725079923177,0.628603194693197,0.06463068670087935,True,False
818,0.5336254362486881,0.6976585447373238,0.16403310848863573,True,False
819,0.5948536421590973,0.818809755223439,0.2239561130643417,True,False
820,0.561041545637004,0.4918016720026115,-0.06923987363439255,False,False
821,0.5682796768321184,0.7383255066345521,0.17004582980243366,True,False
822,0.5591550867209092,0.6912494584645117,0.1320943717436025,True,False
823,0.5826130735889599,0.786524482700233,0.20391140911127315,True,False
824,0.5317400469713462,0.8647809512198753,0.33304090424852906,True,False
825,0.5521487913522677,0.8601972760859944,0.3080484847337267,True,False
826,0.580874653665245,0.7141102455849553,0.13323559191971024,True,False
827,0.5429836228287624,0.7844193165676397,0.2414356937388773,True,False
828,0.5869843256671785,0.5925946219204687,0.005610296253290237,True,False
829,0.5424483229781503,0.8415710289526134,0.2991227059744631,True,False
830,0.557426424847836,0.6918627389870617,0.13443631413922574,True,False
831,0.5635323196593279,0.6477331477550076,0.08420082809567964,True,False
832,0.5561367906815213,0.6070660634681344,0.05092927278661308,True,False
833,0.5419061814706992,0.8280852191195591,0.2861790376488599,True,False
834,0.597352369491741,0.6009017559869894,0.0035493864952483856,True,False
836,0.5577567770212726,0.44655940325942756,-0.11119737376184502,False,False
837,0.5550443450233749,0.7427853769890013,0.18774103196562641,True,False
838,0.5499628204980112,0.6914323252267602,0.14146950472874908,True,False
839,0.5336268029148481,0.6831568097116951,0.14953000679684703,True,False
840,0.5082196331909867,0.6838728139703071,0.17565318077932035,True,False
841,0.579900149727775,0.8233903026946342,0.24349015296685916,True,False
842,0.5712649680186151,0.694367621684718,0.12310265366610285,True,False
843,0.5448044667506508,0.826829922400897,0.2820254556502463,True,False
844,0.5515587571606645,0.6642485616035971,0.11268980444293264,True,False
845,0.5358684776244568,0.8047865730391943,0.26891809541473755,True,False
846,0.5943824487055729,0.7746024665914254,0.1802200178858525,True,False
847,0.5274494997360073,0.7097606069113435,0.18231110717533616,True,False
848,0.5809639526478763,0.8118127881984833,0.2308488355506071,True,False
849,0.5341895841016958,0.6728766113929147,0.13868702729121885,True,False
850,0.5274248898496426,0.5184862022137134,-0.008938687635929199,False,False
851,0.551210757236787,0.8473914965865125,0.29618073934972544,True,False
852,0.5658638385212577,0.7506583717395644,0.18479453321830674,True,False
853,0.550353597347298,0.4273242522910004,-0.12302934505629765,False,False
854,0.5869866628917937,0.7505823768253558,0.1635957139335621,True,False
855,0.532920923438867,0.6602103664264177,0.12728944298755074,True,False
856,0.5372026131368353,0.6781527699879992,0.14095015685116397,True,False
857,0.5725750701234233,0.8401427296767618,0.2675676595533385,True,False
858,0.5589727859487883,0.7621261848334636,0.20315339888467532,True,False
859,0.5328416539966326,0.560987113838376,0.028145459841743325,True,False
860,0.5623389228074867,0.6213795636149989,0.05904064080751226,True,False
861,0.58117554024507,0.7994562190825935,0.21828067883752345,True,False
862,0.5350658111651557,0.6381068121897114,0.10304100102455571,True,False
863,0.549599206596547,0.7135762245759842,0.1639770179794372,True,False
864,0.5576214142780906,0.7136939010470376,0.15607248676894692,True,False
865,0.587939385533796,0.8312932411838526,0.24335385565005663,True,False
866,0.5525194945893517,0.8355195158036568,0.2830000212143051,True,False
867,0.5376061908585825,0.7116105431203114,0.17400435226172883,True,False
868,0.5674235102907204,0.4289472670585908,-0.13847624323212954,False,False
869,0.5527260064767769,0.5224616400894587,-0.03026436638731822,False,False
870,0.5493045304786497,0.7376099758372939,0.18830544535864424,True,False
871,0.558631299786223,0.6581381661142636,0.09950686632804062,True,False
872,0.5722076378141158,0.8232117942022928,0.2510041563881771,True,False
873,0.5556970197285555,0.7904445142182945,0.23474749448973908,True,False
874,0.5597838506304448,0.8201998572930764,0.26041600666263165,True,False
875,0.5335624905517278,0.671456357168679,0.13789386661695124,True,False
876,0.5597271752775478,0.6937708174176942,0.1340436421401464,True,False
877,0.5865177837817821,0.7067446912476177,0.12022690746583564,True,False
878,0.568483920769358,0.4440085585874957,-0.12447536218186234,False,False
879,0.5810496138172564,0.81564313670092,0.23459352288366364,True,False
880,0.550722649362864,0.7312982812339418,0.18057563187107784,True,False
881,0.5897688267533306,0.7396787709254927,0.14990994417216208,True,False
882,0.5883111037838813,0.4430136744876269,-0.1452974292962544,False,False
883,0.5505277109977701,0.6193242454744856,0.06879653447671552,True,False
884,0.6022590687864869,0.8295678434910368,0.2273087747045499,True,False
885,0.5657745532828422,0.7485835408290846,0.18280898754624242,True,False
886,0.580818249182292,0.6375732626318283,0.05675501344953637,True,False
887,0.5416297712539416,0.8527080194499348,0.31107824819599317,True,False
888,0.5602120944071288,0.5901741357387942,0.029962041331665357,True,False
889,0.5144067250084277,0.7349169319173318,0.2205102069089041,True,False
890,0.5698107891858478,0.5517790285455623,-0.018031760640285555,False,False
891,0.5596156962063465,0.7417598693108522,0.1821441731045057,True,False
892,0.5508420732093604,0.8248015477728062,0.2739594745634458,True,False
893,0.5465286118142356,0.5571584982260744,0.010629886411838818,True,False
894,0.5547868029378917,0.8142430110881244,0.2594562081502326,True,False
895,0.5869144580173383,0.6653641009498318,0.07844964293249346,True,False
896,0.576392861068626,0.50002462810115,-0.07636823296747597,False,False
897,0.5634842286948024,0.7635958280769946,0.20011159938219214,True,False
898,0.5570860924239034,0.9181223470426388,0.36103625461873545,True,False
899,0.515289373001331,0.7911995299789578,0.2759101569776268,True,False
900,0.5584863380695141,0.8547027368062556,0.29621639873674155,True,False
901,0.5477764257721176,0.7099193643180639,0.1621429385459463,True,False
902,0.5629422687686804,0.6688304946847321,0.10588822591605174,True,False
903,0.535201079640744,0.6957523692355971,0.1605512895948531,True,False
904,0.5720287636061565,0.695905368932092,0.12387660532593547,True,False
905,0.5587049096055252,0.7631805631311245,0.20447565352559927,True,False
906,0.5408645379606224,0.5830702438851298,0.04220570592450745,True,False
907,0.541788978362375,0.9065356888475306,0.3647467104851555,True,False
908,0.5958837777489657,0.6925256976636612,0.0966419199146955,True,False
909,0.5291641445747065,0.7111864356407547,0.18202229106604817,True,False
910,0.5477095298015769,0.7810177835030813,0.23330825370150432,True,False
911,0.5422630323072994,0.6831632011408404,0.14090016883354095,True,False
912,0.5667918295072117,0.8855589283539127,0.31876709884670096,True,False
913,0.576848700548377,0.7186167465976006,0.14176804604922355,True,False
914,0.5502208160506871,0.8520804494698135,0.30185963341912647,True,False
916,0.5702563838714079,0.7654863246728745,0.1952299408014666,True,False
917,0.5783667050890671,0.6364222998477779,0.058055594758710805,True,False
918,0.5834946046880894,0.4858122500305191,-0.09768235465757036,False,False
919,0.530551693601266,0.6867100237593045,0.15615833015803848,True,False
920,0.5566436415137562,0.607393440169168,0.05074979865541174,True,False
921,0.5724223921857073,0.7099468184462987,0.13752442626059136,True,False
922,0.5592596810578878,0.7900645331911416,0.23080485213325375,True,False
923,0.5670188499605281,0.6493301345659198,0.08231128460539172,True,False
924,0.5505534035101423,0.7542077427212867,0.2036543392111444,True,False
925,0.5789002803635644,0.7542207577265424,0.17532047736297796,True,False
926,0.5785946868212584,0.6376675694341961,0.05907288261293775,True,False
927,0.5497109460669891,0.63065998295977,0.08094903689278088,True,False
928,0.5018787858679764,0.713370746508676,0.21149196064069964,True,False
929,0.5159698949135191,0.626891679741547,0.11092178482802795,True,False
930,0.5524612816594839,0.7002042784337428,0.14774299677425884,True,False
931,0.5392293032331663,0.8018026828126278,0.2625733795794615,True,False
932,0.5544576908293248,0.8444510737631084,0.2899933829337835,True,False
933,0.5299009629648802,0.7548624991227335,0.2249615361578533,True,False
934,0.5373743084810527,0.8019174552453301,0.26454314676427737,True,False
935,0.5784721347233074,0.6425196772431853,0.06404754251987788,True,False
936,0.5457411873567954,0.62459301576072,0.07885182840392457,True,False
937,0.5754427923023622,0.6904816606021956,0.11503886829983345,True,False
938,0.5025839828167245,0.644590607337913,0.1420066245211885,True,False
939,0.576731401228381,0.7892362935242072,0.21250489229582625,True,False
940,0.5904884206863921,0.6326165010919961,0.04212808040560401,True,False
942,0.5777525640396001,0.7608444839829764,0.18309191994337637,True,False
943,0.5834854939745328,0.7238235647811426,0.14033807080660987,True,False
944,0.5603780352213277,0.8402201701086357,0.279842134887308,True,False
945,0.563778336744041,0.7456201599341475,0.18184182319010656,True,False
946,0.5501630130253662,0.9218909621619151,0.37172794913654894,True,False
947,0.5675625077786804,0.8377243749497637,0.27016186717108326,True,False
948,0.5365137261739197,0.7182370803860567,0.18172335421213703,True,False
949,0.5416820228295623,0.6541793494977856,0.11249732666822321,True,False
951,0.5662180836019624,0.8027057109780292,0.23648762737606688,True,False
952,0.5679653252580892,0.7538657833375252,0.185900458079436,True,False
953,0.5557221262008758,0.775740944437859,0.22001881823698322,True,False
954,0.5505383691896965,0.7238119512500262,0.17327358206032972,True,False
955,0.5308014295078276,0.7226193330530579,0.19181790354523032,True,False
956,0.5511523032900508,0.7017750150172308,0.15062271172718,True,False
957,0.5574221564190001,0.7869872594270924,0.2295651030080923,True,False
958,0.5916365414926887,0.8214818747473714,0.2298453332546827,True,False
959,0.5739941645518402,0.7335236340503293,0.15952946949848912,True,False
960,0.5610089786577107,0.5934399345117976,0.03243095585408684,True,False
961,0.534931414220205,0.5845897542665719,0.04965834004636693,True,False
962,0.5587434969064453,0.7509734089158153,0.19222991200937,True,False
963,0.5541848725043699,0.7780637760333426,0.22387890352897277,True,False
964,0.5649690572099145,0.7022943500155587,0.1373252928056442,True,False
965,0.5876106020090777,0.8921050053772182,0.3044944033681405,True,False
966,0.5775877422952596,0.7388071458793611,0.16121940358410158,True,False
967,0.561757646266039,0.5796772893384193,0.017919643072380365,True,False
968,0.5232277143628308,0.7201555865221912,0.19692787215936047,True,False
969,0.5844125374207273,0.8198743528743447,0.23546181545361744,True,False
970,0.5552915489146052,0.6067411708133991,0.051449621898793874,True,False
971,0.5285809922727338,0.7688761026762222,0.2402951104034884,True,False
972,0.5612761288506117,0.6680162536450954,0.10674012479448369,True,False
973,0.5507717552672213,0.7363963437777944,0.18562458851057306,True,False
974,0.5402474061660378,0.8039988759417722,0.2637514697757344,True,False
975,0.5437982321820317,0.6841895938007061,0.14039136161867438,True,False
976,0.541975197366176,0.6083142215474787,0.06633902418130266,True,False
977,0.5018952979817983,0.6284322120388821,0.12653691405708378,True,False
978,0.5641509804332213,0.7709442032374185,0.2067932228041972,True,False
979,0.5379796778618081,0.6488019276505544,0.11082224978874633,True,False
980,0.5458205714013669,0.665037701633655,0.1192171302322882,True,False
981,0.5375585993538184,0.7622228620786665,0.22466426272484807,True,False
982,0.5566831739899836,0.6756975377573109,0.11901436376732732,True,False
983,0.5825367909214052,0.5402921354583254,-0.04224465546307976,False,False
984,0.5135500596246539,0.754077965952342,0.24052790632768806,True,False
985,0.589301720856857,0.6736010932652514,0.08429937240839447,True,False
986,0.5466935888171531,0.7355828548516937,0.1888892660345406,True,False
987,0.5379618099703266,0.729990267271259,0.19202845730093243,True,False
988,0.5581633428085485,0.7757767134322926,0.21761337062374408,True,False
989,0.5801055060238998,0.8708250687633639,0.2907195627394641,True,False
990,0.5556965687106363,0.6755703206650853,0.11987375195444894,True,False
991,0.5491628403429135,0.7788006386699969,0.22963779832708342,True,False
992,0.5301217177996358,0.729636784282436,0.19951506648280015,True,False
993,0.5538823933178832,0.8619608220691125,0.30807842875122926,True,False
994,0.5915651967045006,0.735002362175252,0.14343716547075147,True,False
995,0.5804848958510387,0.6018712242174129,0.02138632836637422,True,False
996,0.571741783922919,0.7061233999494071,0.13438161602648813,True,False
997,0.5612040791372195,0.7487893082819553,0.18758522914473585,True,False
998,0.5471963847463701,0.6896144818578832,0.1424180971115131,True,False
999,0.5713514022601238,0.584397513502121,0.013046111241997171,True,False
1000,0.6039933124752361,0.8085171697058608,0.20452385723062472,True,False
1001,0.5762950254248704,0.6310861944338864,0.05479116900901593,True,False
1002,0.5521810992594745,0.7835932016348909,0.23141210237541643,True,False
1003,0.5679510116516048,0.8418700680144137,0.2739190563628089,True,False
1004,0.5150796789019801,0.502860069660719,-0.012219609241261198,False,False
1005,0.5923182754140924,0.783846314894587,0.19152803948049457,True,False
1006,0.5690408316421494,0.7362367614118651,0.16719592976971576,True,False
1007,0.5674638912688913,0.4209015976180302,-0.1465622936508611,False,False
1008,0.5664695462517458,0.7987399001583577,0.23227035390661188,True,False
1009,0.5485054981303348,0.8168383901394718,0.268332892009137,True,False
1010,0.5619388863132337,0.8423518901139802,0.2804130038007464,True,False
1011,0.5545821979166431,0.6287312310623809,0.07414903314573784,True,False
1012,0.5892011638778122,0.8162617697607923,0.22706060588298016,True,False
1013,0.5507726939411558,0.704840434711782,0.15406774077062624,True,False
1014,0.5710403899895158,0.8731060471045915,0.3020656571150757,True,False
1015,0.5148900565723128,0.6888951722994311,0.1740051157271183,True,False
1016,0.5700275343316794,0.5941665427252892,0.02413900839360983,True,False
1017,0.5037925236059946,0.41749784822952546,-0.08629467537646912,False,False
1018,0.5052007833900867,0.7441915348750373,0.23899075148495064,True,False
1019,0.5468659047788055,0.7160627027586723,0.16919679797986686,True,False
1020,0.5306913510772615,0.8004624851414813,0.2697711340642198,True,False
1021,0.5540174865805334,0.8664214641496939,0.3124039775691605,True,False
1022,0.5758470066711335,0.713584579022689,0.13773757235155548,True,False
1023,0.5544372859614923,0.729745274719568,0.17530798875807563,True,False
1024,0.5439652059698432,0.720047060254212,0.17608185428436873,True,False
1025,0.5741604611251913,0.698870278582242,0.12470981745705079,True,False
1026,0.536019341753375,0.6684760561494966,0.1324567143961216,True,False
1027,0.5587797317652772,0.847072104203537,0.2882923724382598,True,False
1028,0.5753229562606141,0.8273044493950152,0.2519814931344011,True,False
1029,0.5227102614174468,0.640082560569924,0.11737229915247716,True,False
1030,0.5545546129604407,0.6065944901976578,0.052039877237217036,True,False
1031,0.5676418111089795,0.7136807320412475,0.146038920932268,True,False
1032,0.5397706197517427,0.7631320070966479,0.22336138734490518,True,False
1033,0.5706621876901035,0.7409944635181884,0.17033227582808497,True,False
1034,0.5401494350021563,0.6960429449128216,0.1558935099106653,True,False
1035,0.6030165579769464,0.57552859750394,-0.02748796047300639,False,False
1036,0.5638523638949495,0.8222817389637511,0.2584293750688016,True,False
1038,0.5386720324873653,0.7517042590702451,0.2130322265828798,True,False
1039,0.5603727884581426,0.7713186636528551,0.21094587519471242,True,False
1040,0.5929558222341679,0.7870192042468274,0.1940633820126595,True,False
1041,0.5547207635063116,0.739357577677881,0.1846368141715694,True,False
1043,0.5552426928727054,0.7365466106538353,0.18130391778112986,True,False
1044,0.5251628689060122,0.6822262725578866,0.15706340365187443,True,False
1045,0.5905563861568642,0.6597917947221871,0.06923540856532284,True,False
1046,0.5023165347277481,0.7986338836612559,0.2963173489335078,True,False
1047,0.5372001707135409,0.6208629780978682,0.0836628073843273,True,False
1048,0.5635382561784893,0.7763810468337728,0.21284279065528355,True,False
1049,0.5492172429659512,0.7874331459406828,0.2382159029747316,True,False
1050,0.5521444690210143,0.7408359390377434,0.18869147001672903,True,False
1051,0.5375599660579603,0.7090290234967356,0.17146905743877527,True,False
1052,0.5767887856722687,0.8125980815712123,0.23580929589894362,True,False
1053,0.5274066604196901,0.644318735636711,0.11691207521702096,True,False
1054,0.5674017620466818,0.4595278793644124,-0.10787388268226938,False,False
1055,0.522900249270576,0.8311743205108907,0.3082740712403147,True,False
1056,0.567733371079634,0.44557557434128614,-0.12215779673834781,False,False
1057,0.5512948711548183,0.7273753901721266,0.17608051901730826,True,False
1058,0.5419446941329301,0.6993858656641597,0.1574411715312296,True,False
1059,0.5290565183940827,0.7709244070318223,0.24186788863773956,True,False
1060,0.5320263537621656,0.5422664836231867,0.010240129861021185,True,False
1061,0.5354431393448713,0.6915350381247031,0.15609189877983176,True,False
1062,0.5478904548243129,0.6620239441051671,0.1141334892808542,True,False
1063,0.5687819247564547,0.7583874244505268,0.18960549969407203,True,False
1064,0.5376823828105021,0.720444940629048,0.1827625578185459,True,False
1065,0.5164308260566824,0.5769077976905886,0.060476971633906196,True,False
1066,0.5646247229843689,0.5808804771505283,0.01625575416615932,True,False
1067,0.5674208782352561,0.743231907124975,0.1758110288897189,True,False
1068,0.540533385087012,0.6830236099493685,0.14249022486235652,True,False
1069,0.5525958875745112,0.5789744603714192,0.02637857279690803,True,False
1070,0.5642031704588238,0.5239885173826969,-0.04021465307612693,False,False
1071,0.5816943217853006,0.6189823223858228,0.037288000600522286,True,False
1072,0.5338221361592193,0.79771623729797,0.2638941011387508,True,False
1073,0.5800104164189586,0.7891962741143198,0.20918585769536124,True,False
1074,0.5673157047751196,0.6830008535631418,0.11568514878802216,True,False
1075,0.5551360561801293,0.808435746386763,0.2532996902066337,True,False
1076,0.5538140761940368,0.5719956139129895,0.0181815377189527,True,False
1077,0.5311886862740188,0.7582614210339235,0.22707273475990464,True,False
1078,0.565061383816817,0.6184611218122973,0.053399737995480256,True,False
1079,0.5700682246101106,0.7033046953348675,0.13323647072475686,True,False
1080,0.561701201175891,0.7370602550755718,0.17535905389968087,True,False
1081,0.5536468817640577,0.8236121463652736,0.26996526460121584,True,False
1082,0.5539974246244098,0.7011496006046151,0.14715217598020525,True,False
1083,0.557467414937609,0.5811061959003304,0.02363878096272143,True,False
1084,0.6027919459530658,0.861104012261433,0.2583120663083671,True,False
1085,0.5629101120139532,0.7424574846861811,0.17954737267222787,True,False
1086,0.525304452281826,0.6509197326327454,0.1256152803509194,True,False
1087,0.5682272627794791,0.6685325513723258,0.10030528859284671,True,False
1088,0.5573015782204014,0.7790537275067208,0.22175214928631937,True,False
1089,0.5724200995860201,0.7741550648643728,0.20173496527835266,True,False
1090,0.563571957893098,0.7463830865388708,0.18281112864577276,True,False
1092,0.5534829177707592,0.49757424171925013,-0.055908676051509065,False,False
1093,0.5866447186572442,0.7018782999179827,0.11523358126073846,True,False
1094,0.5620869264099475,0.7001141915661175,0.13802726515617003,True,False
1095,0.566889956967231,0.7825726935717928,0.21568273660456183,True,False
1096,0.5496844611710976,0.791936742109635,0.24225228093853746,True,False
1097,0.5184613209524822,0.613543761884023,0.09508244093154083,True,False
1098,0.5488809382563358,0.8409838236700298,0.292102885413694,True,False
1099,0.5638726104763713,0.44663719419575887,-0.1172354162806124,False,False
1100,0.548004724671234,0.41523176794827166,-0.1327729567229623,False,False
1101,0.5484584393478981,0.7141674026866788,0.1657089633387807,True,False
1102,0.545034331429515,0.5197827335692671,-0.025251597860247887,False,False
1103,0.5717903035758308,0.7672797989348523,0.1954894953590215,True,False
1104,0.5308962061189557,0.7775467464616592,0.2466505403427035,True,False
1105,0.5579538830692996,0.7228703282909552,0.1649164452216556,True,False
1106,0.5679938744174869,0.5349768183626528,-0.03301705605483418,False,False
1107,0.5783421751707657,0.6497103267429117,0.07136815157214604,True,False
1108,0.5346180662966913,0.6233530868769566,0.08873502058026528,True,False
1109,0.571494527491265,0.7214339246545465,0.14993939716328153,True,False
1110,0.5820606832112286,0.7209755336079755,0.1389148503967469,True,False
1111,0.5638971036170805,0.6165719605917869,0.05267485697470642,True,False
1112,0.5394190642045723,0.7508744202410741,0.21145535603650178,True,False
1113,0.5277731069708269,0.8031577797543008,0.2753846727834739,True,False
1114,0.6032014714176903,0.7095010534777055,0.10629958206001522,True,False
1115,0.5355388430823352,0.8931941333473044,0.3576552902649691,True,False
1116,0.5558894572606549,0.7277811428556699,0.171891685595015,True,False
1117,0.5408732872493691,0.7142122986277032,0.17333901137833407,True,False
1118,0.5200019018034974,0.5751574915836782,0.05515558978018087,True,False
1119,0.5552859279927443,0.7112331376105687,0.15594720961782438,True,False
1120,0.5775406278420587,0.7368262090153634,0.1592855811733047,True,False
1121,0.5565294770837235,0.67691358790381,0.12038411082008649,True,False
1122,0.5413464681602805,0.6833991039767575,0.14205263581647698,True,False
1123,0.5720607908473007,0.6162804719958063,0.04421968114850561,True,False
1124,0.5440698219187201,0.7759266139525737,0.23185679203385356,True,False
1125,0.5329384080302683,0.667867965160296,0.13492955713002774,True,False
1126,0.5534355872831387,0.7996279131952603,0.2461923259121216,True,False
1127,0.5714238150339823,0.6135349972979347,0.042111182263952385,True,False
1128,0.5372124283931473,0.8197896099359612,0.28257718154281386,True,False
1129,0.5614251169311635,0.731274253414689,0.1698491364835255,True,False
1130,0.5437878031860925,0.731806381147649,0.1880185779615564,True,False
1131,0.5381767037417656,0.7810048239532745,0.2428281202115089,True,False
1132,0.5694537143778045,0.5387550823111159,-0.030698632066688547,False,False
1133,0.5740044828326755,0.6189928367841405,0.044988353951465054,True,False
1134,0.5654968875137368,0.7092660461371375,0.14376915862340067,True,False
1135,0.515440186943662,0.5688371104671965,0.053396923523534534,True,False
1136,0.5621187168987101,0.6665628153500487,0.10444409845133862,True,False
1137,0.5213165187206029,0.7002448600645608,0.17892834134395785,True,False
1138,0.5460783330778658,0.6894807238590687,0.14340239078120287,True,False
1139,0.5500737836543321,0.652354781285742,0.10228099763140985,True,False
1140,0.5833904645957103,0.6951073533840645,0.11171688878835417,True,False
1141,0.569704740537639,0.7871028824647367,0.21739814192709772,True,False
1142,0.538456412845302,0.6715202933302244,0.13306388048492246,True,False
1143,0.5673966218520738,0.7545954702308328,0.187198848378759,True,False
1144,0.6081393138983057,0.6504092982677732,0.042269984369467495,True,False
1145,0.5286432718105906,0.8310014802949421,0.3023582084843516,True,False
1146,0.5989866944925205,0.4069300559030068,-0.19205663858951372,False,False
1147,0.5392657747577733,0.7745107438825174,0.23524496912474413,True,False
1148,0.5506216979737817,0.7262379459405,0.17561624796671826,True,False
1149,0.5514929739856658,0.9081690505853239,0.35667607659965817,True,False
1150,0.5394853703152777,0.8220806237216051,0.2825952534063274,True,False
1151,0.5507916862532174,0.710017789950792,0.15922610369757462,True,False
1152,0.5558320344702603,0.7845098310598363,0.228677796589576,True,False
1153,0.5265634377641035,0.6951906011658533,0.16862716340174977,True,False
1154,0.5531892197379769,0.6573376343652847,0.10414841462730784,True,False
1155,0.5766463967890695,0.8154295490807645,0.238783152291695,True,False
1156,0.5602569993648052,0.42473867172161395,-0.13551832764319127,False,False
1157,0.5386697092686054,0.847153781452597,0.30848407218399165,True,False
1158,0.5581812815144843,0.6083237270004375,0.05014244548595315,True,False
1160,0.5639963357986215,0.6724863114412158,0.10848997564259433,True,False
1161,0.5482106217875199,0.8941511820880942,0.3459405603005743,True,False
1162,0.5260374146820525,0.8146736889339258,0.2886362742518733,True,False
1163,0.5452289792523144,0.4589850271163842,-0.08624395213593017,False,False
1164,0.5075549508113554,0.7183022501251802,0.21074729931382485,True,False
1165,0.5822275699934018,0.6972623415963068,0.1150347716029051,True,False
1166,0.5755592884196897,0.6295044598487479,0.05394517142905819,True,False
1167,0.5389307260276955,0.6771051631961852,0.13817443716848965,True,False
1168,0.5504234344847313,0.7392738121090832,0.18885037762435186,True,False
1169,0.5602942150336442,0.4552776449168383,-0.10501657011680587,False,False
1170,0.5196679694697338,0.7331016555914949,0.21343368612176106,True,False
1171,0.5544706322996733,0.39023226413707185,-0.16423836816260146,False,False
1172,0.498986188909539,0.6659477386896003,0.16696154978006134,True,False
1173,0.5765270787865371,0.6702431728506701,0.09371609406413306,True,False
1174,0.5893282175245669,0.8321636416553252,0.24283542413075832,True,False
1175,0.5846787504618847,0.46030490162365967,-0.124373848838225,False,False
1176,0.5665065358192289,0.7354944441933351,0.16898790837410615,True,False
1177,0.5497588433767886,0.7852478670716238,0.23548902369483515,True,False
1178,0.5498566860275534,0.828330895103977,0.2784742090764235,True,False
1179,0.5547681961228754,0.7915612730043681,0.23679307688149265,True,False
1180,0.5560979570933992,0.905274541417382,0.3491765843239828,True,False
1181,0.5419857384943381,0.6027369913820719,0.060751252887733864,True,False
1182,0.5366808256237533,0.8313374891816694,0.2946566635579161,True,False
1183,0.5338438706324858,0.7602791418245132,0.22643527119202733,True,False
1184,0.573764993812708,0.517669096466845,-0.056095897345862955,False,False
1185,0.5559073405517233,0.700898980963355,0.1449916404116317,True,False
1186,0.5712355504517548,0.7616457320002111,0.19041018154845635,True,False
1187,0.5404085681304145,0.6162091049275915,0.07580053679717702,True,False
1188,0.5575987249568918,0.780220105245419,0.22262138028852718,True,False
1189,0.5722065189760589,0.7327665044780106,0.16055998550195172,True,False
1190,0.569749810659661,0.6798333087403393,0.1100834980806783,True,False
1191,0.538259546461473,0.8056188065810028,0.2673592601195298,True,False
1192,0.5532919650146583,0.8051645132086843,0.25187254819402605,True,False
1193,0.5650516526619819,0.5729566465086471,0.00790499384666521,True,False
1194,0.561740381102076,0.7184004057533155,0.15666002465123952,True,False
1195,0.553837588336848,0.5376017646608532,-0.016235823675994854,False,False
1196,0.5532911310364466,0.7249435704298295,0.17165243939338293,True,False
1197,0.5707589763154884,0.846242388434932,0.2754834121194436,True,False
1198,0.56013994681346,0.6132073075806094,0.05306736076714935,True,False
1199,0.5492277962795992,0.7452192816821793,0.19599148540258016,True,False
1200,0.528930490608804,0.7396198061649865,0.21068931555618242,True,False
1201,0.556001280266607,0.7008355171474233,0.1448342368808163,True,False
1202,0.5331822065666213,0.7475630660655279,0.21438085949890662,True,False
1203,0.5686282880343271,0.7364896935302816,0.16786140549595452,True,False
1204,0.5210769926854311,0.5818984549012453,0.06082146221581419,True,False
1205,0.5574324977178047,0.7053178933668789,0.1478853956490742,True,False
1206,0.5942492864906439,0.33044606154530726,-0.26380322494533665,False,False
1207,0.5603949190716925,0.7081159078996272,0.14772098882793472,True,False
1208,0.6028621201259942,0.6138469302495332,0.010984810123539024,True,False
1209,0.5321173245632574,0.6256097372866679,0.09349241272341047,True,False
1210,0.5650367953999841,0.7758577853706441,0.21082098997066,True,False
1211,0.5458618054407828,0.7408138203626197,0.1949520149218369,True,False
1212,0.5708333591837669,0.5837726604577677,0.01293930127400078,True,False
1213,0.5671891559585833,0.8452168403847824,0.2780276844261991,True,False
1214,0.5291000623652938,0.603203605848154,0.07410354348286019,True,False
1215,0.5963188092049687,0.6282205647386125,0.03190175553364383,True,False
1216,0.5724073269339041,0.7050732763207046,0.13266594938680054,True,False
1217,0.5517901160428815,0.756136626122423,0.20434651007954152,True,False
1218,0.555367624159063,0.7553727340497186,0.20000510989065556,True,False
1219,0.5599497937993924,0.5842101537849468,0.024260359985554425,True,False
1220,0.5791617543521668,0.4745538212026854,-0.10460793314948136,False,False
1221,0.5868108081321703,0.45710985283436417,-0.12970095529780618,False,False
1222,0.5580323467897182,0.7614554250787561,0.20342307828903783,True,False
1223,0.5547088516586478,0.6808859624948881,0.12617711083624028,True,False
1224,0.5582326398502242,0.6823287651214699,0.1240961252712457,True,False
1225,0.5863090668245199,0.7581130222567882,0.17180395543226834,True,False
1227,0.5740367910044356,0.7150070604519592,0.14097026944752356,True,False
1228,0.5562769832676044,0.628249621175605,0.07197263790800057,True,False
1229,0.557099471207867,0.7626590458892686,0.20555957468140162,True,False
1230,0.5625832739849378,0.6987912104766917,0.1362079364917539,True,False
1231,0.5630609648736987,0.620507028169252,0.05744606329555324,True,False
1232,0.5331685431817784,0.7351163053574207,0.20194776217564225,True,False
1233,0.5606854523041529,0.8296669974362686,0.2689815451321157,True,False
1234,0.5480243211346142,0.7791506078500324,0.23112628671541824,True,False
1235,0.5793897887483259,0.5129773956606513,-0.06641239308767466,False,False
1236,0.5670288243113707,0.5292566076992034,-0.03777221661216734,False,False
1237,0.561458755946935,0.6707924500632736,0.10933369411633864,True,False
1238,0.5651698289528899,0.7209748792627292,0.15580505030983927,True,False
1239,0.5882810727206432,0.7575939174852347,0.16931284476459152,True,False
1240,0.5717365187683104,0.5704746175161309,-0.0012619012521795092,False,False
1241,0.5677278341085911,0.6204830291999146,0.05275519509132354,True,False
1242,0.5310765311981489,0.7133951796790873,0.18231864848093837,True,False
1243,0.5419667971633632,0.718146687444903,0.1761798902815398,True,False
1244,0.5548522357908683,0.645566939136127,0.09071470334525866,True,False
1245,0.570775442771046,0.7366153246081029,0.1658398818370569,True,False
1246,0.5166089160021748,0.6974112413434257,0.18080232534125085,True,False
1247,0.5617218713567215,0.7104236245554715,0.14870175319875,True,False
1248,0.5900434980824341,0.7935934001251108,0.20354990204267676,True,False
1249,0.5826353754743496,0.7075084106804166,0.12487303520606696,True,False
1250,0.5901976202325113,0.7333395621813507,0.14314194194883934,True,False
1251,0.5600560430929195,0.7393350675640002,0.1792790244710808,True,False
1252,0.5561652250725632,0.7028380234393701,0.1466727983668069,True,False
1253,0.49735836620104434,0.7098664457475653,0.21250807954652096,True,False
1254,0.5605342254882867,0.4912301858483381,-0.06930403963994858,False,False
1255,0.577232635853669,0.7025855689550293,0.1253529331013603,True,False
1256,0.5930770260034856,0.8596857896079666,0.26660876360448105,True,False
1257,0.5812307876861817,0.3770018851252541,-0.20422890256092763,False,False
1258,0.5494651848496092,0.835416456216191,0.2859512713665818,True,False
1259,0.6059138373359145,0.8376240619068253,0.23171022457091073,True,False
1260,0.5560134425934767,0.6866274229467126,0.1306139803532359,True,False
1261,0.5613459407159614,0.6767058309165846,0.1153598902006232,True,False
1262,0.5686793816100579,0.7476715205578599,0.17899213894780197,True,False
1263,0.5520850148421207,0.7149111136049571,0.16282609876283638,True,False
1264,0.5184740115883691,0.7449185049302748,0.22644449334190564,True,False
1265,0.5467179520240206,0.6949595578922468,0.1482416058682262,True,False
1266,0.5465348614657405,0.7202083437141623,0.17367348224842183,True,False
1267,0.5769904052461147,0.7123143327893146,0.13532392754319988,True,False
1268,0.5430002831859932,0.7513632326338898,0.20836294944789657,True,False
1269,0.5499101075240265,0.7952779710677346,0.2453678635437081,True,False
1270,0.57074193507373,0.5879576134458766,0.01721567837214666,True,False
1271,0.5597991908763928,0.6848308280221368,0.12503163714574395,True,False
1272,0.5398989679281407,0.736935762936808,0.19703679500866722,True,False
1273,0.5721267724252912,0.676857752898383,0.10473098047309182,True,False
1274,0.537535244396047,0.747073094024033,0.20953784962798594,True,False
1275,0.5808342471963747,0.7937158679840662,0.21288162078769157,True,False
1276,0.5440289865550924,0.7312968778488927,0.1872678912938004,True,False
1277,0.5503973662071928,0.5200788652347216,-0.03031850097247124,False,False
1278,0.5629218630979315,0.8122981131437736,0.24937625004584218,True,False
1279,0.5795482982522422,0.7475988295372077,0.1680505312849655,True,False
1280,0.5511446900854261,0.6517193505269073,0.10057466044148122,True,False
1281,0.5800883028253063,0.7848391182108027,0.20475081538549633,True,False
1282,0.5629280441139553,0.7969022880415977,0.23397424392764243,True,False
1283,0.5437756008391293,0.8678358124078119,0.3240602115686826,True,False
1284,0.5760658347248455,0.619100883246794,0.043035048521948505,True,False
1285,0.5115244821015704,0.7044319611274941,0.19290747902592364,True,False
1286,0.5934960917679732,0.7539459773511066,0.16044988558313333,True,False
1287,0.5461812274419333,0.6233742224571415,0.07719299501520815,True,False
1288,0.5473153342772992,0.6749518300801727,0.1276364958028735,True,False
1289,0.5286297110799615,0.9276198373001595,0.398990126220198,True,False
1290,0.5562029603205231,0.6963012445658068,0.1400982842452837,True,False
1291,0.5163868893124843,0.760773386857507,0.24438649754502262,True,False
1292,0.5751342213392889,0.7524856125060799,0.177351391166791,True,False
1293,0.5761182655547521,0.713412619626614,0.13729435407186186,True,False
1294,0.5873718279626459,0.5990219547037355,0.011650126741089672,True,False
1295,0.5068283312532411,0.7120837880460911,0.20525545679284996,True,False
1296,0.5503413770765296,0.8105229815574119,0.26018160448088223,True,False
1297,0.560718635133364,0.6977061532282249,0.13698751809486098,True,False
1298,0.5836460980225155,0.6794131098287679,0.09576701180625236,True,False
1299,0.5890700236417237,0.709036820122905,0.11996679648118136,True,False
1300,0.583312079620017,0.6559927531086772,0.07268067348866025,True,False
1301,0.5680216981931704,0.6937863249938604,0.12576462680069,True,False
1302,0.5346391335311614,0.45204116471048633,-0.0825979688206751,False,False
1303,0.5434971766750507,0.7162062770742197,0.17270910039916898,True,False
1304,0.5817915545757608,0.7338864958186434,0.1520949412428826,True,False
1305,0.5924339471565534,0.7220919099220511,0.12965796276549768,True,False
1306,0.5149304953804904,0.6514608603060531,0.1365303649255627,True,False
1307,0.5221443695368295,0.8740910068102921,0.35194663727346254,True,False
1308,0.5458814666087619,0.707882929810868,0.16200146320210607,True,False
1309,0.5696651828072448,0.5145507123898628,-0.05511447041738193,False,False
1310,0.5672976783692416,0.7115124521853858,0.14421477381614423,True,False
1311,0.5725385744834157,0.7374508383898154,0.16491226390639968,True,False
1313,0.566277032655064,0.6057958334497495,0.039518800794685505,True,False
1314,0.5640449570460292,0.48341051242208616,-0.08063444462394304,False,False
1315,0.5429704441873452,0.815177533047663,0.27220708886031786,True,False
1316,0.5646969904346907,0.7207194300785958,0.15602243964390516,True,False
1317,0.5448020992768497,0.6825062579431083,0.1377041586662585,True,False
1318,0.5729594284322311,0.6766652037551238,0.10370577532289271,True,False
1319,0.5323761827612712,0.6341094129472361,0.10173323018596492,True,False
1320,0.5658802920134132,0.8045181427840417,0.2386378507706285,True,False
1321,0.5673837041360905,0.7509750099547172,0.1835913058186267,True,False
1322,0.5305567853172785,0.7832271310202075,0.252670345702929,True,False
1323,0.5423113728976507,0.8162607103588148,0.273949337461164,True,False
1324,0.5485408039859482,0.8357716182092327,0.28723081422328456,True,False
1325,0.5379367084338518,0.8111086681406026,0.2731719597067508,True,False
1326,0.5405426994144782,0.7533035766628157,0.21276087724833748,True,False
1327,0.5386298108959003,0.6123707799039014,0.07374096900800109,True,False
1328,0.5484032145659531,0.5559691083423876,0.0075658937764344625,True,False
1329,0.5229847992640357,0.7300461311693217,0.20706133190528597,True,False
1330,0.538065910830927,0.7735642041537735,0.23549829332284644,True,False
1331,0.5795347374522073,0.7637659582245218,0.18423122077231446,True,False
1332,0.5420619738403066,0.7607812677664316,0.218719293926125,True,False
1333,0.5788505822361991,0.7514141610115757,0.17256357877537654,True,False
1334,0.5647424524913813,0.6873826612103536,0.1226402087189723,True,False
1335,0.5474382025377327,0.7814044157574562,0.23396621321972355,True,False
1336,0.5261753086241313,0.8408267964115783,0.314651487787447,True,False
1337,0.5849365048502664,0.6103769822726535,0.025440477422387087,True,False
1338,0.5282594926871979,0.7573990386961295,0.2291395460089316,True,False
1339,0.6047079588220188,0.870423110599487,0.2657151517774682,True,False
1340,0.5707681662732419,0.6405040953487204,0.06973592907547854,True,False
1341,0.585506813284499,0.19714546053725956,-0.3883613527472395,False,False
1342,0.551554350224724,0.7032889895095378,0.1517346392848138,True,False
1343,0.5402419265550692,0.7133814275498566,0.17313950099478737,True,False
1344,0.5323551366303559,0.7025629754700252,0.17020783883966928,True,False
1345,0.5686776496877651,0.7155856637421869,0.14690801405442178,True,False
1346,0.5240090767589568,0.8066773827669446,0.28266830600798776,True,False
1347,0.5340403818706531,0.6555281890189744,0.1214878071483213,True,False
1348,0.5626438423870765,0.682133605563174,0.1194897631760975,True,False
1349,0.5711498124996921,0.7593498673459679,0.18820005484627578,True,False
1350,0.5781905128079209,0.771574047776222,0.19338353496830107,True,False
1351,0.5599628248462921,0.7556626512153201,0.19569982636902794,True,False
1352,0.580544525487568,0.7547967190801521,0.17425219359258415,True,False
1353,0.565181235323598,0.8022087307580904,0.23702749543449242,True,False
1354,0.5281808500009921,0.6739715796521557,0.14579072965116358,True,False
1355,0.5658320876942387,0.7722006891639072,0.2063686014696685,True,False
1356,0.5612262078123967,0.7262811339403531,0.16505492612795636,True,False
1358,0.5670798320940296,0.5542587171832889,-0.012821114910740672,False,False
1359,0.5672969942075011,0.7081692189908976,0.14087222478339645,True,False
1360,0.5702428341622807,0.7313784956387113,0.16113566147643055,True,False
1361,0.5502147404623084,0.7320142480039487,0.1817995075416402,True,False
1362,0.5357792803911989,0.8000558425259251,0.26427656213472617,True,False
1363,0.5856847122647629,0.7733244382049913,0.18763972594022837,True,False
1364,0.5376293281473439,0.8774351537216851,0.33980582557434125,True,False
1365,0.5809982114817859,0.6828662725693561,0.10186806108757018,True,False
1366,0.5489879315074586,0.6933826144494524,0.14439468294199376,True,False
1367,0.5679284968234967,0.6599997620146058,0.09207126519110909,True,False
1368,0.52583264509047,0.8128434806697108,0.2870108355792408,True,False
1369,0.5452388192342922,0.6981238612236267,0.1528850419893345,True,False
1370,0.5753682376322841,0.7805880172144296,0.20521977958214555,True,False
1371,0.5521997730002777,0.687329612248342,0.13512983924806432,True,False
1372,0.5662888097531137,0.4954003628164424,-0.07088844693667129,False,False
1373,0.5385781392606843,0.6699687926552811,0.13139065339459677,True,False
1374,0.5482415684779207,0.8484771869447295,0.3002356184668088,True,False
1375,0.5555986145907417,0.7283830438333309,0.1727844292425892,True,False
1376,0.5328841132099819,0.736797071820214,0.20391295861023218,True,False
1377,0.5740332761852553,0.6416188513437279,0.06758557515847252,True,False
1378,0.5536023078040891,0.8270766500614883,0.2734743422573992,True,False
1379,0.5717562622110184,0.7564266132337915,0.18467035102277307,True,False
1380,0.5691220083137197,0.669092345707498,0.09997033739377825,True,False
1381,0.5866957348470565,0.7904198046057362,0.20372406975867974,True,False
1382,0.4966162794262797,0.8742281004916411,0.3776118210653614,True,False
1383,0.5337740065502369,0.6575694209454634,0.12379541439522657,True,False
1384,0.5585352688097323,0.7010319879246224,0.14249671911489015,True,False
1385,0.5523352971008266,0.7706291998666577,0.21829390276583105,True,False
1386,0.5204823594071714,0.7255896272526504,0.20510726784547906,True,False
1387,0.5521400164594091,0.7866389151813094,0.23449889872190022,True,False
1388,0.5463880253085323,0.6422181858491925,0.09583016054066029,True,False
1389,0.5390490677345062,0.7834449919787662,0.24439592424425993,True,False
1390,0.5570887424449251,0.6563152195662668,0.0992264771213417,True,False
1391,0.5463970617475978,0.7885306834724335,0.24213362172483566,True,False
1392,0.5609239832754628,0.7807646558667366,0.21984067259127382,True,False
1393,0.5997064230872673,0.7341436277647623,0.13443720467749498,True,False
1394,0.5680598666248192,0.6489252861896069,0.08086541956478766,True,False
1395,0.5750485924790022,0.5974226820411763,0.022374089562174126,True,False
1396,0.5486507826342747,0.6929448269171228,0.1442940442828481,True,False
1397,0.5588454717512176,0.8795969479732826,0.320751476222065,True,False
1398,0.5517637128077718,0.8126911132080581,0.2609274004002863,True,False
1399,0.5639089197270286,0.7734785844336639,0.2095696647066353,True,False
1400,0.5861931901725871,0.7788772368332529,0.19268404666066585,True,False
1401,0.5339682777545662,0.8284045172300261,0.2944362394754598,True,False
1402,0.5489172140787704,0.7707666569576537,0.2218494428788833,True,False
1403,0.548560299804019,0.6604931223267261,0.11193282252270709,True,False
1404,0.5539976843411932,0.6337339758498828,0.07973629150868955,True,False
1405,0.5233976900263909,0.8439007268008921,0.3205030367745012,True,False
1406,0.5470101960965541,0.6674089985556638,0.12039880245910972,True,False
1407,0.5739674585403816,0.7050944373109924,0.13112697877061086,True,False
1408,0.5907285410542865,0.7314079331831037,0.1406793921288172,True,False
1409,0.5486038593537172,0.705712444016111,0.15710858466239375,True,False
1410,0.5874100210913269,0.6674096412831994,0.07999962019187246,True,False
1411,0.5786474850363458,0.7259271882698026,0.14727970323345685,True,False
1412,0.53587702613026,0.7533400810389063,0.21746305490864626,True,False
1413,0.5356059652051638,0.765517767710044,0.2299118025048802,True,False
1414,0.5406378950893488,0.4812142775950105,-0.05942361749433828,False,False
1415,0.5414100222411736,0.7192641173168642,0.1778540950756906,True,False
1416,0.5223986595897172,0.6501636131232598,0.12776495353354256,True,False
1417,0.5910634586310163,0.5749446746556801,-0.01611878397533617,False,False
1418,0.5578576156102444,0.4266433802019925,-0.1312142354082519,False,False
1419,0.5445911355855858,0.47565016035038415,-0.06894097523520165,False,False
1420,0.5627648627911807,0.7669365341332847,0.204171671342104,True,False
1421,0.5616003237657767,0.7707170081707247,0.20911668440494802,True,False
1422,0.5186374460069566,0.8021425160118496,0.283505070004893,True,False
1423,0.5573060609598124,0.6999436666655373,0.14263760570572492,True,False
1424,0.5886588786191281,0.5081130871510516,-0.0805457914680765,False,False
1425,0.5706591484663575,0.6778598978350981,0.10720074936874069,True,False
1426,0.5451619208976053,0.7474971148260544,0.20233519392844912,True,False
1427,0.5691521109206844,0.6338075990497919,0.06465548812910749,True,False
1428,0.5649963898249789,0.6368449647305263,0.07184857490554741,True,False
1429,0.6021773963738996,0.6958660836038614,0.09368868722996182,True,False
1430,0.5701050381453037,0.8048880309607362,0.23478299281543258,True,False
1431,0.5855156818428666,0.7639630320585064,0.17844735021563973,True,False
1432,0.5605037698481002,0.7844838933456354,0.22398012349753516,True,False
1433,0.5653462767941458,0.3345256085655459,-0.23082066822859992,False,False
1434,0.5491249045754242,0.4828627390346258,-0.06626216554079839,False,False
1435,0.5723309040657507,0.4857785590722119,-0.08655234499353881,False,False
1436,0.5689938015576189,0.7475738101022841,0.17858000854466516,True,False
1437,0.5626922142361809,0.781145026752404,0.21845281251622317,True,False
1438,0.5676746737005337,0.6888031652805906,0.1211284915800569,True,False
1439,0.5493398754429526,0.8714846268424731,0.3221447513995205,True,False
1440,0.5613237482276182,0.7365956443751701,0.1752718961475519,True,False
1441,0.5394816491103508,0.5296018864169023,-0.00987976269344848,False,False
1442,0.5278248738647813,0.6820084023655024,0.15418352850072115,True,False
1443,0.5528512352816467,0.8493905225573689,0.2965392872757222,True,False
1444,0.5747491229638054,0.3659985182001491,-0.2087506047636563,False,False
1445,0.5263716107363506,0.5793116709420176,0.052940060205666994,True,False
1446,0.532853622311273,0.837902435885095,0.3050488135738221,True,False
1447,0.5389296266976212,0.6938613849987317,0.1549317583011105,True,False
1448,0.5733093678460863,0.6414003426686588,0.06809097482257243,True,False
1449,0.5524746306617176,0.7132262028786996,0.160751572216982,True,False
1450,0.5559416403354047,0.7201275922505461,0.1641859519151414,True,False
1451,0.5456467266515597,0.6993341191278001,0.15368739247624041,True,False
1452,0.5516850780798375,0.6770194988723034,0.12533442079246593,True,False
1453,0.5603430453345752,0.8097255329882546,0.24938248765367932,True,False
1454,0.5275713531781101,0.6393116762768131,0.11174032309870296,True,False
1455,0.570612335349169,0.8081390252092396,0.23752668986007064,True,False
1456,0.5639687897797676,0.796079138944293,0.23211034916452544,True,False
1457,0.5102329281270483,0.6519263236241298,0.1416933954970815,True,False
1458,0.5779865467994177,0.7373648473845777,0.15937830058516,True,False
1459,0.5501343306520449,0.7057246214732613,0.15559029082121645,True,False
1460,0.5583546021208966,0.25209314847553205,-0.30626145364536456,False,False
1461,0.5774602924537088,0.8089901840861767,0.23152989163246795,True,False
1462,0.5712251300839131,0.5408865139781799,-0.030338616105733185,False,False
1463,0.5644416440100244,0.5524272408668808,-0.012014403143143615,False,False
1464,0.540869553553282,0.7294542275143735,0.18858467396109146,True,False
1465,0.5649031755220166,0.7362782402602159,0.1713750647381993,True,False
1466,0.5864747183642256,0.501120718090565,-0.08535400027366058,False,False
1467,0.572372922604524,0.7307586631108376,0.1583857405063136,True,False
1468,0.5353679955566506,0.748811175344449,0.21344317978779836,True,False
1469,0.5880254041149497,0.8559819169496403,0.2679565128346906,True,False
1470,0.5563652732814061,0.6403309792856319,0.08396570600422582,True,False
1471,0.5538750910899793,0.6894949473764314,0.135619856286452,True,False
1472,0.5711404001360172,0.6875864055405506,0.11644600540453343,True,False
1473,0.603543495784294,0.8318837952293979,0.22834029944510392,True,False
1474,0.5839329748349555,0.7100543481569915,0.126121373322036,True,False
1475,0.5384648527134627,0.6050843657712095,0.06661951305774683,True,False
1476,0.5154043435998953,0.8643420663947912,0.3489377227948959,True,False
1477,0.5815577532848206,0.8611839961045914,0.2796262428197708,True,False
1478,0.57150036404523,0.6711529207136249,0.0996525566683949,True,False
1479,0.5177610637861226,0.8694225782968075,0.35166151451068484,True,False
1480,0.5583641440232844,0.6673560839677064,0.10899193994442202,True,False
1481,0.5736747436392088,0.7835231818876128,0.20984843824840405,True,False
1482,0.5786099596143858,0.792982140367674,0.21437218075328823,True,False
1483,0.5482480936019997,0.6996686333961915,0.1514205397941918,True,False
1484,0.5428398840344656,0.5788071919228885,0.03596730788842295,True,False
1485,0.5332453986364033,0.8406278828739951,0.30738248423759185,True,False
1486,0.5708776724651622,0.604862571279163,0.0339848988140008,True,False
1487,0.5520609755651773,0.7179463202177656,0.1658853446525883,True,False
1488,0.5549620414050175,0.941378544658194,0.38641650325317656,True,False
1489,0.560002397893345,0.74932340509513,0.1893210072017849,True,False
1490,0.5745398645997288,0.5665756799918064,-0.007964184607922475,False,False
1491,0.5753873619170605,0.7835130745736927,0.20812571265663216,True,False
1493,0.5777290866310683,0.7137329315097087,0.13600384487864048,True,False
1494,0.523520469968967,0.6988133752413274,0.1752929052723604,True,False
1495,0.5449388010779349,0.6200225172802211,0.07508371620228615,True,False
1496,0.5662496099244761,0.6796418291179356,0.11339221919345943,True,False
1497,0.5664600239972744,0.5888683926472239,0.02240836864994955,True,False
1498,0.5764706817525534,0.7288895378338166,0.15241885608126315,True,False
1499,0.5634267628567479,0.6155202616219801,0.05209349876523228,True,False
1500,0.5599858116668124,0.8097705415002581,0.24978472983344568,True,False
1501,0.5670458907863098,0.5925632325943069,0.02551734180799703,True,False
1502,0.5349788725035305,0.48562489417530613,-0.04935397832822436,False,False
1503,0.5806453205648208,0.6949293955351769,0.11428407497035609,True,False
1504,0.5583070684896286,0.7569391475905728,0.19863207910094416,True,False
1505,0.5581467515343606,0.7379753515786,0.1798286000442394,True,False
1506,0.5657905742262507,0.655348793668325,0.08955821944207432,True,False
1507,0.5766436086972039,0.7293373828929433,0.15269377419573937,True,False
1508,0.5607733089943977,0.6215600083080065,0.060786699313608805,True,False
1509,0.5297842204486995,0.5581708641706782,0.028386643721978633,True,False
1511,0.5424093506265628,0.797614197298597,0.25520484667203414,True,False
1513,0.5687124612076985,0.7828672404253025,0.21415477921760406,True,False
1514,0.5793906881622437,0.6622819871152669,0.08289129895302316,True,False
1515,0.5693427863007993,0.7630672456711514,0.1937244593703521,True,False
1516,0.5504327097681092,0.6990219826663212,0.148589272898212,True,False
1517,0.582911637259853,0.7422393119798611,0.1593276747200082,True,False
1518,0.5424149716065068,0.7889558953578668,0.24654092375136005,True,False
1519,0.5518342942910418,0.7671878400040099,0.21535354571296805,True,False
1520,0.587959696712444,0.6426592730664945,0.05469957635405054,True,False
1521,0.5252693698886285,0.5884969187902366,0.06322754890160809,True,False
1522,0.579957013294342,0.5236712605057099,-0.056285752788632126,False,False
1523,0.551814112002635,0.7398560465782764,0.18804193457564145,True,False
1524,0.5622619732992753,0.6866427563774282,0.12438078307815292,True,False
1525,0.5427122478893961,0.8080897366585197,0.2653774887691236,True,False
1526,0.5710724378922466,0.7697403253415153,0.19866788744926867,True,False
1527,0.5787078715641993,0.8164876233553039,0.23777975179110455,True,False
1528,0.5602154679313907,0.8166643498716698,0.25644888194027915,True,False
1529,0.5950089247869855,0.5386444444226239,-0.05636448036436159,False,False
1530,0.5362952497140148,0.6682839714933035,0.13198872177928878,True,False
1531,0.5532746617746049,0.5811399537267117,0.02786529195210674,True,False
1532,0.5560275766280899,0.5875977362107798,0.03157015958268994,True,False
1533,0.5064451815176717,0.5956355956933463,0.08919041417567464,True,False
1534,0.5420407940077377,0.7933953260956269,0.25135453208788916,True,False
1535,0.5674013936473183,0.7468937724743274,0.17949237882700908,True,False
1536,0.566746479148975,0.8344660751904359,0.2677195960414609,True,False
1537,0.5932108327154837,0.5989084483424594,0.005697615626975683,True,False
1538,0.5315898059504485,0.6583343747242366,0.12674456877378815,True,False
1539,0.5601731012117185,0.8206002027160508,0.26042710150433235,True,False
1540,0.5128374701507156,0.7604089947407076,0.247571524589992,True,False
1541,0.5504651755603401,0.8919080180584942,0.34144284249815404,True,False
1542,0.5611573675061109,0.6990338743835768,0.1378765068774659,True,False
1543,0.5703533264476448,0.7173151453135,0.14696181886585524,True,False
1544,0.5259792860569086,0.7062629733067977,0.18028368724988908,True,False
1545,0.5537317093567613,0.7853323997163097,0.23160069035954844,True,False
1546,0.5738208078501645,0.7324205693804337,0.1585997615302691,True,False
1547,0.5357001189226384,0.7516053486276857,0.21590522970504733,True,False
1548,0.5873760403854057,0.7560845655518922,0.1687085251664865,True,False
1549,0.5494594928349297,0.6149750103532525,0.06551551751832285,True,False
1550,0.576281686565129,0.835890998986555,0.25960931242142593,True,False
1551,0.5716029459867932,0.7922806769418507,0.2206777309550575,True,False
1552,0.538971776579187,0.7675918645014151,0.2286200879222281,True,False
1553,0.560336276451325,0.7364124685349074,0.17607619208358238,True,False
1554,0.5527913897974828,0.7463240029549301,0.1935326131574473,True,False
1555,0.5818017753398448,0.7863833787440506,0.20458160340420584,True,False
1556,0.556216670295898,0.7991395125972548,0.24292284230135675,True,False
1557,0.5529489969925561,0.5507264280532262,-0.0022225689393298165,False,False
1558,0.5653235897241422,0.765901412137339,0.20057782241319677,True,False
1559,0.579998938030087,0.76586197852821,0.18586304049812308,True,False
1560,0.5992279262708372,0.5759655456562262,-0.023262380614611056,False,False
1561,0.5406002958561401,0.6649410877451741,0.12434079188903402,True,False
1562,0.5719698058890667,0.3032075761890029,-0.26876222970006375,False,False
1563,0.5494120493434881,0.69144064001639,0.14202859067290197,True,False
1564,0.5769574084755908,0.5199668257074702,-0.056990582768120635,False,False
1565,0.5807961328247118,0.618616526193291,0.03782039336857923,True,False
1566,0.5499436533852724,0.8325388947211498,0.28259524133587743,True,False
1567,0.5398155929953102,0.854016393056485,0.3142008000611748,True,False
1568,0.5659066184633579,0.7803829282999402,0.21447630983658228,True,False
1569,0.5571946026481114,0.8253315758531742,0.2681369732050628,True,False
1570,0.5628342011976278,0.9106370781105162,0.34780287691288836,True,False
1571,0.5628628218493045,0.746672361050181,0.1838095392008765,True,False
1572,0.5772277885088603,0.6220583358591446,0.044830547350284355,True,False
1573,0.5823403427915056,0.38827235352877887,-0.19406798926272673,False,False
1574,0.5194667580115625,0.7010999230092235,0.18163316499766102,True,False
1575,0.5870138859676429,0.8450772981500532,0.25806341218241025,True,False
1576,0.5822687803302395,0.7418692478445398,0.15960046751430024,True,False
1577,0.5491514363639196,0.8005046974848998,0.2513532611209802,True,False
1578,0.6150182562591376,0.76737949863661,0.1523612423774724,True,False
1579,0.5450351392188094,0.682964046020474,0.13792890680166459,True,False
1580,0.597190672599815,0.8194096190024219,0.22221894640260698,True,False
1581,0.5322227435870965,0.7836836341634374,0.2514608905763409,True,False
1582,0.5716608585333993,0.517549690386849,-0.05411116814655037,False,False
1583,0.5623780578633112,0.7461004437918435,0.1837223859285323,True,False
1584,0.5555299412765636,0.6869225644512922,0.13139262317472855,True,False
1585,0.6017768253179626,0.7159360336490771,0.11415920833111448,True,False
1586,0.5234641228910539,0.7330237356496875,0.20955961275863355,True,False
1587,0.5625101200747286,0.6903987265610196,0.12788860648629108,True,False
1588,0.5387753208536814,0.7192975610967945,0.18052224024311314,True,False
1589,0.5859735339325721,0.7029288055987776,0.11695527166620545,True,False
1590,0.5691980473699345,0.7868390349202807,0.21764098755034622,True,False
1591,0.5223305446764936,0.65791423342516,0.13558368874866633,True,False
1592,0.5098018256753444,0.7823242034445127,0.2725223777691683,True,False
1593,0.5362149352022416,0.6714200477556151,0.13520511255337353,True,False
1594,0.5681766887509625,0.7467655681476111,0.17858887939664858,True,False
1595,0.584253022943229,0.7724262385809575,0.18817321563772849,True,False
1596,0.5906470785131233,0.658483925997907,0.06783684748478369,True,False
1597,0.5486551326402499,0.7799397366964361,0.23128460405618623,True,False
1598,0.5479288810688757,0.39515436074774907,-0.15277452032112665,False,False
1599,0.5424508502905697,0.5664223924310546,0.023971542140484914,True,False
1600,0.5535972191207083,0.6480458816091326,0.09444866248842432,True,False
1601,0.5676617518150241,0.5008666912158598,-0.06679506059916429,False,False
1602,0.5683879326832758,0.851675475260941,0.2832875425776652,True,False
1603,0.5670237454912354,0.6182194410217893,0.05119569553055392,True,False
1604,0.5943199606642504,0.7427548045019509,0.14843484383770045,True,False
1605,0.5287476638344144,0.6743579618394213,0.1456102980050069,True,False
1606,0.5712699911985465,0.6136305074016415,0.042360516203095,True,False
1607,0.562183210557517,0.7474786259475515,0.18529541539003458,True,False
1608,0.5507638787020745,0.8104429515413661,0.2596790728392916,True,False
1609,0.532269854177123,0.7809985161274317,0.24872866195030863,True,False
1610,0.5934868319053652,0.7436440297516146,0.15015719784624937,True,False
1611,0.5343969940427068,0.6599752169465669,0.12557822290386011,True,False
1612,0.5780813719109897,0.7883286785837171,0.2102473066727274,True,False
1613,0.538469970140238,0.7604406305613897,0.22197066042115166,True,False
1614,0.5321300847105266,0.3508394618377081,-0.1812906228728185,False,False
1615,0.5757045062891701,0.6135165775750354,0.03781207128586528,True,False
1616,0.543253089010766,0.5876458004808108,0.044392711470044866,True,False
1617,0.5494896290564008,0.8292209490831711,0.27973132002677037,True,False
1618,0.5430634929356377,0.829866816176397,0.2868033232407593,True,False
1619,0.5649276109452586,0.8500515763187858,0.28512396537352724,True,False
1620,0.5855262623952139,0.7487884126208033,0.16326215022558943,True,False
1622,0.564772706553844,0.6056986875092709,0.04092598095542688,True,False
1623,0.5391331643056706,0.674960570547478,0.13582740624180745,True,False
1624,0.5614780497694167,0.6876805820148637,0.12620253224544697,True,False
1625,0.5635333407309592,0.694383348561184,0.13085000783022482,True,False
1626,0.5689166984954288,0.6570843262285379,0.08816762773310904,True,False
1627,0.5143737591780965,0.6820671129804488,0.16769335380235229,True,False
1628,0.5543255937935597,0.7895070593139202,0.23518146552036046,True,False
1629,0.5700624357499391,0.6705541518734883,0.10049171612354924,True,False
1631,0.5227334014982892,0.6045073823210512,0.081773980822762,True,False
1632,0.5114883375504501,0.7290861038476566,0.2175977662972065,True,False
1633,0.5592673101706189,0.8145126344280855,0.2552453242574666,True,False
1634,0.5442112124980141,0.7147371244816776,0.17052591198366351,True,False
1635,0.5133393809435877,0.633036620733182,0.11969723978959435,True,False
1636,0.5659084337985505,0.749616335825641,0.18370790202709053,True,False
1637,0.5683477793448798,0.372714133398924,-0.19563364594595578,False,False
1638,0.5863967475681165,0.7787460026126153,0.19234925504449873,True,False
1639,0.5354037884737856,0.6455078672766927,0.11010407880290718,True,False
1641,0.5393543956686047,0.6736302244155846,0.13427582874697996,True,False
1642,0.5463408215273242,0.5650928303182429,0.01875200879091865,True,False
1643,0.5273988409560695,0.628070543180449,0.10067170222437949,True,False
1644,0.5762267010339555,0.863063923972688,0.2868372229387326,True,False
1645,0.5398436130727675,0.6333496861874811,0.0935060731147136,True,False
1646,0.5508158615656318,0.6698266095767947,0.11901074801116296,True,False
1647,0.5377183362049357,0.5405336899573562,0.0028153537524204797,True,False
1648,0.5151168167532646,0.7315202777271453,0.21640346097388075,True,False
1649,0.5699988441501876,0.8869653448532847,0.31696650070309706,True,False
1650,0.5783737015516527,0.7446505169275669,0.1662768153759142,True,False
1652,0.5622481121434665,0.5317913450339984,-0.030456767109468097,False,False
1653,0.5789712253385538,0.6973156299532086,0.11834440461465479,True,False
1654,0.5711881154993982,0.766921353778349,0.19573323827895084,True,False
1655,0.5822378133467193,0.7202867357062208,0.1380489223595015,True,False
1656,0.5508402885785005,0.6547282879518924,0.10388799937339188,True,False
1657,0.5472004508256131,0.657269160654337,0.11006870982872397,True,False
1658,0.5538614005442849,0.789630335661667,0.23576893511738206,True,False
1659,0.5968869970846784,0.5912625410239333,-0.005624456060745131,False,False
1660,0.5663208674952371,0.7350358811055377,0.1687150136103006,True,False
1661,0.5665516495753229,0.7694263668693717,0.20287471729404882,True,False
1662,0.557322248358178,0.8967683437240891,0.3394460953659111,True,False
1663,0.5696365369522276,0.7555616799982334,0.18592514304600583,True,False
1664,0.558055529947678,0.6167553390159561,0.0586998090682781,True,False
1665,0.5463167793948401,0.6705170778898247,0.1242002984949846,True,False
1666,0.5370071584000684,0.7715729733270106,0.23456581492694217,True,False
1667,0.5636882143506114,0.5180501445326923,-0.04563806981791918,False,False
1668,0.5751252756215827,0.8342154218958022,0.25909014627421956,True,False
1669,0.5817252084322129,0.6940524950680589,0.11232728663584601,True,False
1670,0.5696575636049297,0.6563133932745735,0.0866558296696438,True,False
1671,0.5204458197503541,0.6935896236696075,0.17314380391925344,True,False
1672,0.5678585934661381,0.8191896073651357,0.2513310138989976,True,False
1673,0.5527681408532606,0.5725109072389379,0.01974276638567729,True,False
1674,0.5735629701271923,0.732256040030606,0.1586930699034137,True,False
1675,0.545281018366823,0.6585941634230695,0.11331314505624657,True,False
1676,0.5515319712184086,0.6592451799916897,0.10771320877328117,True,False
1677,0.555208809732037,0.5621289739640662,0.006920164232029236,True,False
1678,0.5734029563800384,0.5561716127658203,-0.017231343614218075,False,False
1679,0.5910999621913824,0.7496682908904259,0.15856832869904347,True,False
1680,0.5450028768351496,0.6022890233951272,0.05728614655997766,True,False
1681,0.5736868940676074,0.8095458959804831,0.23585900191287568,True,False
1682,0.5803390375840634,0.803864219423966,0.22352518183990266,True,False
1683,0.5334285861687387,0.461365362427055,-0.07206322374168367,False,False
1684,0.5908811812420113,0.5745898005702801,-0.016291380671731193,False,False
1685,0.5117002181923048,0.6884817172454385,0.17678149905313367,True,False
1686,0.5577584759414205,0.4994512095406792,-0.0583072664007413,False,False
1687,0.5364732492917522,0.6542856823308196,0.11781243303906741,True,False
1688,0.5531355531561963,0.7069336977081441,0.15379814455194774,True,False
1689,0.5534422425748179,0.7472287221100382,0.19378647953522032,True,False
1690,0.5473098613598674,0.6540098175025533,0.1066999561426859,True,False
1691,0.5349316282353045,0.8297021357203919,0.2947705074850874,True,False
1692,0.5587241151280614,0.7723445794814776,0.2136204643534162,True,False
1693,0.5507388698628842,0.7439177698361089,0.19317889997322468,True,False
1694,0.5276939236908337,0.7917865540892757,0.264092630398442,True,False
1695,0.5822755501606095,0.75579001244335,0.17351446228274048,True,False
1696,0.5093899996490294,0.6675911032946005,0.15820110364557105,True,False
1697,0.5509559789719893,0.7169116132074144,0.16595563423542503,True,False
1698,0.5160214505610293,0.6397543001683923,0.12373284960736297,True,False
1699,0.5422022541256689,0.7715367769060486,0.2293345227803797,True,False
1700,0.542128130213176,0.6126521527042629,0.07052402249108691,True,False
1701,0.5553236980671118,0.6720109113399008,0.11668721327278897,True,False
1702,0.5482655842315204,0.7154943774737912,0.1672287932422708,True,False
1703,0.5527044244319002,0.6268512679463996,0.0741468435144994,True,False
1704,0.5611373088262942,0.7484085566220149,0.18727124779572069,True,False
1705,0.5770219456597453,0.564785355914479,-0.012236589745266313,False,False
1706,0.5824259338426299,0.7082278892398077,0.12580195539717787,True,False
1707,0.5403351123852131,0.7513788997214288,0.21104378733621565,True,False
1708,0.5534940244006352,0.8686077602279307,0.3151137358272955,True,False
1709,0.5512494790696574,0.3624130485397209,-0.18883643052993648,False,False
1710,0.5574053681226845,0.7285313741283623,0.17112600600567784,True,False
1711,0.5726387747531329,0.7324649695774321,0.15982619482429927,True,False
1712,0.5634815302845045,0.7233629358283656,0.1598814055438611,True,False
1713,0.533779305560013,0.4668953452085459,-0.06688396035146704,False,False
1714,0.5363255444839531,0.6270205649577169,0.09069502047376377,True,False
1715,0.5763454614764244,0.8103824847060381,0.23403702322961373,True,False
1716,0.5447420779341803,0.6559467761241244,0.11120469818994416,True,False
1717,0.5664882844366292,0.6440647039128093,0.0775764194761801,True,False
1718,0.5861103957462009,0.7432925098236401,0.1571821140774392,True,False
1719,0.5648479730940641,0.7530064953125358,0.18815852221847174,True,False
1720,0.5615906863492952,0.8214216825486798,0.25983099619938455,True,False
1721,0.5743369657970986,0.6262002659632835,0.0518633001661849,True,False
1722,0.5722687422649453,0.7010952027215493,0.12882646045660406,True,False
1723,0.580492270132585,0.5887152453444501,0.008222975211865102,True,False
1724,0.53902527249473,0.5629322229060658,0.023906950411335837,True,False
1725,0.5508503056411027,0.7882923367363783,0.23744203109527562,True,False
1726,0.5479548506450399,0.3390110226012055,-0.20894382804383438,False,False
1727,0.520811465040201,0.6665128843129037,0.14570141927270264,True,False
1728,0.5507000410310807,0.7531391080299072,0.20243906699882652,True,False
1729,0.5380022682890823,0.5754965959992179,0.03749432771013561,True,False
1731,0.5343265345924366,0.7199938636342115,0.18566732904177485,True,False
1732,0.5708625281019206,0.5798675281162982,0.00900500001437754,True,False
1733,0.5200337455098254,0.7235268868906479,0.20349314138082253,True,False
1734,0.5414060925526776,0.7695212138357792,0.22811512128310163,True,False
1735,0.5926466705033452,0.56396118570011,-0.028685484803235184,False,False
1736,0.5650382358338082,0.5240285177209585,-0.0410097181128497,False,False
1737,0.5683583061366834,0.40418294917373543,-0.16417535696294794,False,False
1738,0.5892599019546975,0.7197944771638839,0.13053457520918643,True,False
1739,0.5605730105119524,0.8332688515889292,0.27269584107697675,True,False
1740,0.5444133052588884,0.6414874912856463,0.09707418602675788,True,False
1741,0.49508964592511767,0.7542595424541522,0.2591698965290345,True,False
1742,0.5465690420556896,0.7891324044598954,0.24256336240420584,True,False
1743,0.5634004828901149,0.8141991595977003,0.2507986767075854,True,False
1744,0.5767467364884296,0.6901427865315763,0.11339605004314679,True,False
1745,0.5722085983748457,0.6811968153590522,0.10898821698420647,True,False
1746,0.5278047481208322,0.7124700114485477,0.1846652633277155,True,False
1747,0.5640403999832102,0.6527049448050235,0.0886645448218133,True,False
1748,0.5578615244488456,0.756048738025258,0.19818721357641234,True,False
1749,0.5504584210800035,0.7097111648211443,0.15925274374114073,True,False
1750,0.5673252791918408,0.5797571785237616,0.012431899331920793,True,False
1751,0.5419990872311116,0.6921577753437276,0.150158688112616,True,False
1752,0.5629161953771266,0.7255009601091499,0.16258476473202332,True,False
1753,0.5456801927218852,0.8410008295492337,0.29532063682734855,True,False
1754,0.5465106784623438,0.6368891002013198,0.09037842173897603,True,False
1755,0.5307575158826383,0.7017966992864466,0.1710391834038083,True,False
1756,0.5798737098775817,0.8641328745995147,0.284259164721933,True,False
1757,0.5709372914262412,0.6532737572489236,0.08233646582268239,True,False
1758,0.5964488903289678,0.6961058187031943,0.09965692837422657,True,False
1759,0.5364296049973736,0.4282992053964366,-0.10813039960093696,False,False
1760,0.5404849080831421,0.6410644246682656,0.10057951658512354,True,False
1761,0.5745843990815422,0.5010765685184277,-0.0735078305631145,False,False
1762,0.5596750417533474,0.7896084356274556,0.22993339387410827,True,False
1763,0.5643783597088737,0.7664022619540154,0.20202390224514166,True,False
1764,0.6158578669996355,0.5015505429842357,-0.11430732401539978,False,False
1765,0.5368398768034601,0.5582917141859975,0.02145183738253742,True,False
1766,0.5487101014708557,0.6513844737097622,0.10267437223890641,True,False
1767,0.5115093975798941,0.7545428247438293,0.24303342716393517,True,False
1768,0.5214080579121291,0.6977407296453888,0.17633267173325973,True,False
1769,0.5527371603567731,0.7777444191401924,0.22500725878341932,True,False
1770,0.5481279893314323,0.32185588023406253,-0.22627210909736972,False,False
1771,0.5861430196227514,0.7331609960809038,0.1470179764581524,True,False
1772,0.5742054460277933,0.7153565522172344,0.14115110618944104,True,False
1773,0.5267365354800768,0.7331790774204907,0.2064425419404139,True,False
1774,0.5323197931655885,0.6359281888370247,0.1036083956714362,True,False
1775,0.5881486311413946,0.7521776346803796,0.16402900353898497,True,False
1776,0.570326542195687,0.585063891766171,0.014737349570484004,True,False
1777,0.582087088978282,0.8800246522598935,0.2979375632816115,True,False
1778,0.5513802163358288,0.621134031656439,0.0697538153206102,True,False
1779,0.570922415912265,0.47105320854635224,-0.09986920736591276,False,False
1780,0.5652198132444063,0.722706025827215,0.1574862125828087,True,False
1781,0.5612665873436231,0.3945005218828181,-0.16676606546080502,False,False
1782,0.5416438242610766,0.7272180730990992,0.18557424883802265,True,False
1783,0.5438297142270955,0.7094052667489565,0.16557555252186107,True,False
1784,0.5452768692456474,0.9697211816877834,0.424444312442136,True,False
1785,0.5439185028329419,0.6769979943892412,0.1330794915562994,True,False
1786,0.5560602722584082,0.7816111485956122,0.22555087633720405,True,False
1787,0.5636040456668896,0.9291771426846371,0.36557309701774754,True,False
1788,0.5758627212309442,0.5999860747398695,0.02412335350892536,True,False
1789,0.5520874742727147,0.7292276257614043,0.17714015148868967,True,False
1790,0.5371509344771889,0.6641113440007298,0.12696040952354093,True,False
1791,0.5473532943352633,0.6951636135135739,0.14781031917831067,True,False
1792,0.5837119423832802,0.6918465572301128,0.10813461484683262,True,False
1793,0.5328042033756798,0.6129972807296253,0.08019307735394554,True,False
1794,0.5488890496370117,0.8121882985388118,0.2632992489018001,True,False
1795,0.5540726747019983,0.8328131320395752,0.2787404573375769,True,False
1796,0.5516573514292318,0.7899308708787912,0.23827351944955943,True,False
1797,0.5522994113014719,0.8185298006016417,0.26623038930016985,True,False
1798,0.5608873491720616,0.8189182989897967,0.2580309498177351,True,False
1799,0.5208255176720581,0.7343492610297105,0.21352374335765245,True,False
1800,0.52907981749256,0.775411793071513,0.24633197557895303,True,False
1801,0.5332268933360437,0.5832701349760665,0.05004324164002283,True,False
1802,0.5463584807101103,0.6551923233250343,0.10883384261492401,True,False
1803,0.544853293287573,0.5948624658015712,0.05000917251399817,True,False
1804,0.52565171488969,0.7896225412869473,0.26397082639725733,True,False
1805,0.5539026422931059,0.697802756077455,0.14390011378434908,True,False
1806,0.5664985546066901,0.558853919563356,-0.007644635043334125,False,False
1807,0.5350148307975108,0.689121077877708,0.15410624708019727,True,False
1808,0.5972432270542456,0.669673377399274,0.07243015034502842,True,False
1809,0.5535736229738284,0.7462662258044384,0.19269260283060996,True,False
1810,0.5549130573453883,0.5635021534694605,0.008589096124072215,True,False
1811,0.5372000604743946,0.7951227937049484,0.2579227332305538,True,False
1812,0.5570112873174792,0.6001865362123218,0.04317524889484259,True,False
1813,0.5490322389414346,0.7485449520223091,0.19951271308087448,True,False
1814,0.5426257280616928,0.5777209543678627,0.0350952263061699,True,False
1815,0.5599699678670614,0.49549163220669323,-0.0644783356603682,False,False
1816,0.5342782017473912,0.7761961873583858,0.24191798561099465,True,False
1817,0.5366967067811319,0.7855579503945453,0.24886124361341344,True,False
1818,0.572800289776612,0.7151576051623326,0.1423573153857206,True,False
1819,0.5475304565780647,0.8167905757627724,0.2692601191847077,True,False
1820,0.5490049057538938,0.7496691198051728,0.200664214051279,True,False
1821,0.5567260123235098,0.8883799593463189,0.33165394702280904,True,False
1822,0.5269320292249217,0.8192472618298793,0.2923152326049576,True,False
1823,0.5900217535425705,0.7126103444998957,0.12258859095732522,True,False
1824,0.5528672444760201,0.6073307391411215,0.054463494665101364,True,False
1825,0.5305176507449785,0.716546601974249,0.18602895122927054,True,False
1826,0.5646739492323709,0.8611401569383448,0.29646620770597387,True,False
1827,0.5733353209980305,0.7789882054989704,0.20565288450093988,True,False
1828,0.5076931465875976,0.7889025337366321,0.28120938714903454,True,False
1829,0.551450239061962,0.8526482893390015,0.3011980502770395,True,False
1830,0.5883855186630982,0.6611871681924709,0.07280164952937274,True,False
1831,0.5433451336265324,0.8025387548652716,0.25919362123873924,True,False
1832,0.5522277467829686,0.7125749692303912,0.1603472224474226,True,False
1833,0.5298835654719762,0.7481875686221604,0.21830400315018417,True,False
1834,0.553620533889448,0.5590992317688241,0.00547869787937616,True,False
1835,0.543122620184173,0.6787561393067355,0.1356335191225625,True,False
1836,0.5116128992363368,0.7341870750824333,0.2225741758460965,True,False
1837,0.5314234895257355,0.732175676616272,0.20075218709053655,True,False
1838,0.5579096187377299,0.5673053002959016,0.00939568155817172,True,False
1839,0.49196202041807163,0.5957624927109134,0.10380047229284178,True,False
1840,0.6005657981508442,0.8930478711392185,0.29248207298837425,True,False
1841,0.5721878331789618,0.8861553451570157,0.31396751197805384,True,False
1842,0.5364913497480002,0.591510338089104,0.05501898834110386,True,False
1843,0.5460083877872708,0.8213640854313955,0.2753556976441247,True,False
1844,0.6075167519494261,0.5475623785884286,-0.059954373360997515,False,False
1845,0.5617014120365175,0.6663681664918676,0.10466675445535012,True,False
1846,0.5813294309062901,0.7561457026557911,0.17481627174950098,True,False
1847,0.5500821351970788,0.7697583507567525,0.21967621555967365,True,False
1848,0.569219223569014,0.6425102322980646,0.07329100872905059,True,False
1849,0.5325016946421713,0.6778941117706615,0.14539241712849016,True,False
1850,0.5525794815587615,0.7483088253085127,0.19572934374975126,True,False
1851,0.5261030641273696,0.8286749835063977,0.30257191937902805,True,False
1852,0.5617098684679469,0.6006116648362115,0.03890179636826463,True,False
1853,0.5279253889195132,0.6140842640691092,0.08615887514959597,True,False
1854,0.5351433303002744,0.9024570188641611,0.3673136885638867,True,False
1855,0.5907194377745393,0.436470094463275,-0.15424934331126428,False,False
1856,0.5563668156421847,0.6590877212984607,0.10272090565627601,True,False
1857,0.5605817847319301,0.7185941021337945,0.1580123174018644,True,False
1858,0.5472264646063192,0.6940837007780769,0.14685723617175772,True,False
1859,0.5733556648507083,0.8076257234090851,0.2342700585583768,True,False
1860,0.5119455602897817,0.6677200858901039,0.15577452560032223,True,False
1861,0.5331570514609428,0.7555474732153262,0.2223904217543834,True,False
1862,0.5334862325183717,0.8633938258750335,0.32990759335666187,True,False
1863,0.5719030844687859,0.8407846598664657,0.26888157539767976,True,False
1864,0.5722909046687898,0.6975386391434572,0.1252477344746673,True,False
1865,0.5283620860292395,0.7217093077803327,0.1933472217510932,True,False
1866,0.5448354992505418,0.6442942246584218,0.09945872540788003,True,False
1867,0.5675828511959362,0.7432297544522855,0.17564690325634924,True,False
1868,0.5511342507238046,0.8766990182428666,0.32556476751906194,True,False
1869,0.571054629058549,0.7662230242614458,0.19516839520289686,True,False
1870,0.5433512680685674,0.7252010884704876,0.18184982040192021,True,False
1871,0.5470421638149242,0.7915200273577622,0.24447786354283796,True,False
1872,0.5667317122134835,0.8761024924305096,0.30937078021702613,True,False
1873,0.5333609394605362,0.6183682692567056,0.08500732979616943,True,False
1874,0.5385249446318341,0.8488557969662777,0.3103308523344436,True,False
1875,0.521003346667215,0.7067776738788933,0.1857743272116783,True,False
1876,0.5771443129000753,0.850342212234279,0.2731978993342037,True,False
1877,0.5717789060723457,0.5143289163780537,-0.05744998969429205,False,False
1878,0.5257534604011019,0.5386397957154256,0.012886335314323705,True,False
1879,0.5703999243213168,0.8081010804440428,0.23770115612272602,True,False
1880,0.4722233859714977,0.7669426195197329,0.29471923354823515,True,False
1881,0.555139475714036,0.4557490858382931,-0.09939038987574289,False,False
1882,0.5396923720830595,0.7731593844126343,0.23346701232957479,True,False
1883,0.5376078989644374,0.7165798960190115,0.17897199705457412,True,False
1884,0.5383341754984922,0.758168839344001,0.21983466384550887,True,False
1885,0.5461471419097481,0.7096162333193573,0.1634690914096092,True,False
1886,0.5759802545677037,0.8012697601950969,0.22528950562739314,True,False
1887,0.5989387850367609,0.7682544432025008,0.1693156581657399,True,False
1888,0.5998452851231467,0.6131546698716229,0.013309384748476205,True,False
1889,0.5650406511788885,0.546794457078896,-0.018246194099992508,False,False
1890,0.5710292814400901,0.7984674629663066,0.22743818152621642,True,False
1891,0.5537829812229224,0.743572662168029,0.18978968094510662,True,False
1892,0.5649553366424305,0.7951435657198594,0.23018822907742897,True,False
1893,0.5934633571015683,0.7272402292510691,0.13377687214950085,True,False
1894,0.5704180364515289,0.6846480269719379,0.11422999052040905,True,False
1895,0.5523396722418228,0.8153399461690706,0.2630002739272478,True,False
1896,0.5731946119627935,0.7906718707076535,0.21747725874486,True,False
1897,0.5367534619274338,0.7398436256241572,0.2030901636967234,True,False
1898,0.5923661958163312,0.8021275539185626,0.2097613581022314,True,False
1899,0.5334844125448062,0.6840376472342158,0.15055323468940962,True,False
1900,0.5551451896549457,0.6463326908957916,0.09118750124084585,True,False
1901,0.5662963986540417,0.7380215973616204,0.17172519870757874,True,False
1902,0.5395686576482382,0.6661728713891913,0.1266042137409531,True,False
1903,0.5533820221878226,0.816034289434579,0.2626522672467564,True,False
1904,0.5599577705521377,0.7644728211147522,0.20451505056261454,True,False
1905,0.5547075588457456,0.8540371848987197,0.2993296260529741,True,False
1906,0.5597028844462466,0.7046757978756855,0.14497291342943885,True,False
1907,0.5873602350459144,0.8586761780760704,0.27131594303015605,True,False
1908,0.5799832170424709,0.9393905132734616,0.35940729623099066,True,False
1909,0.5711524001310019,0.8329629088349183,0.2618105087039164,True,False
1910,0.5855362663477142,0.3560941012066329,-0.2294421651410813,False,False
1911,0.5820544261065568,0.8640819262834641,0.28202750017690736,True,False
1912,0.509803796240671,0.7781733646051567,0.2683695683644858,True,False
1913,0.5256696702329638,0.7857880122880092,0.26011834205504536,True,False
1914,0.581092041717789,0.8031803372640794,0.2220882955462904,True,False
1915,0.6113711971346579,0.4795060030304221,-0.1318651941042358,False,False
1916,0.5427959816502712,0.7060655206938727,0.16326953904360153,True,False
1917,0.5728516015891707,0.8018202338992947,0.228968632310124,True,False
1918,0.486974620140473,0.6432581155463117,0.15628349540583875,True,False
1919,0.551514916631415,0.27588733845559854,-0.2756275781758165,False,False
1920,0.5403208152091838,0.6443901171981984,0.10406930198901454,True,False
1921,0.5418158894771573,0.30835316202740554,-0.23346272744975177,False,False
1922,0.5502676749287523,0.6526813417150273,0.10241366678627506,True,False
1923,0.5695047051586624,0.5426842153773254,-0.026820489781336998,False,False
1924,0.5785229594311688,0.6772498001648483,0.09872684073367943,True,False
1925,0.5445282720419208,0.7662599531058959,0.22173168106397512,True,False
1926,0.5663297942719975,0.6166364751533961,0.05030668088139867,True,False
1927,0.5570817957969714,0.8967158914756265,0.3396340956786551,True,False
1928,0.5310299778793208,0.648865578394541,0.11783560051522013,True,False
1929,0.5770465535868944,0.7692880929749524,0.192241539388058,True,False
1930,0.5352424738466892,0.7282294566008952,0.192986982754206,True,False
1931,0.526557911727715,0.6680838246973693,0.14152591296965422,True,False
1932,0.5385281280630618,0.7257282181533623,0.18720009009030047,True,False
1933,0.610826069842851,0.5742456182263207,-0.03658045161653034,False,False
1934,0.527648583473013,0.6803420497176457,0.15269346624463265,True,False
1935,0.5405417103443709,0.41079863298483554,-0.12974307735953539,False,False
1936,0.5513922488704568,0.7653765318786154,0.21398428300815864,True,False
1937,0.5910952894389735,0.748646555191221,0.15755126575224754,True,False
1938,0.5506627651230376,0.6255272672133294,0.07486450209029183,True,False
1939,0.5224882852757835,0.7132267514106693,0.19073846613488576,True,False
1940,0.5160803196540943,0.796647827496212,0.2805675078421177,True,False
1941,0.5288544230655108,0.6100388206892727,0.08118439762376195,True,False
1942,0.5580305223335761,0.7032753338065727,0.14524481147299662,True,False
1943,0.5834935010119904,0.6880212327217666,0.10452773170977625,True,False
1944,0.5621821805141701,0.6030851669786677,0.040902986464497526,True,False
1945,0.5403200855625562,0.5881146392007179,0.04779455363816176,True,False
1946,0.5761925507924113,0.7376722550590235,0.16147970426661218,True,False
1947,0.5729114350202457,0.7711871946159478,0.1982757595957021,True,False
1948,0.52518541970653,0.48455531111559264,-0.04063010859093735,False,False
1949,0.5433288202059833,0.6867222827441244,0.14339346253814111,True,False
1950,0.5632862561126648,0.6034105661790303,0.04012431006636552,True,False
1951,0.5884421433014262,0.6009007328094138,0.012458589507987616,True,False
1952,0.5474279155896635,0.6298806965499473,0.08245278096028374,True,False
1953,0.5401778682214193,0.5878638068199948,0.047685938598575506,True,False
1954,0.5512461367270562,0.6954783609912567,0.14423222426420046,True,False
1955,0.5360989737338542,0.6460242142428957,0.10992524050904151,True,False
1956,0.570920325698516,0.7181517638386095,0.14723143814009343,True,False
1957,0.564984982614351,0.816583623362347,0.251598640747996,True,False
1958,0.5730664924806734,0.6689437218998785,0.09587722941920507,True,False
1959,0.517668854087828,0.7822690817549602,0.2646002276671322,True,False
1960,0.5349454669843272,0.6925150814924937,0.15756961450816653,True,False
1961,0.5436789307819644,0.6764554079287243,0.13277647714675989,True,False
1962,0.5443092250477424,0.6855368295949057,0.14122760454716332,True,False
1963,0.5469287782434081,0.6528644187271168,0.10593564048370863,True,False
1964,0.5682161600493921,0.740615634340056,0.17239947429066382,True,False
1965,0.5231321431710804,0.8878704098309657,0.3647382666598853,True,False
1966,0.5628619189764936,0.7510890262801502,0.18822710730365655,True,False
1967,0.5718095283616139,0.6639076811989489,0.09209815283733502,True,False
1968,0.5695354338736213,0.6929647397620969,0.12342930588847567,True,False
1969,0.5369963029914537,0.5946323406423659,0.057636037650912186,True,False
1970,0.5685017850310534,0.8944647548344438,0.32596296980339035,True,False
1971,0.5923811883505384,0.8025263183221207,0.2101451299715823,True,False
1972,0.5719718607664571,0.8089834380351121,0.23701157726865496,True,False
1973,0.5910055585915446,0.711282858608945,0.12027730001740045,True,False
1974,0.5601175523868175,0.7040649406483042,0.14394738826148668,True,False
1975,0.5494107909480869,0.7916188386646358,0.2422080477165489,True,False
1976,0.5700528142682747,0.6731541335206986,0.10310131925242394,True,False
1977,0.5473521051132854,0.8556887799321705,0.30833667481888516,True,False
1978,0.560809613679663,0.7798988454957452,0.2190892318160822,True,False
1979,0.5900996916137374,0.6766145229959345,0.08651483138219707,True,False
1980,0.505875105831015,0.6978249650195975,0.19194985918858243,True,False
1981,0.5813312672886457,0.9132153125708855,0.3318840452822398,True,False
1982,0.5074836348270763,0.7417130428069596,0.23422940797988334,True,False
1983,0.5093088345143402,0.601892404801617,0.09258357028727682,True,False
1984,0.5421681419433698,0.45026437410732406,-0.09190376783604576,False,False
1985,0.5535312554740719,0.5161051933019931,-0.03742606217207878,False,False
1986,0.5366160475143,0.8896438320176182,0.3530277845033182,True,False
1987,0.5715380381118004,0.6741699057926378,0.10263186768083743,True,False
1988,0.5320771799858368,0.7207466399693763,0.18866945998353946,True,False
1989,0.5382648930414468,0.577500979939392,0.03923608689794522,True,False
1990,0.5328810050621856,0.8137853051692644,0.2809043001070788,True,False
1991,0.5609979644579354,0.821827097196564,0.2608291327386286,True,False
1992,0.5763455414279551,0.6775001311559072,0.1011545897279521,True,False
1993,0.5445148271629927,0.7680928040812359,0.22357797691824322,True,False
1994,0.580325187134764,0.8127422199839542,0.23241703284919024,True,False
1995,0.566313349835367,0.5931682566258264,0.026854906790459432,True,False
1996,0.5414086912305133,0.6981083558627337,0.1566996646322204,True,False
1997,0.5246135903002677,0.6465610347977537,0.12194744449748607,True,False
1998,0.5588393441519792,0.8156105047010122,0.25677116054903293,True,False
1999,0.5626968151690331,0.8136446252883117,0.2509478101192786,True,False
2000,0.592999741333522,0.7346586548441444,0.14165891351062243,True,False
2001,0.5489449809946483,0.7023490388289615,0.1534040578343132,True,False
2002,0.5515338017621206,0.6577633159895329,0.10622951422741223,True,False
2003,0.5482956076363164,0.5758809169396547,0.027585309303338357,True,False
2004,0.5857475709168186,0.3126145070960538,-0.2731330638207648,False,False
2005,0.5524426494509865,0.6624173162482399,0.10997466679725332,True,False
2006,0.5411478140788212,0.7506306367362521,0.2094828226574309,True,False
2007,0.5370306802955358,0.8002651046649186,0.2632344243693828,True,False
2008,0.5296884493376788,0.7993917210645958,0.269703271726917,True,False
2009,0.5597814625933812,0.7554843456963022,0.19570288310292094,True,False
2010,0.5690975235259578,0.758126697128467,0.18902917360250926,True,False
2011,0.58671823252094,0.6206364521757524,0.03391821965481234,True,False
2012,0.5734485719326181,0.7478221051305753,0.17437353319795723,True,False
2013,0.6035984346810424,0.6011542939210025,-0.002444140760039848,False,False
2014,0.5706903858290194,0.8344329192022606,0.26374253337324116,True,False
2015,0.5803805874252749,0.6186491332882186,0.038268545862943704,True,False
2016,0.5576446988776846,0.6490901803912782,0.09144548151359355,True,False
2017,0.5785822474160212,0.7342357560390537,0.1556535086230325,True,False
2018,0.5182046634051085,0.6765481130399401,0.1583434496348316,True,False
2019,0.5599462051315198,0.6953227597949073,0.1353765546633875,True,False
2020,0.5577685093032951,0.7232483617518267,0.16547985244853158,True,False
2021,0.5405422961397348,0.5228355175884074,-0.017706778551327407,False,False
2022,0.5458358234555707,0.6844266543011439,0.13859083084557322,True,False
2023,0.5601039339210442,0.6972268113351019,0.1371228774140577,True,False
2024,0.5657497151867172,0.5226863807047752,-0.043063334481941995,False,False
2025,0.5632197331876659,0.771337346044505,0.20811761285683905,True,False
2026,0.5679867941341787,0.7461063005103213,0.1781195063761426,True,False
2027,0.5754205890662112,0.7260669482717331,0.15064635920552194,True,False
2028,0.5535674434257288,0.5333429141195782,-0.020224529306150596,False,False
2029,0.5560852623352102,0.655062109098615,0.09897684676340479,True,False
2030,0.5155912003137277,0.6788505623091378,0.16325936199541002,True,False
2031,0.5536504166309039,0.7431373511682936,0.18948693453738974,True,False
2032,0.5477238478649995,0.6121862695288655,0.06446242166386595,True,False
2033,0.5665722259464393,0.5769598933839735,0.010387667437534165,True,False
2034,0.5686062983351073,0.698035447193068,0.12942914885796064,True,False
2035,0.5503240506180795,0.6777526605668625,0.1274286099487829,True,False
2036,0.5771908768639759,0.7489150665329052,0.17172418966892933,True,False
2037,0.5446026011770945,0.6517925499570898,0.10718994877999533,True,False
2038,0.5383744922566757,0.7564571349828838,0.21808264272620814,True,False
2039,0.5758325785915911,0.7384890620620918,0.16265648347050066,True,False
2040,0.5459026285952151,0.7401051394957867,0.1942025109005716,True,False
2041,0.5359236607446766,0.7407348703597918,0.20481120961511523,True,False
2042,0.5540217981600438,0.8495612802980648,0.29553948213802095,True,False
2043,0.5216715113987118,0.7263524142319361,0.20468090283322427,True,False
2044,0.5924206845750078,0.7276665881742245,0.13524590359921662,True,False
2045,0.5409514266351093,0.5642667576991443,0.02331533106403494,True,False
2046,0.5411780047186489,0.8495582257042228,0.30838022098557394,True,False
2047,0.5465767033100746,0.7710277356627644,0.22445103235268982,True,False
2048,0.5608328139636377,0.6089411464517683,0.04810833248813062,True,False
2049,0.5539801397778861,0.8637365993771762,0.3097564595992901,True,False
2050,0.5408815013784415,0.7525455657635904,0.21166406438514895,True,False
2051,0.5493841253072148,0.6573320620679851,0.1079479367607703,True,False
2052,0.5778303255485049,0.4882387023495791,-0.08959162319892577,False,False
2053,0.5670984195361595,0.8710652961276353,0.3039668765914758,True,False
2054,0.581531979031583,0.708106186093089,0.1265742070615059,True,False
2055,0.5444755536599021,0.6000799179308011,0.05560436427089899,True,False
2056,0.562476254126737,0.751712596712978,0.189236342586241,True,False
2057,0.5716492046747446,0.7297325816922033,0.15808337701745878,True,False
2058,0.5460939633105856,0.6225460951150782,0.07645213180449262,True,False
2059,0.5488391568806026,0.6848294469022961,0.1359902900216935,True,False
2060,0.5775343665496407,0.7346221959373829,0.15708782938774213,True,False
2061,0.5730050908683855,0.713190946377285,0.1401858555088995,True,False
2062,0.5842736948936815,0.6643747914400574,0.08010109654637587,True,False
2063,0.5522282183786151,0.6480347001589931,0.09580648178037798,True,False
2064,0.5562528164843371,0.6447089690979323,0.08845615261359518,True,False
2065,0.5108546931807515,0.8032021197443387,0.29234742656358725,True,False
2066,0.5772021574349337,0.633759912680988,0.05655775524605422,True,False
2067,0.5850719798817067,0.658902036348067,0.07383005646636032,True,False
2068,0.5498277082811306,0.605774455752276,0.055946747471145364,True,False
2069,0.5594274663759508,0.8645532841699103,0.30512581779395953,True,False
2070,0.5528569662208399,0.7507851467095736,0.19792818048873373,True,False
2071,0.5641689167580201,0.7730647626501127,0.20889584589209265,True,False
2072,0.5742723243358151,0.5571347848361533,-0.01713753949966179,False,False
2073,0.5606931807232701,0.6963996723044629,0.13570649158119275,True,False
2074,0.5613786846463842,0.8189447611222191,0.25756607647583496,True,False
2075,0.5506906302507489,0.7521085746062786,0.20141794435552962,True,False
2076,0.5555761262167911,0.7389381364925642,0.18336201027577315,True,False
2077,0.5507108843861612,0.6679350018426335,0.11722411745647232,True,False
2078,0.5386922719593723,0.6301361824876508,0.0914439105282785,True,False
2079,0.6049219410541383,0.524062125778848,-0.08085981527529029,False,False
2080,0.5116902400748962,0.8926579618448975,0.3809677217700014,True,False
2081,0.5432825403210928,0.5982626636392417,0.054980123318148943,True,False
2082,0.5929888938057213,0.7087607302549919,0.11577183644927058,True,False
2083,0.5627439991229523,0.753823791467408,0.1910797923444557,True,False
2084,0.5460415395696558,0.6894909568192724,0.14344941724961657,True,False
2085,0.5641809180677604,0.41080374786497414,-0.15337717020278624,False,False
2086,0.5739454313236847,0.7314049495011576,0.15745951817747295,True,False
2087,0.5869506598053931,0.8570252912469982,0.27007463144160515,True,False
2088,0.5853800992507785,0.7536914615961666,0.16831136234538813,True,False
2089,0.5331714347908948,0.657177381125584,0.1240059463346892,True,False
2090,0.5694861896148552,0.5854163533642144,0.015930163749359183,True,False
2091,0.5662307705155369,0.6789545655527129,0.112723795037176,True,False
2092,0.556322825645179,0.7228269560867919,0.16650413044161294,True,False
2093,0.5604374633695355,0.7930928790681446,0.23265541569860915,True,False
2094,0.5514320886679199,0.7489700677123969,0.197537979044477,True,False
2095,0.5465850374419258,0.728498793566544,0.18191375612461824,True,False
2096,0.5639556358272434,0.7887608897740597,0.22480525394681627,True,False
2097,0.5392270267860741,0.7128432693373725,0.17361624255129837,True,False
2098,0.5738765156088119,0.6596218392315525,0.08574532362274057,True,False
2099,0.5526397932851951,0.5963998521805289,0.04376005889533385,True,False
2100,0.5570377084930738,0.5714669582176437,0.014429249724569937,True,False
2101,0.5482208827581136,0.6868927358250009,0.13867185306688723,True,False
2102,0.5203361060767183,0.7901335694672195,0.26979746339050115,True,False
2103,0.5849204762601762,0.7541452544699089,0.1692247782097327,True,False
2104,0.5581378844134925,0.7882603411335566,0.23012245672006404,True,False
2105,0.5087981433185352,0.7534244338613298,0.2446262905427946,True,False
2106,0.5519943258291422,0.7477054449104462,0.195711119081304,True,False
2107,0.5790347309389552,0.8228981271314515,0.2438633961924963,True,False
2108,0.5649814493098533,0.6937699924046126,0.1287885430947593,True,False
2109,0.606868992854406,0.6059544562917065,-0.0009145365626994639,False,False
2110,0.5534726688340164,0.5830876193475878,0.029614950513571436,True,False
2111,0.5807602956249893,0.7390611844175373,0.158300888792548,True,False
2112,0.5771589767805221,0.691950299541677,0.11479132276115489,True,False
2113,0.563775749668961,0.45050801817981745,-0.1132677314891436,False,False
2114,0.5748448699863699,0.6717018146713092,0.09685694468493933,True,False
2115,0.5478847991674527,0.8377144109883955,0.2898296118209428,True,False
2116,0.5773792305374673,0.5391266990636003,-0.03825253147386698,False,False
2117,0.5762425179620473,0.8589999742644666,0.28275745630241933,True,False
2118,0.5180369005744738,0.7151255521630367,0.19708865158856292,True,False
2119,0.5250308573918742,0.7218284183101761,0.19679756091830192,True,False
2120,0.5739596353038708,0.6016835575815702,0.027723922277699375,True,False
2121,0.536317854295859,0.8403472752472545,0.3040294209513955,True,False
2122,0.6016782576275019,0.783104377783549,0.1814261201560471,True,False
2123,0.5379380294692718,0.43794223191413,-0.09999579755514182,False,False
2124,0.5434822766246559,0.578975809046628,0.035493532421972174,True,False
2125,0.5775063758656039,0.6576620248864006,0.08015564902079664,True,False
2126,0.5638088959159454,0.8543460522847699,0.2905371563688245,True,False
2127,0.5495076602485054,0.7836428321685095,0.2341351719200041,True,False
2128,0.5510658443152745,0.6903796979767275,0.139313853661453,True,False
2129,0.5590421441823905,0.6190337296019566,0.05999158541956606,True,False
2130,0.5561861380930313,0.27347220976026254,-0.28271392833276876,False,False
2131,0.5735763476699376,0.5827529757248328,0.009176628054895164,True,False
2132,0.5654435583870848,0.4562831377496265,-0.10916042063745834,False,False
2133,0.5684314374534867,0.5106512525012942,-0.057780184952192504,False,False
2134,0.5455000727114157,0.7085724063896532,0.1630723336782376,True,False
2135,0.5317906795739737,0.839783111783464,0.30799243220949024,True,False
2136,0.5432934404397859,0.5980146539359319,0.054721213496146004,True,False
2137,0.5764877580385221,0.6868696727011022,0.11038191466258007,True,False
2138,0.5794334404795256,0.23979291958844906,-0.33964052089107655,False,False
2139,0.5651118762959384,0.6883106048529588,0.12319872855702041,True,False
2140,0.5691473649879526,0.7818941938522215,0.21274682886426888,True,False
2141,0.5691718581061227,0.6705497708221804,0.10137791271605767,True,False
2142,0.5651485393846459,0.559821484079987,-0.005327055304658934,False,False
2143,0.5462116423359631,0.7324356224459591,0.18622398010999597,True,False
2144,0.5582716393171705,0.45434302086763567,-0.10392861844953483,False,False
2145,0.5331589299610743,0.6549139272609212,0.12175499729984696,True,False
2146,0.5603045089404258,0.6329917823045035,0.07268727336407765,True,False
2147,0.5317282070765433,0.6218566155902595,0.09012840851371617,True,False
2148,0.5206531514974726,0.535150802903856,0.014497651406383372,True,False
2149,0.553129519810112,0.9464343853125167,0.3933048655024046,True,False
2150,0.5531050083692177,0.37693713098284065,-0.17616787738637707,False,False
2151,0.5496718897272719,0.664524219907101,0.1148523301798291,True,False
2152,0.5550225832972009,0.7513624286930379,0.19633984539583704,True,False
2153,0.5515093644534208,0.6004425068173618,0.048933142363940973,True,False
2154,0.5706951207156237,0.8298424340837732,0.25914731336814956,True,False
2155,0.5671703142351195,0.3280972513279104,-0.23907306290720914,False,False
2156,0.5831239291269067,0.48241432043815924,-0.10070960868874745,False,False
2157,0.5695681172844175,0.6861131578206026,0.11654504053618508,True,False
2158,0.5596764783322916,0.7969569752615634,0.23728049692927178,True,False
2159,0.5569031138066785,0.8634633632992822,0.30656024949260374,True,False
2160,0.5476403461777264,0.7938305169792722,0.24619017080154582,True,False
2161,0.5493831971873946,0.7200450526085258,0.17066185542113121,True,False
2162,0.5653179252733753,0.6168307309769013,0.05151280570352601,True,False
2163,0.5469263531460014,0.6922046145747639,0.14527826142876255,True,False
2164,0.5626574560675073,0.6079805256199585,0.045323069552451245,True,False
2165,0.6161754764927668,0.754309840494871,0.13813436400210422,True,False
2166,0.5595646346932954,0.7665365024343115,0.20697186774101606,True,False
2167,0.5567365560889861,0.28721395292862184,-0.26952260316036425,False,False
2168,0.5667936454181318,0.7135396648571103,0.14674601943897847,True,False
2169,0.5896835241952664,0.7187436607268233,0.1290601365315569,True,False
2170,0.5872851512053806,0.637953845545545,0.05066869434016441,True,False
2171,0.5646370263140905,0.8337901178932074,0.26915309157911693,True,False
2172,0.5654773839042803,0.6337004434019547,0.06822305949767449,True,False
2173,0.551489052858226,0.6237217417374801,0.07223268887925405,True,False
2174,0.5942605139626069,0.6588461832861063,0.0645856693234994,True,False
2175,0.5496561049327277,0.7233070868606333,0.17365098192790562,True,False
2176,0.5696876817055597,0.7474355033043694,0.17774782159880964,True,False
2177,0.5018066429512211,0.7853927744346062,0.2835861314833851,True,False
2178,0.558152114817927,0.6498259020116876,0.09167378719376051,True,False
2179,0.5103042546133508,0.5962969324332154,0.08599267781986453,True,False
2180,0.559295419809545,0.7162918021233377,0.15699638231379265,True,False
2181,0.535618153528733,0.7841312726236672,0.24851311909493423,True,False
2182,0.5356967274181419,0.6680331864244337,0.13233645900629176,True,False
2183,0.5661928037375398,0.7054253770325104,0.13923257329497063,True,False
2184,0.5574006321623861,0.6873941070599563,0.12999347489757018,True,False
2185,0.5284207946142251,0.8420719631091262,0.31365116849490116,True,False
2186,0.5511416743204812,0.4842658282770082,-0.06687584604347302,False,False
2187,0.5569933525699858,0.6179732253420863,0.060979872772100485,True,False
2188,0.5435940352751362,0.7307463324188446,0.1871522971437084,True,False
2189,0.5130164268469767,0.8372891402830728,0.3242727134360961,True,False
2190,0.5837944703787108,0.8360348413234434,0.2522403709447326,True,False
2191,0.5589894170436938,0.6948761587032134,0.13588674165951964,True,False
2192,0.5599365287885124,0.5664244956100996,0.006487966821587143,True,False
2193,0.5706425981659882,0.6996657634798051,0.12902316531381697,True,False
2194,0.5780391362551448,0.5706074601160339,-0.007431676139110888,False,False
2195,0.5668790775601384,0.6027429589587616,0.035863881398623176,True,False
2196,0.5510649614607769,0.657993634797075,0.10692867333629807,True,False
2197,0.5493293712080829,0.7184842351805952,0.16915486397251234,True,False
2198,0.570799442632872,0.6275251311688016,0.05672568853592963,True,False
2199,0.5667713269105089,0.692274635487159,0.12550330857665004,True,False
2201,0.5748965506571224,0.7019231727767816,0.1270266221196592,True,False
2202,0.5438153945633768,0.6359957020272824,0.0921803074639056,True,False
2203,0.5447245008920691,0.5359615373348479,-0.008762963557221282,False,False
2204,0.5594042640624156,0.595926666836161,0.03652240277374541,True,False
2205,0.5455148676591262,0.7171222986617556,0.17160743100262943,True,False
2206,0.557511961450189,0.6664954779634519,0.10898351651326288,True,False
2207,0.5816902064580896,0.687395843638306,0.10570563718021642,True,False
2208,0.5393616948560256,0.7413469810498825,0.20198528619385692,True,False
2209,0.5727398305806738,0.7866645315717319,0.2139247009910581,True,False
2210,0.5550043004750562,0.7272402292510691,0.1722359287760129,True,False
2211,0.5564273471974279,0.7745920329481533,0.21816468575072534,True,False
2212,0.5519794734954158,0.4559770840621959,-0.09600238943321987,False,False
2213,0.5714763475886544,0.6080496390103698,0.03657329142171539,True,False
2214,0.5451279923378648,0.6933506892182926,0.14822269688042777,True,False
2215,0.5540597247731428,0.6884053471771447,0.13434562240400194,True,False
2216,0.5368986053850983,0.6081669494417445,0.07126834405664628,True,False
2218,0.5439275547712732,0.7586245763914771,0.21469702162020388,True,False
2219,0.5653575700610151,0.6747983723025962,0.10944080224158115,True,False
2220,0.5548811478199971,0.8292674406890977,0.27438629286910066,True,False
2221,0.5358961061992908,0.7209279765893464,0.18503187039005553,True,False
2222,0.5251657364931489,0.5972591346910724,0.07209339819792349,True,False
2223,0.5519777697831341,0.43885740839879916,-0.1131203613843349,False,False
2224,0.5546190047106261,0.8146429259350322,0.2600239212244061,True,False
2225,0.5604606917408382,0.7732966011125153,0.21283590937167707,True,False
2226,0.5092233632304335,0.6994908264422426,0.1902674632118091,True,False
2227,0.5629272123543612,0.7223074829064868,0.15938027055212567,True,False
2228,0.5117529719687677,0.5727680110402888,0.06101503907152117,True,False
2229,0.5634009986084614,0.6017024743323082,0.03830147572384679,True,False
2230,0.5749900926925803,0.5122769732235853,-0.06271311946899494,False,False
2231,0.5634111797134497,0.7688967708769628,0.20548559116351317,True,False
2232,0.5446467082854,0.6907201567085814,0.14607344842318148,True,False
2233,0.5358006377928125,0.711527785992279,0.17572714819946644,True,False
2234,0.5565021692539527,0.7552953882650926,0.1987932190111399,True,False
2235,0.5803539980710692,0.7284797560901041,0.14812575801903483,True,False
2236,0.5543550689458121,0.5243727876883477,-0.029982281257464383,False,False
2237,0.5607674160551436,0.5599927956681823,-0.0007746203869613,False,False
2238,0.5991639787304835,0.7006105945278343,0.1014466157973507,True,False
2239,0.5270260792737064,0.7036259536653505,0.17659987439164415,True,False
2240,0.5466135818734638,0.8200498258602629,0.2734362439867991,True,False
2241,0.5386525787170173,0.6724101400737458,0.13375756135672845,True,False
2242,0.5779374173260146,0.618502596140663,0.040565178814648495,True,False
2243,0.5424510730159521,0.8122200923929116,0.2697690193769595,True,False
2244,0.554005122192281,0.7825452374241948,0.22854011523191375,True,False
2245,0.5463791614172967,0.5144166752720358,-0.03196248614526087,False,False
2246,0.5607706183604649,0.7986607942588929,0.23789017589842798,True,False
2247,0.5718889071876694,0.7792790654141467,0.20739015822647733,True,False
2248,0.5726245032000854,0.6764899717954925,0.10386546859540713,True,False
2249,0.5654193997399668,0.5527847038760273,-0.012634695863939505,False,False
2250,0.555948523762869,0.6794402921824164,0.12349176841954745,True,False
2251,0.5387184193021944,0.5640015372453422,0.025283117943147748,True,False
2252,0.5489707692601802,0.6397564304967558,0.09078566123657561,True,False
2253,0.561962452270269,0.5513159395492115,-0.010646512721057433,False,False
2254,0.5295360994876485,0.6324004923412535,0.10286439285360505,True,False
2255,0.5606653875618955,0.7193760123432277,0.15871062478133213,True,False
2256,0.5473675734186115,0.6101283044923894,0.06276073107377789,True,False
2257,0.5496106888448247,0.7900962713767191,0.24048558253189445,True,False
2258,0.5208381886488085,0.6596204759097012,0.1387822872608927,True,False
2259,0.5449312036760828,0.7450782198486122,0.2001470161725294,True,False
2260,0.5620295466978227,0.7381241168164457,0.17609457011862306,True,False
2261,0.5589475446949564,0.6474187939985242,0.08847124930356776,True,False
2262,0.5660339381005134,0.7645230407598343,0.19848910265932096,True,False
2263,0.5428697859187216,0.6704688305735048,0.12759904465478322,True,False
2264,0.5621147364393807,0.7445462060228815,0.18243146958350076,True,False
2265,0.531437054983281,0.7126793368182434,0.18124228183496238,True,False
2266,0.5605355180736021,0.712047750487295,0.15151223241369283,True,False
2267,0.5592181462246856,0.7253614888466926,0.16614334262200703,True,False
2268,0.5588257707501063,0.5048556525449702,-0.053970118205136086,False,False
2269,0.5801763978803665,0.7530064953125358,0.17283009743216937,True,False
2270,0.5880703375924096,0.7435048549665114,0.15543451737410185,True,False
2271,0.5735346246714329,0.8015446387652574,0.2280100140938245,True,False
2272,0.5155805704959906,0.7457293053523971,0.23014873485640652,True,False
2273,0.5528112823013508,0.6382666173923447,0.0854553350909939,True,False
2274,0.5547249492431143,0.8560855360438107,0.30136058680069633,True,False
2275,0.5363539061991316,0.7538545590759386,0.21750065287680698,True,False
2276,0.5351913223915272,0.6859334582770832,0.15074213588555596,True,False
2277,0.5487454102665044,0.7143243912571352,0.16557898099063084,True,False
2278,0.5329153346853523,0.6641300624862769,0.13121472780092458,True,False
2279,0.574228230243938,0.5213463427421221,-0.05288188750181588,False,False
2280,0.5558803295413096,0.7313331835098783,0.1754528539685687,True,False
2281,0.559999250934352,0.8625522684270255,0.3025530174926735,True,False
2282,0.5338041203056689,0.6229134403673707,0.0891093200617018,True,False
2283,0.5616003820990518,0.7246427641538123,0.16304238205476052,True,False
2284,0.5437182779651488,0.6457550616874949,0.10203678372234604,True,False
2285,0.5526494279393286,0.757248744165008,0.2045993162256794,True,False
2286,0.5240811427111808,0.5829978145492238,0.058916671838043055,True,False
2287,0.5828463407964232,0.72914146732093,0.14629512652450682,True,False
2288,0.5719719983234945,0.821346344926194,0.24937434660269941,True,False
2289,0.5008652276025839,0.8667873996333141,0.3659221720307302,True,False
2290,0.5547374697579847,0.78317976061085,0.22844229085286538,True,False
2291,0.5901000270719623,0.30122800637428576,-0.28887202069767653,False,False
2292,0.5630573874167949,0.8587396501361132,0.2956822627193183,True,False
2293,0.5442677278336794,0.7835123494236953,0.23924462159001592,True,False
2294,0.5791551710527224,0.7415295771846104,0.16237440613188803,True,False
2295,0.5419178007622235,0.7180127230854707,0.1760949223232472,True,False
2296,0.5540304164302583,0.67692799576504,0.12289757933478174,True,False
2297,0.5912974641385279,0.7525210835588161,0.16122361942028818,True,False
2298,0.5582622721119099,0.7672257749104965,0.20896350279858655,True,False
2299,0.5457502766220119,0.3332266902223998,-0.2125235863996121,False,False
2300,0.5347711699520352,0.8139383416291317,0.2791671716770965,True,False
2301,0.5551197675974137,0.6584575597752069,0.10333779217779326,True,False
2302,0.5543069257888537,0.7416504114291763,0.18734348564032266,True,False
2303,0.5587447164721256,0.7407749201971773,0.18203020372505163,True,False
2304,0.5426610942295594,0.6439904800674375,0.1013293858378781,True,False
2305,0.5367401268156692,0.5731337976238081,0.036393670808138934,True,False
2306,0.5755538645219278,0.7404475412924351,0.16489367677050726,True,False
2307,0.5417407198330619,0.685573829359948,0.1438331095268861,True,False
2308,0.5706522046792187,0.5589546562415013,-0.01169754843771742,False,False
2309,0.5672645254594049,0.7439796378273593,0.17671511236795445,True,False
2310,0.5568038099125009,0.8110240026311302,0.2542201927186293,True,False
2311,0.5717165330385803,0.6216159739838367,0.049899440945256446,True,False
2312,0.5783764482095463,0.5966767194161133,0.018300271206567076,True,False
2313,0.5176938547360654,0.5172460813715997,-0.00044777336446577554,False,False
2314,0.5662975322163915,0.653172207075944,0.08687467485955258,True,False
2316,0.5773517917472124,0.6900735709851329,0.11272177923792048,True,False
2317,0.5496232840624247,0.7153729017698617,0.165749617707437,True,False
2318,0.5565117352439547,0.7168857900753748,0.1603740548314201,True,False
2319,0.5352671039686239,0.7675829796923098,0.23231587572368595,True,False
2320,0.591208902076987,0.48947935679183974,-0.10172954528514722,False,False
2321,0.5437344620261049,0.6911090086778028,0.1473745466516979,True,False
2322,0.5468762305265161,0.7066451191217642,0.15976888859524807,True,False
2323,0.5768603562043041,0.6929244386008181,0.116064082396514,True,False
2324,0.5475395080952244,0.7792773400654914,0.23173783197026698,True,False
2325,0.5647248196610267,0.7628580109972164,0.19813319133618967,True,False
2326,0.5559252763398661,0.6873315979034652,0.1314063215635991,True,False
2327,0.5397621412469714,0.5482265480127093,0.008464406765737897,True,False
2328,0.5714577257242532,0.36052018590099966,-0.21093753982325358,False,False
2329,0.5452632997959538,0.7479829635235957,0.20271966372764194,True,False
2330,0.5414133569447762,0.7592638551791552,0.21785049823437896,True,False
2331,0.5674934748343161,0.8270232276453056,0.25952975281098944,True,False
2332,0.5610219656816691,0.8627226575801208,0.3017006918984517,True,False
2333,0.5520390147748165,0.5313594697422895,-0.020679545032527002,False,False
2334,0.5971934018346962,0.7245746417690481,0.1273812399343519,True,False
2335,0.5973159508303043,0.8450775967800163,0.24776164594971195,True,False
2336,0.5586785663721204,0.7103133085274913,0.15163474215537087,True,False
2337,0.5718407923347483,0.5377945854331447,-0.03404620690160354,False,False
2338,0.5490002595767504,0.8051643052380829,0.25616404566133255,True,False
2339,0.5681245466478729,0.6768278451901819,0.10870329854230898,True,False
2340,0.5174192366089556,0.6794488326140058,0.16202959600505018,True,False
2341,0.5602539847798725,0.7869808521430859,0.22672686736321335,True,False
2342,0.5609934479643974,0.7579688919968963,0.1969754440324989,True,False
2343,0.5595966198009996,0.6705961482637226,0.11099952846272299,True,False
2344,0.5874104196616462,0.7477363168236383,0.16032589716199208,True,False
2345,0.5377632366029426,0.9037166804003397,0.36595344379739714,True,False
2346,0.5580894214444714,0.582590142811482,0.024500721367010647,True,False
2347,0.5672208338373145,0.7548997093871455,0.18767887554983098,True,False
2348,0.5474875201010042,0.7552483758531713,0.20776085575216707,True,False
2349,0.5602191070512779,0.7522208565042858,0.19200174945300796,True,False
2350,0.5349155124654649,0.6880526822948776,0.15313716982941272,True,False
2351,0.5503203310390117,0.8615091958841818,0.31118886484517017,True,False
2353,0.5810136251264366,0.6850169485820157,0.10400332345557906,True,False
2354,0.5654045436148333,0.5440553093474548,-0.021349234267378447,False,False
2355,0.5359650401900194,0.7535329721676052,0.21756793197758573,True,False
2357,0.5795445846282945,0.42264754288969747,-0.15689704173859703,False,False
2358,0.5630155176385914,0.875323218239617,0.31230770060102564,True,False
2359,0.5592206487744548,0.46436829568365506,-0.0948523530907997,False,False
2360,0.5472961438713072,0.7014783330852488,0.15418218921394156,True,False
2361,0.554470499733722,0.45307786706535474,-0.10139263266836723,False,False
2362,0.5586706319421308,0.7595183612936541,0.20084772935152329,True,False
2363,0.5655469010126976,0.6737716466101297,0.10822474559743211,True,False
2364,0.5621764373650989,0.7406446400251807,0.1784682026600818,True,False
2365,0.5290939626604527,0.7642976628128346,0.2352037001523819,True,False
2366,0.5609067734549119,0.578720576555478,0.017813803100566128,True,False
2367,0.5584370394068293,0.7182579625940033,0.159820923187174,True,False
2368,0.5589144307048394,0.5376536657865832,-0.021260764918256125,False,False
2369,0.5664169952684044,0.6954316713114995,0.12901467604309513,True,False
2370,0.5827013457157201,0.8336086400131275,0.25090729429740743,True,False
2371,0.5506996904220854,0.5360667799626206,-0.014632910459464799,False,False
2372,0.5585921985417468,0.6719074680751739,0.11331526953342708,True,False
2373,0.5735828757066712,0.9061956545251604,0.33261277881848916,True,False
2374,0.5418331285027578,0.6001270699540242,0.05829394145126643,True,False
2375,0.5588868950187164,0.47706466317112906,-0.0818222318475873,False,False
2376,0.4769474406557315,0.7780528534221222,0.30110541276639063,True,False
2377,0.5388911826551543,0.7135597406551064,0.17466855799995207,True,False
2378,0.5596259920160465,0.6866088834894006,0.12698289147335418,True,False
2379,0.5400939285893763,0.8381791015990062,0.2980851730096299,True,False
2380,0.5506301261540532,0.7842405387785963,0.23361041262454318,True,False
2381,0.5553381687735683,0.5865784039908282,0.031240235217259826,True,False
2382,0.5596214366000392,0.8365845226479477,0.27696308604790854,True,False
2383,0.5630009386895196,0.7466141267936836,0.18361318810416394,True,False
2384,0.5488272101824914,0.82895584983528,0.28012863965278867,True,False
2385,0.553968136270613,0.8664136313817787,0.3124454951111657,True,False
2386,0.5405381825511367,0.760164730874059,0.21962654832292228,True,False
2387,0.5394585807330726,0.7064701130280853,0.16701153229501264,True,False
2388,0.5736695861523271,0.7543095691360422,0.18063998298371509,True,False
2389,0.579509461345234,0.7081716595249241,0.12866219817969016,True,False
2390,0.5512190242018229,0.6701523359605338,0.11893331175871091,True,False
2391,0.5915250903772967,0.8493872447403535,0.2578621543630568,True,False
2392,0.5635712014734369,0.6733313153036248,0.10976011383018791,True,False
2393,0.5441593886370942,0.7516515479472614,0.20749215931016718,True,False
2394,0.5602680483675226,0.7226103118292815,0.16234226346175884,True,False
2395,0.5389015817557206,0.7482232640578591,0.20932168230213855,True,False
2396,0.5521489788856391,0.7712593160236104,0.21911033713797134,True,False
2397,0.5783719875934468,0.8321156646908147,0.2537436770973679,True,False
2398,0.5458048783471285,0.663623455316079,0.11781857696895048,True,False
2399,0.5633399133435905,0.6896094084665007,0.1262694951229102,True,False
2400,0.5582437969967381,0.9047851271295008,0.34654133013276267,True,False
2401,0.5449098981153139,0.7719147806930343,0.22700488257772045,True,False
2402,0.5507388239872116,0.6394048247530529,0.0886660007658413,True,False
2403,0.5460021805029406,0.7192792079287941,0.1732770274258535,True,False
2404,0.5329316279604825,0.5803308439619087,0.04739921600142616,True,False
2405,0.5447320855771969,0.8326102363989715,0.2878781508217746,True,False
2406,0.5667401479329957,0.6892826774741955,0.12254252954119982,True,False
2407,0.576849194702453,0.7211607395537045,0.14431154485125153,True,False
2408,0.5548030429431278,0.5303581585314832,-0.024444884411644607,False,False
2409,0.5702438519851603,0.6991304665712872,0.12888661458612694,True,False
2410,0.5375583506834178,0.6986940152100352,0.16113566452661732,True,False
2411,0.5803517003751644,0.6467874224209024,0.066435722045738,True,False
2412,0.5752128863654413,0.4031705493996847,-0.1720423369657566,False,False
2413,0.5461938468291402,0.7172440535469282,0.17105020671778803,True,False
2414,0.5514811285102027,0.6273598657337021,0.07587873722349936,True,False
2415,0.5219774870959708,0.731159097108835,0.20918161001286417,True,False
2416,0.5790536652548772,0.8095927013385915,0.2305390360837143,True,False
2417,0.5157045951664737,0.7746440164022631,0.2589394212357894,True,False
2418,0.5325221277520633,0.5099080137712853,-0.02261411398077806,False,False
2419,0.5659644589182987,0.6991677100610594,0.13320325114276066,True,False
2420,0.5676260705392073,0.7536436961272419,0.18601762558803459,True,False
2421,0.5670857089733105,0.8750991135156818,0.30801340454237136,True,False
2422,0.5878848217834842,0.7903547850235094,0.2024699632400252,True,False
2423,0.5981778346229332,0.6763716282134524,0.07819379359051926,True,False
2424,0.5600930199905305,0.7121141160988141,0.15202109610828363,True,False
2425,0.5675303224397082,0.7829344723245267,0.21540414988481849,True,False
2426,0.5756307750820072,0.8397605916809614,0.2641298165989542,True,False
2427,0.5404522436293858,0.703873264895774,0.16342102126638813,True,False
2428,0.5739571208033155,0.8282032066783763,0.2542460858750608,True,False
2429,0.542491284572427,0.7045171039136314,0.1620258193412044,True,False
2430,0.5692775670817529,0.7970194983545043,0.22774193127275133,True,False
2431,0.5430816408538645,0.9150739172358119,0.37199227638194743,True,False
2432,0.5424792211583584,0.6837478505844645,0.14126862942610607,True,False
2433,0.5822311733231988,0.8126436624551171,0.23041248913191825,True,False
2434,0.5471646166436919,0.8190574753661466,0.2718928587224547,True,False
2435,0.5736203662031459,0.7887686231592825,0.2151482569561366,True,False
2436,0.5774093827258671,0.6582237476655303,0.08081436493966321,True,False
2437,0.5627074477762384,0.7860162981873932,0.22330885041115478,True,False
2438,0.5733971831975417,0.7250010582269786,0.15160387502943684,True,False
2440,0.5680679588422082,0.5487855557649612,-0.019282403077246935,False,False
2441,0.5312242476172581,0.4728376166965049,-0.058386630920753135,False,False
2442,0.5253056203409315,0.5627357154706945,0.03743009512976292,True,False
2443,0.5829969853336857,0.48929041284753366,-0.09370657248615205,False,False
2444,0.5524375409174059,0.5238784128867037,-0.028559128030702263,False,False
2445,0.5200523899847255,0.30737753173577725,-0.21267485824894822,False,False
2446,0.5642189545628077,0.584037401884437,0.019818447321629296,True,False
2447,0.5440136284982853,0.4464324519640068,-0.09758117653427845,False,False
2448,0.5709739194710495,0.8200048208528367,0.24903090138178718,True,False
2449,0.5777139741890908,0.5931827373594362,0.015468763170345401,True,False
2450,0.5702684839605241,0.7106648423231152,0.14039635836259112,True,False
2451,0.5672537420625899,0.7700728388688554,0.20281909680626542,True,False
2452,0.5620986572438563,0.6152016597382872,0.053103002494430895,True,False
2453,0.5669598107868774,0.6929489378961844,0.125989127109307,True,False
2454,0.5420152380409882,0.6487621776659783,0.10674693962499016,True,False
2455,0.5606516428000201,0.6836885315525826,0.12303688875256247,True,False
2456,0.5844957461181706,0.5967044717380574,0.01220872561988684,True,False
2457,0.5444212161536313,0.7248904638611847,0.18046924770755346,True,False
2458,0.5519385359806281,0.5888561428795935,0.036917606898965394,True,False
2459,0.5482470854876708,0.5749420948545313,0.026695009366860534,True,False
2460,0.5640708836480115,0.6224471963844593,0.05837631273644783,True,False
2461,0.5675021084517269,0.775433035833899,0.20793092738217211,True,False
2462,0.557142985745401,0.8431346384136134,0.28599165266821236,True,False
2463,0.5643313377201595,0.6640122583160775,0.09968092059591793,True,False
2464,0.5455072118849896,0.5876933197879717,0.04218610790298205,True,False
2465,0.5380238661555905,0.7497524168990457,0.2117285507434552,True,False
2466,0.5752520191514279,0.8238378658711185,0.24858584671969064,True,False
2467,0.5411649921932872,0.6504771012423791,0.10931210904909194,True,False
2468,0.5777648542871504,0.6771624575201797,0.09939760323302926,True,False
2469,0.5509850204027152,0.8353622457911264,0.28437722538841115,True,False
2470,0.5615185804002747,0.5476110236171663,-0.013907556783108399,False,False
2471,0.5408140788830367,0.8070217023628855,0.26620762347984883,True,False
2472,0.5376255153060188,0.6517687691687564,0.1141432538627376,True,False
2473,0.5391131736582206,0.5119978609650033,-0.02711531269321732,False,False
2474,0.5693166580437233,0.8094356214460242,0.24011896340230088,True,False
2475,0.5680471067082524,0.7248706572114701,0.15682355050321772,True,False
2476,0.5140778037093731,0.8062863414816512,0.2922085377722782,True,False
2477,0.5627114005387195,0.8639601711567934,0.30124877061807387,True,False
2478,0.511228666332212,0.7632158588635931,0.25198719253138113,True,False
2479,0.5796181478435056,0.6256703251938018,0.04605217735029621,True,False
2480,0.5170358915500478,0.6523735330771734,0.13533764152712557,True,False
2481,0.5651599825525455,0.7505332047469948,0.1853732221944493,True,False
2482,0.5605268051429703,0.730100357748336,0.16957355260536577,True,False
2483,0.5558054721276622,0.6608028166992845,0.10499734457162235,True,False
2484,0.5836227696234527,0.7208651996596684,0.13724243003621572,True,False
2485,0.5543404446552977,0.6592857574483404,0.10494531279304264,True,False
2486,0.5765354247482883,0.7414248468050549,0.1648894220567666,True,False
2487,0.5671877872659847,0.7610641321709396,0.19387634490495487,True,False
2488,0.555249501907458,0.7832465552609049,0.2279970533534469,True,False
2489,0.5348354350081793,0.7577333725565701,0.22289793754839082,True,False
2490,0.5473901133496365,0.6969878173620435,0.14959770401240702,True,False
2491,0.541872777592861,0.7672240949732874,0.22535131738042635,True,False
2492,0.5280438641274783,0.8290080540118193,0.30096418988434104,True,False
2493,0.5582705585419084,0.7600507657356304,0.20178020719372192,True,False
2494,0.5897636978524597,0.7145351255186366,0.12477142766617688,True,False
2495,0.5866022217365896,0.6546784451994723,0.06807622346288267,True,False
2496,0.5554643275145843,0.7874965033497737,0.23203217583518942,True,False
2497,0.557106860091667,0.6723332216581297,0.11522636156646271,True,False
2498,0.5988194714946162,0.7570678170967114,0.15824834560209522,True,False
2499,0.5573664204891385,0.673375408520165,0.11600898803102644,True,False
2500,0.582218955559175,0.6800136159457383,0.09779466038656326,True,False
2501,0.5313577592910483,0.8493576802234092,0.31799992093236085,True,False
2502,0.5763471003396292,0.604331626649133,0.027984526309503766,True,False
2503,0.5817419905021243,0.41456147486224354,-0.16718051563988073,False,False
2504,0.5825639555638326,0.7090032014507375,0.12643924588690492,True,False
2505,0.5693958586006578,0.7457513268177268,0.17635546821706904,True,False
2506,0.548903258534974,0.7910488168840062,0.24214555834903218,True,False
2507,0.49936773215372526,0.7159912912309585,0.21662355907723324,True,False
2508,0.589053541681521,0.608584198095813,0.01953065641429197,True,False
2509,0.5215376666800077,0.8246841331213058,0.30314646644129817,True,False
2510,0.544984698714434,0.5426270465934618,-0.0023576521209721646,False,False
2511,0.5511791514934479,0.8295340307229297,0.2783548792294819,True,False
2512,0.5744093460019161,0.8465255446282189,0.2721161986263029,True,False
2513,0.5725838692190113,0.6900120342847567,0.11742816506574538,True,False
2514,0.5458581283470914,0.9008034966585454,0.35494536831145407,True,False
2515,0.5679304942915074,0.5571297442524618,-0.010800750039045681,False,False
2516,0.5558715691010382,0.6029364617489021,0.047064892647863954,True,False
2517,0.5741015672100579,0.5371137761660569,-0.03698779104400096,False,False
2518,0.5805152469268604,0.61396233280536,0.03344708587849954,True,False
2519,0.5692047176446247,0.7641816254360289,0.1949769077914042,True,False
2520,0.5521970539347152,0.8376717817520144,0.2854747278172992,True,False
2521,0.5501670937069516,0.8127979934288975,0.26263089972194587,True,False
2522,0.547561974508998,0.37042350245315725,-0.17713847205584077,False,False
2523,0.5382149637961556,0.653100395493745,0.11488543169758936,True,False
2524,0.5688018842467502,0.8913726430486765,0.3225707588019263,True,False
2525,0.5203334242201385,0.6977922545059002,0.1774588302857617,True,False
2526,0.5143234781317614,0.506703736408419,-0.007619741723342344,False,False
2527,0.6140599327236866,0.8330614381851676,0.219001505461481,True,False
2528,0.5508815582187621,0.5119730146033825,-0.03890854361537954,False,False
2529,0.5497545566425589,0.6637868363921783,0.11403227974961938,True,False
2530,0.5642080926753354,0.564185018997676,-2.307367765941315e-05,False,False
2531,0.5367910012591242,0.8218889908263461,0.285097989567222,True,False
2532,0.48998508512201305,0.6894171294352174,0.19943204431320433,True,False
2533,0.5878536283022305,0.5093700075515823,-0.07848362075064819,False,False
2534,0.5662436735085001,0.8435564544335544,0.2773127809250543,True,False
2535,0.5276565655574317,0.7719307949615459,0.24427422940411425,True,False
2537,0.5187467031948519,0.7790357806397377,0.2602890774448857,True,False
2538,0.5556620490880239,0.6612970957075296,0.10563504661950573,True,False
2539,0.5525641712026698,0.7421380931926941,0.18957392199002432,True,False
2540,0.547946541328503,0.47321868505940495,-0.074727856269098,False,False
2541,0.5863391386610128,0.42682723583591065,-0.1595119028251022,False,False
2542,0.522412004979883,0.6419987173999142,0.11958671242003116,True,False
2543,0.5453042359879866,0.8665901239874938,0.3212858879995072,True,False
2544,0.5243964286672524,0.6700337280053923,0.14563729933813985,True,False
2545,0.5815184541585082,0.858641122312942,0.27712266815443376,True,False
2546,0.5502971362646083,0.7837156944534936,0.23341855818888535,True,False
2547,0.5472451198660909,0.8165954270528398,0.2693503071867489,True,False
2548,0.5447218510016913,0.6713648049874665,0.1266429539857752,True,False
2549,0.6015428481404779,0.7310176119165712,0.12947476377609335,True,False
2550,0.6019405297267684,0.80088022002431,0.19893969029754166,True,False
2551,0.5294603340882236,0.7152225133328688,0.18576217924464522,True,False
2552,0.5648659125129321,0.608363923849157,0.043498011336224995,True,False
2553,0.5657987742244601,0.6851710012845322,0.11937222706007211,True,False
2554,0.5425213493415639,0.7847984648223497,0.2422771154807858,True,False
2555,0.5495620977670055,0.7250222292143207,0.1754601314473152,True,False
2556,0.5625745696529719,0.8294286712805026,0.26685410162753065,True,False
2557,0.5907434812447986,0.7557370073422605,0.16499352609746187,True,False
2558,0.5959255426329099,0.4189213373391952,-0.1770042052937147,False,False
2559,0.5396815537711948,0.5562537242198315,0.01657217044863679,True,False
2560,0.5334926600493405,0.7335583882904123,0.20006572824107183,True,False
2561,0.5757334392487767,0.7533122432837106,0.17757880403493387,True,False
2562,0.5438318034964101,0.6534779085659177,0.10964610506950756,True,False
2563,0.5502487863365498,0.7204887947680033,0.17024000843145348,True,False
2564,0.5546951392938049,0.6248731783794962,0.07017803908569131,True,False
2565,0.5456455190926206,0.635110777002015,0.08946525790939441,True,False
2566,0.5528771760300814,0.7539085741211364,0.20103139809105508,True,False
2567,0.5672306427808901,0.7743038924444507,0.20707324966356067,True,False
2568,0.5744427708427822,0.7758888299829859,0.20144605914020375,True,False
2569,0.5242313065436772,0.7482363105285301,0.2240050039848529,True,False
2570,0.5632062491786336,0.6537276229827563,0.09052137380412273,True,False
2571,0.5289695701061901,0.4933738563253778,-0.03559571378081228,False,False
2572,0.5409985633923635,0.8197515308275142,0.27875296743515066,True,False
2573,0.5706084332969765,0.8466908859653706,0.27608245266839404,True,False
2574,0.6019232826455684,0.8440470128748279,0.24212373022925948,True,False
2575,0.5703732265045866,0.5771370319678368,0.006763805463250283,True,False
2576,0.5905198334505004,0.5855901642831641,-0.004929669167336281,False,False
2577,0.5311237736036462,0.7045551680133698,0.17343139440972366,True,False
2578,0.5578791820387196,0.8112280905750087,0.2533489085362891,True,False
2579,0.5835353456949179,0.8621007738126205,0.2785654281177026,True,False
2580,0.5574295711942656,0.5614585626816214,0.004028991487355804,True,False
2581,0.5732464874857309,0.7579167895575821,0.1846703020718512,True,False
2582,0.5709576736592757,0.728734042002592,0.1577763683433162,True,False
2583,0.5582921829592289,0.6335395437654993,0.07524736080627037,True,False
2584,0.5529844750507771,0.581174612556236,0.028190137505458956,True,False
2585,0.5841717510071885,0.7804872095190496,0.19631545851186105,True,False
2586,0.5963307167112638,0.7896814983601284,0.19335078164886454,True,False
2587,0.5452099392802351,0.6210792850810546,0.0758693458008195,True,False
2588,0.5260571873320705,0.5907612540420591,0.06470406670998863,True,False
2589,0.5580903657187763,0.7158417443070801,0.1577513785883038,True,False
2590,0.5650115176518495,0.7509595300273768,0.18594801237552727,True,False
2591,0.5237881479917084,0.80846638128457,0.2846782332928617,True,False
2592,0.4967109661528671,0.6755081440413269,0.17879717788845978,True,False
2593,0.5710140321388588,0.8184481971915554,0.24743416505269655,True,False
2594,0.5584638360976578,0.8173818565497025,0.2589180204520447,True,False
2595,0.5662049859226144,0.7375454383342525,0.1713404524116381,True,False
2596,0.5156192295937779,0.6150807719870788,0.09946154239330085,True,False
2597,0.6100859122017457,0.6989948783765444,0.08890896617479871,True,False
2598,0.578070774326613,0.841103380045329,0.263032605718716,True,False
2599,0.5431065517936627,0.6247848877012889,0.08167833590762619,True,False
2600,0.5723987471151154,0.6737973790220243,0.1013986319069089,True,False
2601,0.5469625805843432,0.8194723492160879,0.2725097686317447,True,False
2602,0.5615447204730618,0.891070983925361,0.3295262634522992,True,False
2603,0.54150039033489,0.7256960133209983,0.18419562298610836,True,False
2604,0.5603875214646681,0.8187412335901741,0.25835371212550606,True,False
2605,0.5595071213630404,0.8044082592219982,0.24490113785895784,True,False
2606,0.5365838558006095,0.7586356182421614,0.2220517624415519,True,False
2607,0.5409608044804393,0.7965283013139411,0.2555674968335019,True,False
2608,0.5681840757988919,0.8188484087128128,0.250664332913921,True,False
2609,0.5530495597740186,0.6873454970915859,0.13429593731756728,True,False
2610,0.5933077221509684,0.44145295024346415,-0.15185477190750424,False,False
2611,0.5393215723564451,0.660473915681488,0.12115234332504299,True,False
2612,0.5549102833398449,0.8959922973982135,0.3410820140583686,True,False
2613,0.5684475379424486,0.8163243049744324,0.2478767670319838,True,False
2614,0.5579038129944361,0.7811141530151122,0.22321034002067608,True,False
2615,0.5291004250275791,0.7359625822630942,0.20686215723551504,True,False
2616,0.5525320319141841,0.8262889092301898,0.27375687731600573,True,False
2617,0.522491802295582,0.6605952803907964,0.1381034780952144,True,False
2618,0.5649547328031254,0.41559923236953644,-0.14935550043358892,False,False
2619,0.5698350689743013,0.8206522988146295,0.2508172298403283,True,False
2620,0.5546696265767668,0.8117127303982299,0.2570431038214631,True,False
2621,0.5618575245469161,0.8431435735552888,0.28128604900837273,True,False
2622,0.5362389918552622,0.5575939008387533,0.021354908983491017,True,False
2623,0.5688235518029486,0.4611419066147366,-0.10768164518821205,False,False
2624,0.5643128355444441,0.762501020501088,0.19818818495664392,True,False
2625,0.5594243842498589,0.3909883458808582,-0.16843603836900067,False,False
2626,0.5682776557044144,0.8257896722334035,0.25751201652898914,True,False
2627,0.548020077270365,0.7030756129622521,0.15505553569188713,True,False
2628,0.5529800289189688,0.6174870959887273,0.0645070670697585,True,False
2629,0.5709491725093109,0.7318544085021524,0.16090523599284157,True,False
2630,0.5438032287379698,0.7152367148664338,0.17143348612846399,True,False
2631,0.5358915721304696,0.7867741525511831,0.25088258042071354,True,False
2632,0.5798816450302217,0.6603247864383923,0.08044314140817066,True,False
2633,0.5669687480284826,0.7903970859554346,0.22342833792695194,True,False
2634,0.5786323029879523,0.7174761238536265,0.13884382086567415,True,False
2635,0.563514666940463,0.29363486102845954,-0.2698798059120035,False,False
2636,0.5446768518202483,0.8286563829478346,0.28397953112758634,True,False
2637,0.5628215134179462,0.7977007456131364,0.23487923219519025,True,False
2638,0.5307476429567981,0.7719397086601403,0.24119206570334217,True,False
2639,0.5696962379993541,0.6105410831215259,0.04084484512217179,True,False
2640,0.5517579018777578,0.5931261272740093,0.04136822539625151,True,False
2641,0.566444425785176,0.6941884301500479,0.127744004364872,True,False
2642,0.541441378445414,0.6442267458999915,0.10278536745457756,True,False
2643,0.5839946184455804,0.7672418153772443,0.1832471969316639,True,False
2644,0.5845242644319144,0.7318745846230746,0.14735032019116023,True,False
2645,0.5465026006790565,0.6361841619811842,0.08968156130212768,True,False
2646,0.5659858854929066,0.7112746843200195,0.14528879882711287,True,False
2647,0.585504825900431,0.6733824370116845,0.08787761111125358,True,False
2648,0.5368863878034706,0.7800523216418441,0.24316593383837348,True,False
2649,0.5485608925186083,0.7630438787513096,0.21448298623270134,True,False
2650,0.5442566684567464,0.7255948987355316,0.18133823027878526,True,False
2651,0.54436197639872,0.5192182233079022,-0.025143753090817733,False,False
2652,0.5222581692708055,0.796669473607583,0.2744113043367775,True,False
2653,0.5884244960813523,0.6827406757868163,0.09431617970546402,True,False
2654,0.5418937442145062,0.691063787219621,0.14917004300511483,True,False
2655,0.5444971504330085,0.7171599166495665,0.17266276621655796,True,False
2656,0.556034841571357,0.6609204415924342,0.10488560002107727,True,False
2657,0.5602415110437042,0.8459474815475736,0.28570597050386937,True,False
2658,0.5580318068700098,0.7554367652151209,0.19740495834511118,True,False
2659,0.5512099713280348,0.7882728245587188,0.237062853230684,True,False
2660,0.5264265623467065,0.6569353051064615,0.130508742759755,True,False
2661,0.5245841043274366,0.5519494691740544,0.02736536484661778,True,False
2662,0.5391226016380782,0.8319701362458968,0.29284753460781854,True,False
2663,0.5556778882926916,0.6692074312802425,0.11352954298755091,True,False
2664,0.5737084115012512,0.6976650487395033,0.12395663723825212,True,False
2665,0.5936928234704708,0.6671765432427654,0.07348371977229462,True,False
2666,0.5630081412266535,0.7913905534815445,0.22838241225489098,True,False
2667,0.5283236702489283,0.7397062705766239,0.2113826003276955,True,False
2668,0.5753643905541057,0.5972811748810071,0.021916784326901362,True,False
2669,0.5481559197718907,0.6337477566815625,0.08559183690967176,True,False
2670,0.5536131638383499,0.7945216128102367,0.2409084489718868,True,False
2671,0.5751201874957235,0.7817865660177088,0.20666637852198533,True,False
2672,0.572869670988019,0.8205317696124951,0.24766209862447608,True,False
2673,0.5802105918239115,0.5383520206813076,-0.04185857114260394,False,False
2674,0.603568151570397,0.7659573762477312,0.1623892246773342,True,False
2675,0.5755394269053918,0.6973344154270766,0.1217949885216848,True,False
2676,0.5492443381987274,0.6704534125730827,0.12120907437435524,True,False
2677,0.5575367210808939,0.5956223693985883,0.03808564831769434,True,False
2678,0.5373235429792141,0.8360043888038735,0.29868084582465937,True,False
2679,0.5479622087664157,0.6880957562981073,0.1401335475316916,True,False
2680,0.5632427138610745,0.7245048775929456,0.16126216373187108,True,False
2681,0.5345666780907162,0.4904375751978237,-0.04412910289289251,False,False
2682,0.5927822781237819,0.643804389432595,0.05102211130881307,True,False
2683,0.5425154144324137,0.6163719908368743,0.07385657640446064,True,False
2684,0.5843325370266748,0.7888407319407225,0.2045081949140477,True,False
2685,0.5517614395569372,0.7478468846684975,0.19608544511156023,True,False
2686,0.5849208492048735,0.7530064953125358,0.1680856461076623,True,False
2687,0.5703975181128734,0.7231741384995443,0.15277662038667084,True,False
2688,0.5554049038944371,0.7818934368447478,0.22648853295031068,True,False
2689,0.5378784682489232,0.7454305360064357,0.20755206775751256,True,False
2690,0.5526809219841463,0.9065117196762452,0.3538307976920989,True,False
2691,0.5487858718401385,0.8117692036144195,0.262983331774281,True,False
2692,0.5414760742341125,0.6898411554303939,0.14836508119628145,True,False
2693,0.5750229458821924,0.8018363215917255,0.22681337570953308,True,False
2694,0.5824168976683037,0.5161105977284497,-0.06630629993985404,False,False
2695,0.5728027909742557,0.8637161737966657,0.29091338282240997,True,False
2696,0.5918714113374035,0.5645788661260593,-0.027292545211344166,False,False
2697,0.5391539054477478,0.7473730079880856,0.20821910254033782,True,False
2698,0.547955889394534,0.7478925184080856,0.19993662901355158,True,False
2699,0.5522888382687036,0.8080644529485693,0.25577561467986576,True,False
2700,0.5436520767420748,0.7670702376478973,0.22341816090582245,True,False
2701,0.5407425359042292,0.7205613718892613,0.17981883598503212,True,False
2702,0.5287594648884939,0.9336869943888338,0.40492752950033994,True,False
2703,0.55399546699091,0.8674205327075353,0.3134250657166253,True,False
2704,0.5223324606099524,0.8034406150045577,0.28110815439460524,True,False
2705,0.5828672969691643,0.8913671543735946,0.3084998574044303,True,False
2706,0.567318230834307,0.827100714114785,0.25978248328047804,True,False
2707,0.5360888014624892,0.5909347826018506,0.054845981139361455,True,False
2708,0.5621704073862438,0.7145597451821457,0.1523893377959019,True,False
2709,0.5360555040702376,0.8174727252385606,0.281417221168323,True,False
2710,0.5498136756348275,0.6215230579146049,0.07170938227977741,True,False
2711,0.5345509477852608,0.8238044632657671,0.28925351548050626,True,False
2712,0.5678213406746477,0.47527478629413944,-0.0925465543805083,False,False
2713,0.5745124203309261,0.6917906465186591,0.11727822618773298,True,False
2714,0.5677005896653503,0.568843659960947,0.001143070295596682,True,False
2715,0.5233507019323804,0.6447088752064375,0.12135817327405707,True,False
2716,0.5792753024768654,0.8548311644615226,0.2755558619846572,True,False
2717,0.5868649903501053,0.7542319120347427,0.1673669216846374,True,False
2718,0.5451506468794325,0.39892745450420564,-0.14622319237522685,False,False
2719,0.569275056329188,0.8639368333557553,0.2946617770265674,True,False
2720,0.5874009023685779,0.750841675435597,0.1634407730670191,True,False
2721,0.56382008817115,0.6880568108396569,0.12423672266850683,True,False
2722,0.5938256252582659,0.854385619093921,0.2605599938356551,True,False
2723,0.5627699305788185,0.5898941839950679,0.027124253416249355,True,False
2724,0.5523350229648669,0.6704388139211003,0.11810379095623336,True,False
2725,0.5660315924665614,0.6802038373905082,0.11417224492394673,True,False
2726,0.5248374041481348,0.8034541978916526,0.2786167937435178,True,False
2727,0.5752682467768353,0.7236758139766777,0.14840756719984238,True,False
2728,0.49561069237893485,0.7537214024440261,0.25811071006509123,True,False
2729,0.5610707063196481,0.7971994081973746,0.2361287018777265,True,False
2730,0.5711463729771158,0.7579600188852655,0.18681364590814975,True,False
2731,0.5494584945112129,0.6692724432828961,0.11981394877168328,True,False
2732,0.5770903389068948,0.8324850270465708,0.25539468813967603,True,False
2733,0.5055358275813332,0.745294037079951,0.2397582094986178,True,False
2734,0.5758321898862564,0.6751648695471594,0.09933267966090298,True,False
2735,0.5695163232295362,0.7138286361034504,0.14431231287391422,True,False
2736,0.5465812306296582,0.7859663981885537,0.2393851675588955,True,False
2737,0.5665947202981664,0.6641706422719483,0.09757592197378195,True,False
2738,0.5674203204910743,0.6654326070010896,0.09801228651001537,True,False
2739,0.5519682780808839,0.708778226025368,0.1568099479444841,True,False
2740,0.5466672807791809,0.7347967463642141,0.18812946558503318,True,False
2741,0.5770363131689595,0.697464863029968,0.12042854986100848,True,False
2742,0.5687109436836915,0.7618296136624335,0.19311866997874205,True,False
2743,0.5848680111437271,0.4423319803981453,-0.1425360307455818,False,False
2744,0.5635224198722745,0.7168839204916422,0.1533615006193677,True,False
2745,0.5861300250013511,0.7108954662169696,0.1247654412156185,True,False
2746,0.5711159798379487,0.7412524578723216,0.17013647803437293,True,False
2747,0.5600678056355529,0.750375722625446,0.19030791698989313,True,False
2748,0.5388273854998107,0.6371185620554223,0.09829117655561159,True,False
2749,0.5171899242017264,0.8075027474502616,0.29031282324853525,True,False
2750,0.5808443842872539,0.8375992441700616,0.25675485988280766,True,False
2751,0.5462585315757011,0.7273121164366799,0.18105358486097878,True,False
2752,0.5238869425743659,0.7130408957077767,0.18915395313341088,True,False
2753,0.5154233577979868,0.7816348372890821,0.26621147949109536,True,False
2754,0.5137475192102032,0.5905920524582463,0.07684453324804308,True,False
2755,0.541628615295569,0.7537764108367181,0.21214779554114904,True,False
2756,0.5657943484299014,0.7096201119750981,0.14382576354519672,True,False
2757,0.5571097529208703,0.7568307064398893,0.19972095351901897,True,False
2758,0.5871507404800977,0.7447446707449552,0.15759393026485746,True,False
2759,0.559986075603923,0.8307950558982156,0.27080898029429257,True,False
2760,0.5666055235949112,0.821992263601369,0.2553867400064578,True,False
2761,0.5507649683002556,0.6774347535905555,0.12666978529029993,True,False
2762,0.5680092982526241,0.641446746941466,0.07343744868884183,True,False
2763,0.5841893241686034,0.9183464716096029,0.33415714744099956,True,False
2764,0.5267392805007429,0.7394685996954901,0.21272931919474714,True,False
2765,0.5701115749678485,0.7516629262455066,0.1815513512776581,True,False
2766,0.5455456980391168,0.7836150152668225,0.23806931722770575,True,False
2767,0.5339295382010428,0.6157586691523366,0.08182913095129374,True,False
2768,0.544621029090603,0.7843952349339904,0.2397742058433875,True,False
2769,0.5822875182019633,0.730771397022002,0.14848387882003866,True,False
2770,0.5573818740955342,0.6723083864513241,0.11492651235578988,True,False
2771,0.5547232825155577,0.7341397491768175,0.17941646666125977,True,False
2772,0.5868240372349316,0.7136161135051707,0.12679207627023914,True,False
2773,0.5757642223293993,0.7984837754022357,0.22271955307283642,True,False
2774,0.5632412743132874,0.7310410053986355,0.16779973108534807,True,False
2775,0.5708064753070472,0.7100886721633575,0.13928219685631027,True,False
2776,0.5404916714637451,0.6176284576169494,0.0771367861532043,True,False
2777,0.541384874505276,0.5090312997020026,-0.03235357480327339,False,False
2778,0.5047814633705875,0.7283438059427401,0.22356234257215257,True,False
2779,0.5671732962779049,0.7900818114511456,0.22290851517324073,True,False
2780,0.5532714190031822,0.7751832538138834,0.2219118348107012,True,False
2781,0.5514099088889659,0.7037034362912953,0.15229352740232938,True,False
2782,0.5551641425600611,0.5036262925806013,-0.05153784997945976,False,False
2783,0.5660642863976636,0.6567184778919746,0.09065419149431098,True,False
2784,0.5848800519460248,0.808270145949858,0.22339009400383325,True,False
2785,0.5571540539527045,0.8324890062331499,0.27533495228044547,True,False
2786,0.5524505665893882,0.7881010528591179,0.23565048626972973,True,False
2787,0.5421613895985264,0.7529005130005424,0.21073912340201595,True,False
2788,0.5350469162450926,0.7979940962808645,0.2629471800357719,True,False
2789,0.574846908186523,0.7194034928435585,0.14455658465703558,True,False
2790,0.5801528783493612,0.6479036138562756,0.06775073550691435,True,False
2791,0.5605120419280311,0.8792467781858706,0.31873473625783955,True,False
2792,0.5758116363787128,0.7214543196560751,0.1456426832773623,True,False
2793,0.5121457628731713,0.6408629651810145,0.12871720230784323,True,False
2794,0.5384191444167679,0.7551690639196126,0.21674991950284472,True,False
2795,0.5665285155241222,0.758676044330358,0.19214752880623576,True,False
2796,0.5300764007318886,0.7690324341253828,0.23895603339349425,True,False
2797,0.566620161440364,0.8211548638427351,0.2545347024023711,True,False
2798,0.5860016532164702,0.8079710669123846,0.22196941369591439,True,False
2799,0.5537660904366545,0.7710589337924667,0.21729284335581223,True,False
2800,0.5622012458524607,0.6604391261748871,0.09823788032242642,True,False
2801,0.5635018007740441,0.6946588812186748,0.1311570804446307,True,False
2802,0.5412894686661489,0.824917892527354,0.2836284238612051,True,False
2803,0.5299300920755152,0.8136228528717638,0.2836927607962486,True,False
2804,0.5903332272035864,0.7388442729338418,0.14851104573025542,True,False
2805,0.5908800550433092,0.827211903807638,0.23633184876432878,True,False
2806,0.5577593292568542,0.7241536226606801,0.16639429340382583,True,False
2807,0.5263979844963442,0.7862430901621594,0.2598451056658152,True,False
2808,0.5808346713295149,0.74022660866883,0.15939193733931512,True,False
2809,0.5773737807246029,0.6912262246419661,0.11385244391736327,True,False
2810,0.5386147434730392,0.6132022563500877,0.07458751287704857,True,False
2811,0.5237278967116903,0.7806784523953146,0.25695055568362435,True,False
2812,0.5640448874397892,0.6467855568631152,0.08274066942332603,True,False
2813,0.5735333653117403,0.9684568645131858,0.39492349920144554,True,False
2814,0.5533179382212027,0.6821373731095783,0.12881943488837566,True,False
2815,0.5326792510455483,0.6956977365556053,0.16301848551005704,True,False
2816,0.5864260021730582,0.8055096330545213,0.2190836308814631,True,False
2817,0.5605580239633826,0.832578762171358,0.27202073820797534,True,False
2818,0.5857435971384582,0.6114066382560324,0.025663041117574115,True,False
2819,0.5771810005678035,0.5810857077223661,0.003904707154562592,True,False
2820,0.5611281161166521,0.7232235240968334,0.1620954079801813,True,False
2821,0.547228265186758,0.6922985766276641,0.1450703114409061,True,False
2822,0.585153156775033,0.808572840959503,0.22341968418447,True,False
2823,0.5978053828714739,0.7729373138921258,0.17513193102065194,True,False
2824,0.5485448243572079,0.551091952257629,0.002547127900421109,True,False
2825,0.5760737239881473,0.8421225749662827,0.26604885097813546,True,False
2826,0.5377712396558708,0.7874298429173562,0.24965860326148537,True,False
2827,0.5876224213961053,0.8574553181070863,0.269832896710981,True,False
2828,0.5353799690414738,0.737830345724044,0.20245037668257027,True,False
2829,0.54472590327067,0.8703307326575187,0.32560482938684865,True,False
2830,0.5466865512568956,0.7799454489120258,0.2332588976551302,True,False
2831,0.5554555656017053,0.815721567565056,0.2602660019633507,True,False
2832,0.5478810735406844,0.8221879897019456,0.27430691616126124,True,False
2833,0.560217761389304,0.6397212932069497,0.07950353181764569,True,False
2834,0.5496309607170214,0.7550428620024254,0.20541190128540399,True,False
2835,0.5559624163161372,0.7753202328609081,0.21935781654477093,True,False
2837,0.5272030725673464,0.6984399593902009,0.17123688682285443,True,False
2838,0.5783001655754475,0.8695824688986902,0.2912823033232427,True,False
2839,0.5949063443771068,0.7738573155376345,0.17895097116052772,True,False
2840,0.5723850041970432,0.7107512922690482,0.13836628807200502,True,False
2841,0.5163946115129601,0.6968579250796606,0.18046331356670053,True,False
2842,0.5252216129596907,0.8814642394750508,0.3562426265153601,True,False
2843,0.5825956633315293,0.5115982138302246,-0.07099744950130471,False,False
2844,0.5904709425637829,0.7725750483754945,0.18210410581171166,True,False
2845,0.573204108498429,0.6979015545771556,0.12469744607872668,True,False
2846,0.5428602315742731,0.6703262654598284,0.12746603388555533,True,False
2847,0.5859411269376721,0.7301192122802399,0.14417808534256782,True,False
2848,0.5538364669554849,0.6843872048525423,0.1305507378970574,True,False
2849,0.535142668357119,0.7304216429619889,0.19527897460486987,True,False
2851,0.5687796985125544,0.6447919743771772,0.07601227586462278,True,False
2852,0.5816097096876169,0.4538846744962093,-0.12772503519140765,False,False
2853,0.5599984166110794,0.7036379371365513,0.1436395205254719,True,False
2854,0.5867357823729497,0.7005816909378932,0.11384590856494359,True,False
2855,0.5443263054770591,0.8456446944124032,0.30131838893534413,True,False
2856,0.5673151103314474,0.9300136861601445,0.362698575828697,True,False
2857,0.6003428244027438,0.7076199002125251,0.1072770758097813,True,False
2858,0.5633757136863168,0.5596159052980437,-0.003759808388273056,False,False
2859,0.5639090452812348,0.6789260745113624,0.11501702923012769,True,False
2860,0.5329599710116576,0.7518920065114819,0.21893203549982432,True,False
2861,0.5739642495906856,0.7208055278293194,0.1468412782386338,True,False
2862,0.5723393061179017,0.8677660415029333,0.2954267353850316,True,False
2863,0.5787580136981028,0.737273690636186,0.15851567693808322,True,False
2864,0.5591492130439888,0.7559445110913304,0.19679529804734164,True,False
2865,0.5653048885187362,0.669146508072782,0.1038416195540458,True,False
2866,0.5503909874135103,0.7649555409097246,0.21456455349621428,True,False
2867,0.5651144663048308,0.4432761997919627,-0.12183826651286805,False,False
2868,0.5689374111658863,0.7492025720560477,0.18026516089016142,True,False
2869,0.545337748372241,0.5688036057368796,0.023465857364638576,True,False
2870,0.53841474684458,0.6710005094047081,0.1325857625601281,True,False
2871,0.5780503456652543,0.5300272333786218,-0.048023112286632474,False,False
2872,0.555097442510271,0.7424935023662438,0.18739605985597274,True,False
2873,0.5438370370582275,0.7220797861987366,0.17824274914050908,True,False
2874,0.5533514920870154,0.8583439633123631,0.30499247122534767,True,False
2875,0.5507791791691314,0.7699315583096891,0.21915237914055763,True,False
2876,0.5699930644803135,0.6471541555794921,0.07716109109917857,True,False
2877,0.5378685996353465,0.8612448433531881,0.32337624371784157,True,False
2878,0.5574605493571687,0.6589334606320207,0.10147291127485203,True,False
2879,0.5734896682141335,0.8365378694309419,0.2630482012168084,True,False
2880,0.535942538077941,0.7411333457663749,0.2051908076884339,True,False
2881,0.5394958294920535,0.6076831082593581,0.06818727876730457,True,False
2882,0.536178233745341,0.6750851028903131,0.13890686914497208,True,False
2883,0.5653085700420187,0.6667786790834026,0.10147010904138387,True,False
2884,0.5268126977722618,0.7596420229796905,0.23282932520742872,True,False
2885,0.5488415386775911,0.5555157521487518,0.006674213471160706,True,False
2886,0.5427243640397444,0.3857429123263269,-0.15698145171341754,False,False
2887,0.564555639507427,0.673296062393685,0.10874042288625796,True,False
2888,0.5675224032611056,0.6504560812357264,0.08293367797462081,True,False
2889,0.5102639732537821,0.7396647440923345,0.22940077083855237,True,False
2890,0.5296219897730956,0.4536112199106947,-0.0760107698624009,False,False
2891,0.5439214956495739,0.825546181258131,0.281624685608557,True,False
2892,0.5419281861084706,0.7622944866635771,0.22036630055510653,True,False
2893,0.5631740842930206,0.8797710000302468,0.31659691573722615,True,False
2894,0.6053802103271843,0.4169884826354967,-0.18839172769168755,False,False
2895,0.5619157329862517,0.7561405509167475,0.19422481793049573,True,False
2896,0.5375466713660791,0.5283537475103542,-0.0091929238557249,False,False
2897,0.5796971980769586,0.8606329785696252,0.28093578049266654,True,False
2898,0.5402476919807758,0.7021313070099879,0.1618836150292121,True,False
2899,0.5367983983213146,0.6276553124294748,0.09085691410816021,True,False
2900,0.5513922941471168,0.7302361864504883,0.1788438923033715,True,False
2901,0.5311495469720522,0.700315353309204,0.16916580633715184,True,False
2902,0.5651063693288509,0.8451130868744394,0.2800067175455885,True,False
2903,0.5526371482593058,0.6051874080129432,0.052550259753637474,True,False
2904,0.5537266445111946,0.6850045897082822,0.13127794519708758,True,False
2905,0.5604033377541472,0.6749962685627657,0.11459293080861854,True,False
2906,0.5463735125426239,0.7037046239300816,0.1573311113874577,True,False
2907,0.5717451555603326,0.533558956798769,-0.038186198761563594,False,False
2908,0.5646987709987262,0.4449607357097127,-0.11973803528901356,False,False
2909,0.5377088073941729,0.637968359785943,0.10025955239177009,True,False
2910,0.5672886285100828,0.7405469038742408,0.17325827536415805,True,False
2911,0.5410345339942838,0.6545942773486375,0.1135597433543537,True,False
2912,0.5445404445912952,0.5578535841418332,0.013313139550537922,True,False
2913,0.577947769397986,0.6776853086432927,0.0997375392453067,True,False
2914,0.5627759599455939,0.7481571517378645,0.18538119179227053,True,False
2915,0.5577639846021976,0.850292245204371,0.2925282606021734,True,False
2916,0.5531078161187487,0.6782384344239302,0.12513061830518146,True,False
2917,0.5340263905580117,0.8728116082994359,0.3387852177414242,True,False
2918,0.4976541801207005,0.6898939853422793,0.1922398052215788,True,False
2919,0.5303611822709279,0.5829404651682236,0.05257928289729574,True,False
2920,0.535994377917456,0.5962585799104958,0.060264201993039834,True,False
2921,0.5403799892426354,0.4261251222398463,-0.11425486700278914,False,False
2922,0.5673156736881251,0.6068858381395436,0.03957016445141848,True,False
2923,0.5526483581635254,0.8739062158865903,0.3212578577230649,True,False
2924,0.5933136129882026,0.763567303391919,0.1702536904037164,True,False
2925,0.5578253619992157,0.6794666111315135,0.12164124913229779,True,False
2926,0.5461195342434975,0.4882520075366959,-0.057867526706801564,False,False
2927,0.5849890560780535,0.752874554553586,0.16788549847553247,True,False
2928,0.5500268977300586,0.7656440517912827,0.21561715406122406,True,False
2929,0.5547210194778656,0.734062556024534,0.1793415365466684,True,False
2931,0.501315791845923,0.6160127596604672,0.11469696781454419,True,False
2932,0.5870137063377078,0.7257637867335406,0.1387500803958328,True,False
2933,0.5875603693053262,0.780784266470757,0.19322389716543087,True,False
2934,0.5368321708327336,0.552335400169108,0.01550322933637438,True,False
2935,0.5560474028352491,0.5781762774657443,0.022128874630495177,True,False
2936,0.5434588843934186,0.7089984774697108,0.16553959307629218,True,False
2937,0.5685642261654865,0.6791941987469898,0.11062997258150331,True,False
2938,0.5581785505895656,0.7281007073154973,0.1699221567259317,True,False
2939,0.5020919659864337,0.70334297671783,0.20125101073139628,True,False
2940,0.5260381083329186,0.589049016458648,0.0630109081257294,True,False
2941,0.5613465430512709,0.6822587796598126,0.12091223660854178,True,False
2942,0.5347414927133659,0.8107608788702357,0.27601938615686983,True,False
2943,0.5884603670568259,0.7621470859946309,0.17368671893780496,True,False
2944,0.5533288694154956,0.7237871005891948,0.17045823117369918,True,False
2945,0.571866949946725,0.7407572759675123,0.16889032602078724,True,False
2946,0.5335278286514128,0.6464355127812826,0.11290768412986985,True,False
2947,0.5455821932689582,0.7510296434447296,0.20544745017577137,True,False
2948,0.5801215735514077,0.7890164971021658,0.20889492355075812,True,False
2949,0.5548860970165284,0.6861216348086543,0.13123553779212593,True,False
2950,0.5459281532356115,0.44958308827984644,-0.09634506495576506,False,False
2951,0.5294164720778185,0.7599452585076515,0.230528786429833,True,False
2952,0.5646085072797113,0.7578763452766759,0.19326783799696456,True,False
2953,0.5269990069994419,0.6919124516206017,0.16491344462115975,True,False
2954,0.5488735070194611,0.718718227781547,0.1698447207620859,True,False
2955,0.5597146931698866,0.7095824585997944,0.14986776542990776,True,False
2956,0.5605392702168848,0.667469762024038,0.1069304918071532,True,False
2957,0.547457600807784,0.7635846628620152,0.21612706205423116,True,False
2958,0.5826848782513354,0.783611071196911,0.20092619294557557,True,False
2959,0.5278391731476693,0.7117939947954631,0.18395482164779386,True,False
2960,0.5468769209093276,0.8475397475050589,0.3006628265957313,True,False
2961,0.5573559584957153,0.679460818824163,0.1221048603284477,True,False
2962,0.5322688298755578,0.6827911506371493,0.15052232076159155,True,False
2963,0.5827881706336812,0.7574346461040565,0.17464647547037537,True,False
2964,0.5517204937775777,0.8521758875501279,0.30045539377255015,True,False
2965,0.5295201347975808,0.6911696514399612,0.16164951664238048,True,False
2966,0.5626439452465316,0.7131170143205141,0.1504730690739825,True,False
2967,0.523181282046406,0.7874420340262912,0.2642607519798852,True,False
2968,0.5768345337915939,0.5924638596349565,0.01562932584336263,True,False
2969,0.5568281182934394,0.7504919543243287,0.19366383603088932,True,False
2970,0.5714754535789914,0.7441091386322516,0.17263368505326016,True,False
2971,0.5962084427669866,0.7331053213208232,0.1368968785538366,True,False
2972,0.5525760878257291,0.5239698338755233,-0.028606253950205773,False,False
2973,0.5521688450303517,0.73929882445654,0.18712997942618836,True,False
2974,0.5415291086711076,0.7304800501160593,0.18895094144495173,True,False
2975,0.5158669872055016,0.7775220617871788,0.26165507458167714,True,False
2976,0.5894237094141523,0.7677151837451485,0.17829147433099612,True,False
2977,0.5487377658556013,0.6277622891722311,0.07902452331662979,True,False
2978,0.5421113056004755,0.8126228456158302,0.2705115400153547,True,False
2979,0.5702157020293976,0.7883535140673827,0.2181378120379851,True,False
2980,0.5511421552882799,0.715935248907939,0.1647930936196591,True,False
2981,0.5531062986375407,0.792960557847186,0.23985425920964532,True,False
2982,0.5809445881439173,0.6348844876390713,0.0539398994951541,True,False
2983,0.5305708176494851,0.5543289076568876,0.023758090007402477,True,False
2984,0.59112125125033,0.628378765796158,0.03725751454582804,True,False
2985,0.551174076961316,0.6427948943209963,0.0916208173596803,True,False
2986,0.5534200830819304,0.7216181541120303,0.16819807103009998,True,False
2987,0.5912570059269266,0.8310023911810628,0.23974538525413613,True,False
2988,0.548642130112095,0.7038613442856358,0.1552192141735409,True,False
2989,0.5769164751472275,0.7052417553601575,0.12832528021293,True,False
2990,0.5667780386013428,0.6851120148939285,0.11833397629258569,True,False
2991,0.5520161778384686,0.7956802957004535,0.24366411786198494,True,False
2992,0.5484536436736883,0.5167240763628778,-0.03172956731081056,False,False
2993,0.5404547039318457,0.8012025157741172,0.26074781184227147,True,False
2994,0.5355089431828352,0.43448272983277,-0.10102621335006517,False,False
2995,0.5823951740739909,0.6674540543568693,0.08505888028287845,True,False
2996,0.5722526091280126,0.5243821569708212,-0.04787045215719132,False,False
2997,0.5820505153342349,0.7214758823316039,0.13942536699736896,True,False
2998,0.5524178361905582,0.6578307378930228,0.10541290170246465,True,False
2999,0.5501677345151376,0.5346301796552895,-0.01553755485984809,False,False
3000,0.5793987745675351,0.5953009725847425,0.01590219801720738,True,False
3001,0.5741343657802737,0.605091027612241,0.030956661831967325,True,False
3002,0.5890793228076889,0.7361386619988611,0.1470593391911722,True,False
3003,0.5602615088731772,0.581200035557552,0.020938526684374792,True,False
3004,0.5560378760088597,0.7046916295406953,0.14865375353183563,True,False
3005,0.5503220357946416,0.573043536769877,0.022721500975235398,True,False
3006,0.5662532956980401,0.8688908933079074,0.3026375976098673,True,False
3007,0.5827616063692564,0.7157252506041945,0.132963644234938,True,False
3008,0.5772583043132753,0.3731348746318353,-0.20412342968143998,False,False
3009,0.5512637405419001,0.6368726987144566,0.08560895817255654,True,False
3010,0.5700522328451332,0.4964140651532331,-0.07363816769190007,False,False
3011,0.5610919603709048,0.7280565453792083,0.16696458500830347,True,False
3012,0.5752768490270335,0.7874677565298884,0.21219090750285496,True,False
3013,0.537513034223926,0.7001381806066566,0.1626251463827305,True,False
3014,0.5753325830349088,0.7534249380781013,0.17809235504319254,True,False
3015,0.5681400511693488,0.6568064435425666,0.08866639237321772,True,False
3016,0.5413700677781872,0.7196291293224573,0.17825906154427007,True,False
3017,0.5485000969133698,0.7820483043532589,0.23354820743988913,True,False
3018,0.5336367200709664,0.6964230549558708,0.16278633488490435,True,False
3019,0.5683259628278063,0.6604268008773867,0.09210083804958036,True,False
3020,0.5396525843195789,0.7774602133841332,0.23780762906455433,True,False
3021,0.5864962043462336,0.7343926220406061,0.14789641769437245,True,False
3022,0.5571460800542676,0.6681283775605853,0.11098229750631772,True,False
3023,0.5829473274281199,0.7554897136930175,0.1725423862648976,True,False
3024,0.5361783079735774,0.5084776856685632,-0.027700622305014133,False,False
3025,0.5502174495061776,0.7145742651916431,0.16435681568546556,True,False
3026,0.545631223832271,0.48025885857086237,-0.06537236526140866,False,False
3027,0.5716849670331002,0.7625745074758397,0.19088954044273942,True,False
3028,0.5456467591715852,0.6576813721431044,0.11203461297151918,True,False
3029,0.5303623271593682,0.6650398017605852,0.13467747460121704,True,False
3030,0.5628118144751391,0.736652215485893,0.17384040101075393,True,False
3031,0.526129050393402,0.6408816504454247,0.1147526000520227,True,False
3032,0.5917099702410272,0.5092113920151793,-0.08249857822584794,False,False
3033,0.5552157167530143,0.761559486106172,0.20634376935315768,True,False
3034,0.5408627866187231,0.708638778150441,0.16777599153171785,True,False
3035,0.5654758302562521,0.8244144653775162,0.258938635121264,True,False
3036,0.5066327231511291,0.763704255012822,0.25707153186169296,True,False
3037,0.5848877695075447,0.6791573090733084,0.09426953956576367,True,False
3038,0.5303303421792553,0.6363892185059096,0.10605887632665423,True,False
3039,0.5785680237886875,0.7333159973328366,0.15474797354414904,True,False
3040,0.5835618095074626,0.6047981974513803,0.02123638794391769,True,False
3041,0.5879901281236074,0.7302915958717946,0.1423014677481872,True,False
3042,0.5578191513986428,0.6166584919422693,0.058839340543626495,True,False
3043,0.5955663533239072,0.6777276934159809,0.08216134009207376,True,False
3044,0.587444357097081,0.5057213688030647,-0.08172298829401625,False,False
3045,0.5607945020570405,0.8439963995665584,0.28320189750951785,True,False
3046,0.5347439902806891,0.4964690568795386,-0.03827493340115051,False,False
3047,0.579357991179619,0.6606917294541806,0.0813337382745617,True,False
3048,0.568474191062809,0.762902694858403,0.19442850379559395,True,False
3049,0.5488713826950614,0.69759792046959,0.1487265377745286,True,False
3050,0.562132254447961,0.6638734737648475,0.10174121931688651,True,False
3051,0.5011886801173969,0.61778805641446,0.11659937629706307,True,False
3052,0.5645471105375367,0.8743137037330345,0.3097665931954978,True,False
3053,0.5763249568585788,0.7615442864364972,0.18521932957791842,True,False
3054,0.517762872588087,0.8059055563004102,0.2881426837123232,True,False
3055,0.6036734013041527,0.6403439229535824,0.036670521649429744,True,False
3056,0.5988895951036853,0.7223909237326429,0.12350132862895757,True,False
3057,0.5250416927299035,0.7875836411548068,0.2625419484249033,True,False
3058,0.5379403925043813,0.7349944518987129,0.19705405939433163,True,False
3059,0.569869072489943,0.858189542878687,0.288320470388744,True,False
3060,0.5635061219712983,0.5824918157276817,0.01898569375638337,True,False
3061,0.5746198780067605,0.8275089721300514,0.25288909412329086,True,False
3062,0.5747715660493979,0.5910633918652708,0.01629182581587285,True,False
3063,0.545729179198121,0.7463615118305257,0.20063233263240465,True,False
3064,0.5833827056099414,0.8108742008176368,0.2274914952076954,True,False
3065,0.5413776757133912,0.7221493099417566,0.1807716342283654,True,False
3066,0.5886363047377109,0.648527345956255,0.05989104121854416,True,False
3067,0.5941271305875802,0.65521043843189,0.06108330784430982,True,False
3068,0.5747405367328922,0.8570078673778827,0.28226733064499054,True,False
3069,0.5744412266327369,0.7872655405973586,0.21282431396462176,True,False
3070,0.5567095506814278,0.8624922782422646,0.3057827275608368,True,False
3071,0.5775264270215242,0.7082559770929588,0.1307295500714346,True,False
3072,0.5839881735087389,0.7136138500641602,0.12962567655542134,True,False
3073,0.5950924696732623,0.7601243047888186,0.1650318351155563,True,False
3074,0.5706154290263616,0.699154245829605,0.1285388168032433,True,False
3075,0.5396732800492423,0.7826250675773881,0.24295178752814584,True,False
3076,0.5716591172116007,0.620446595517037,0.04878747830543628,True,False
3077,0.5472452558085439,0.816301089607068,0.26905583379852416,True,False
3078,0.5290061540466819,0.9021673428726755,0.3731611888259936,True,False
3079,0.5777882573101832,0.8301969768593573,0.2524087195491741,True,False
3080,0.5365138544765654,0.7263833741978627,0.1898695197212973,True,False
3081,0.5548715502405829,0.7230134190407206,0.1681418688001377,True,False
3082,0.5273268731808503,0.6939170562939088,0.1665901831130585,True,False
3083,0.527541404813981,0.7318397480076092,0.20429834319362816,True,False
3084,0.5287209810707396,0.6271272897909916,0.09840630872025202,True,False
3085,0.513581225822955,0.5741596481274521,0.06057842230449717,True,False
3086,0.5427523885444913,0.6502708124622232,0.10751842391773192,True,False
3087,0.5456653993445336,0.7004202053565631,0.1547548060120295,True,False
3088,0.5460339521470672,0.7836596464462571,0.2376256942991899,True,False
3089,0.5524023451824593,0.7248531868279987,0.17245084164553937,True,False
3090,0.5574712748728181,0.8060051353586883,0.24853386048587023,True,False
3091,0.5652123686998892,0.7215408229740591,0.15632845427416986,True,False
3092,0.557983001044163,0.715653335940338,0.157670334896175,True,False
3093,0.5749239121383372,0.7163984033388436,0.14147449120050648,True,False
3094,0.5512667543706407,0.7778641618777432,0.22659740750710256,True,False
3095,0.5268366957851811,0.6832091397232617,0.15637244393808059,True,False
3096,0.574683568605038,0.5869311933227523,0.012247624717714345,True,False
3097,0.5537807706953792,0.7373229249328475,0.18354215423746822,True,False
3098,0.5601607259509607,0.914943615786259,0.3547828898352984,True,False
3099,0.5463018670944754,0.4307451473528003,-0.11555671974167508,False,False
3100,0.5660227555600251,0.7566331126670978,0.19061035710707264,True,False
3101,0.5681593047551963,0.7098753233953159,0.14171601864011962,True,False
3102,0.579472243808099,0.9134107468522193,0.3339385030441203,True,False
3103,0.5574135425083688,0.8033463468067877,0.2459328042984189,True,False
3104,0.5928698639564888,0.6852318072303193,0.09236194327383052,True,False
3105,0.570264950656982,0.8599424527237113,0.28967750206672926,True,False
3106,0.5841235634795914,0.8053816774136947,0.22125811393410333,True,False
3107,0.5517402204230659,0.7833175127692926,0.2315772923462267,True,False
3108,0.553979814535922,0.7308981321300444,0.17691831759412235,True,False
3109,0.5757400068638219,0.78498610331526,0.2092460964514381,True,False
3110,0.5465205218393864,0.7849642222865428,0.23844370044715646,True,False
3111,0.5545597385570019,0.37647783996242057,-0.17808189859458134,False,False
3112,0.49392684042670504,0.7626691579883109,0.2687423175616059,True,False
3113,0.5257250249764908,0.7169288003077084,0.19120377533121768,True,False
3114,0.5567981869160522,0.6381423961344262,0.08134420921837404,True,False
3115,0.5649481022007989,0.7873397658377148,0.22239166363691587,True,False
3116,0.5896534941081185,0.6088035166730213,0.019150022564902835,True,False
3117,0.5472713707978434,0.8310291853117063,0.28375781451386295,True,False
3118,0.5678888454711832,0.7733056892360597,0.20541684376487646,True,False
3119,0.5498499682772491,0.6384515805714135,0.08860161229416441,True,False
3120,0.5602711901711402,0.7195814216179215,0.15931023144678125,True,False
3121,0.5274178466512077,0.5440094501900075,0.016591603538799737,True,False
3122,0.5793132440397994,0.8797218985710359,0.30040865453123644,True,False
3123,0.5517371678821433,0.5618173746045187,0.010080206722375418,True,False
3124,0.5731892274266445,0.7001141054993893,0.12692487807274488,True,False
3125,0.5431826573905654,0.5845431177217455,0.04136046033118013,True,False
3126,0.5504895288477785,0.6948414755478001,0.1443519467000216,True,False
3127,0.5480355715671273,0.6939696654857215,0.14593409391859413,True,False
3128,0.5346190429288236,0.7359059366678595,0.20128689373903597,True,False
3129,0.5391764026775495,0.6688232504086238,0.12964684773107427,True,False
3130,0.5612893923313904,0.8622431905361404,0.30095379820475,True,False
3131,0.5671153272592021,0.7188416869440575,0.15172635968485537,True,False
3132,0.4958437559654792,0.5529984367295164,0.057154680764037236,True,False
3133,0.5772239133203995,0.5365303047541605,-0.04069360856623894,False,False
3134,0.536489635337018,0.732840947636757,0.196351312299739,True,False
3135,0.5588889804283028,0.6769778451650283,0.11808886473672553,True,False
3136,0.5913019753423535,0.8381144646701943,0.24681248932784083,True,False
3137,0.557139174594625,0.6862977381687342,0.12915856357410915,True,False
3138,0.5760184110798654,0.747316418202401,0.17129800712253562,True,False
3139,0.5470938502959782,0.8044484304769821,0.2573545801810039,True,False
3140,0.5608154734158386,0.6341348544950408,0.07331938107920222,True,False
3141,0.5593219201456539,0.6966459657005122,0.13732404555485833,True,False
3142,0.5571078783619151,0.7471446348451422,0.19003675648322704,True,False
3143,0.5390347903100485,0.8414205570201476,0.3023857667100991,True,False
3144,0.5860983910603328,0.5646607457467303,-0.021437645313602482,False,False
3145,0.5982380756992872,0.7915810095763813,0.19334293387709411,True,False
3146,0.5561504434974889,0.7250402971286228,0.16888985363113396,True,False
3147,0.5052064958144258,0.7043639560086941,0.19915746019426828,True,False
3148,0.5708645404553184,0.9071135221778442,0.3362489817225258,True,False
3149,0.5823769937220926,0.42333796832955783,-0.15903902539253478,False,False
3150,0.5629904863263399,0.6972478852041332,0.1342573988777933,True,False
3151,0.5639269941032824,0.798889700877323,0.23496270677404063,True,False
3152,0.5746802931303833,0.6322170839641068,0.05753679083372354,True,False
3153,0.5462373305364507,0.6468697213806884,0.1006323908442377,True,False
3154,0.5600695073820435,0.6826526592554473,0.12258315187340374,True,False
3155,0.5490335389791194,0.8074491931099084,0.25841565413078893,True,False
3156,0.5686194287655312,0.6157854724078672,0.04716604364233601,True,False
3157,0.5413354847732839,0.6708470246541569,0.12951153988087305,True,False
3158,0.5647462701448625,0.7330243006736968,0.1682780305288344,True,False
3159,0.5826580304198304,0.6852009744606691,0.10254294404083864,True,False
3160,0.5427284675609738,0.7631556075520505,0.22042713999107666,True,False
3161,0.5644998427984781,0.7632400757336135,0.19874023293513543,True,False
3162,0.5934663440305927,0.6523311138077565,0.05886476977716382,True,False
3163,0.5414376845562443,0.7483618952421891,0.2069242106859448,True,False
3164,0.5979918641279223,0.7890047511372195,0.1910128870092972,True,False
3165,0.5491305928668491,0.7728226169286708,0.22369202406182176,True,False
3166,0.5429580986804275,0.8296146869448621,0.2866565882644345,True,False
3167,0.5719926477362011,0.730796311904281,0.1588036641680799,True,False
3168,0.5820761665080515,0.8154797597571409,0.23340359324908944,True,False
3169,0.524205257728045,0.8370768831324813,0.31287162540443625,True,False
3170,0.571556243600451,0.7403392306280147,0.16878298702756367,True,False
3171,0.5473248654253505,0.7947700589728539,0.24744519354750338,True,False
3172,0.559534697143318,0.926449228278419,0.366914531135101,True,False
3173,0.5708919496205996,0.7668746255614719,0.19598267594087226,True,False
3174,0.5591153552675913,0.6192705512763345,0.060155196008743195,True,False
3175,0.5888342468046966,0.7806835485626102,0.1918493017579136,True,False
3176,0.5827920653560409,0.5715462298053494,-0.011245835550691474,False,False
3177,0.546909605411982,0.6597868632253244,0.11287725781334246,True,False
3178,0.5798504942130243,0.6772058301558624,0.09735533594283818,True,False
3179,0.577372346448748,0.7346651556220021,0.15729280917325406,True,False
3180,0.5441897876918498,0.6987052681733465,0.15451548048149677,True,False
3181,0.5796517474516222,0.8951477927302576,0.3154960452786354,True,False
3182,0.5349479459769667,0.6490757071591989,0.11412776118223222,True,False
3183,0.520216497278509,0.8333214797149172,0.31310498243640816,True,False
3184,0.5655561204116314,0.7821272801254288,0.21657115971379737,True,False
3185,0.5621624152267144,0.8007474498285174,0.23858503460180303,True,False
3186,0.5314725027947363,0.7751996910381364,0.2437271882434,True,False
3187,0.5455481973517794,0.9195772228443725,0.3740290254925931,True,False
3188,0.5808847524365273,0.7910320613643185,0.2101473089277912,True,False
3189,0.519531463134843,0.6015114135112742,0.08197995037643124,True,False
3190,0.5778808362467419,0.6542155558050808,0.07633471955833893,True,False
3191,0.5601585033234658,0.5770089199513849,0.016850416627919085,True,False
3192,0.5619507801850052,0.6688985264358269,0.1069477462508217,True,False
3193,0.5690350737094912,0.517162370963895,-0.0518727027455963,False,False
3194,0.5742283098891945,0.7247703653875719,0.1505420554983774,True,False
3195,0.5682498246097354,0.6467713943025377,0.07852156969280233,True,False
3196,0.5607434144603891,0.5145749151944216,-0.046168499265967555,False,False
3197,0.5475203199701187,0.6404997051376107,0.09297938516749193,True,False
3198,0.5527658817982295,0.8237802743007713,0.2710143925025418,True,False
3199,0.5691858460177754,0.6764491334179604,0.10726328740018498,True,False
3200,0.5343294359630111,0.7665865019263327,0.23225706596332163,True,False
3201,0.5731029790508205,0.7233401564453863,0.15023717739456577,True,False
3202,0.5857291846389977,0.5361202021635073,-0.04960898247549039,False,False
3203,0.552227004806673,0.7294890091645672,0.1772620043578942,True,False
3204,0.5641703542159168,0.7822550659832295,0.2180847117673127,True,False
3205,0.5287187866450024,0.7862448706860483,0.25752608404104593,True,False
3206,0.5472372538468001,0.5690570347880792,0.02181978094127912,True,False
3207,0.552069863934594,0.6498595822540739,0.09778971831947991,True,False
3208,0.5425963231401492,0.6596647600782479,0.11706843693809876,True,False
3209,0.5756255131711894,0.6383076963932194,0.06268218322203001,True,False
3210,0.5608113628704877,0.734672157724204,0.1738607948537163,True,False
3211,0.575097941178112,0.8397332866140005,0.2646353454358885,True,False
3212,0.5719466247120448,0.7362034105218667,0.16425678580982184,True,False
3213,0.5208591170470723,0.7199103619121812,0.19905124486510883,True,False
3214,0.5385810357763967,0.7196028478274872,0.18102181205109047,True,False
3215,0.5745315745308107,0.701791595469122,0.12726002093831124,True,False
3216,0.588224178214497,0.7890029223479674,0.2007787441334704,True,False
3217,0.549625193496686,0.703803926873245,0.15417873337655896,True,False
3218,0.5802982044026787,0.7983835778895215,0.21808537348684287,True,False
3219,0.5672619532155418,0.6553535730313073,0.08809161981576541,True,False
3220,0.5449267150030572,0.7686510122366463,0.2237242972335891,True,False
3221,0.5124238875007712,0.6686553206168193,0.15623143311604815,True,False
3222,0.5238264081984162,0.8719213572897421,0.3480949490913259,True,False
3223,0.5398689090253345,0.6986579591134708,0.15878905008813637,True,False
3224,0.5421610364777772,0.6497497100803011,0.10758867360252389,True,False
3225,0.5388974083785325,0.7879181637221859,0.24902075534365342,True,False
3226,0.5585895967832056,0.7718086795296969,0.21321908274649126,True,False
3227,0.5158370521050398,0.5934754365758533,0.0776383844708135,True,False
3228,0.5572779033598798,0.5984142084097631,0.041136305049883304,True,False
3229,0.553081892937015,0.8078687317110971,0.25478683877408204,True,False
3230,0.5843353090110357,0.674699451444373,0.09036414243333735,True,False
3231,0.580564880210722,0.7055376233399433,0.12497274312922135,True,False
3232,0.5979522566978958,0.6180142493293289,0.020061992631433156,True,False
3233,0.532716793211572,0.7767116505594225,0.24399485734785054,True,False
3234,0.5825176534142026,0.900143405259465,0.3176257518452624,True,False
3235,0.575195935316564,0.6808646154376952,0.10566868012113118,True,False
3236,0.5688218181878739,0.5329828332916959,-0.03583898489617798,False,False
3237,0.5412436159337464,0.8081183303827727,0.26687471444902633,True,False
3238,0.5474331474886152,0.7790600059828542,0.23162685849423903,True,False
3239,0.5663416455597658,0.5637574045907153,-0.002584240969050522,False,False
3240,0.5206209683537232,0.7739135839538167,0.25329261560009353,True,False
3241,0.5411550348917944,0.6716515573142835,0.1304965224224891,True,False
3242,0.5780711791101852,0.7432929032223643,0.16522172411217906,True,False
3243,0.5295971362953725,0.632497712080593,0.1029005757852205,True,False
3244,0.5567963269920155,0.7981697305373409,0.24137340354532533,True,False
3245,0.5440320947662232,0.5411533122865906,-0.00287878247963258,False,False
3246,0.5600882367966059,0.6646154282492345,0.10452719145262857,True,False
3247,0.6121456694211195,0.7341093927731123,0.12196372335199279,True,False
3248,0.5369037899796336,0.8130796580100869,0.27617586803045324,True,False
3249,0.5635506127730028,0.5645841259252927,0.0010335131522899443,True,False
3250,0.5619569156884401,0.7881932155558015,0.22623629986736138,True,False
3251,0.558531052304693,0.8230275324343048,0.2644964801296118,True,False
3253,0.5538633333703318,0.7295264615246776,0.17566312815434582,True,False
3254,0.5520033338852004,0.8001261615037432,0.24812282761854276,True,False
3255,0.5766469394614255,0.6402634780023115,0.063616538540886,True,False
3256,0.5591558468649724,0.8582401813957211,0.2990843345307487,True,False
3257,0.5571148167941553,0.7000060070392079,0.1428911902450526,True,False
3258,0.5547383523657953,0.8032281424479595,0.2484897900821642,True,False
3259,0.5670637917870341,0.7357356801859388,0.16867188839890468,True,False
3260,0.5106803696496823,0.7542350237117929,0.24355465406211052,True,False
3261,0.5778698731836782,0.7121969533086434,0.1343270801249652,True,False
3262,0.5392350761113767,0.6971139127145557,0.15787883660317903,True,False
3263,0.5736467922047328,0.6964636662399314,0.12281687403519859,True,False
3264,0.5384104352838661,0.7523259152377956,0.21391547995392945,True,False
3265,0.5756414579199957,0.7775192862950062,0.20187782837501056,True,False
3266,0.5472004286877548,0.72320123022117,0.17600080153341524,True,False
3267,0.5432118780102594,0.7778149559638693,0.2346030779536099,True,False
3268,0.5583713220308719,0.8288443483282836,0.27047302629741166,True,False
3269,0.5498424006793086,0.8049692511098209,0.2551268504305123,True,False
3270,0.5512305749791697,0.8329358847152399,0.2817053097360702,True,False
3271,0.520913628293483,0.6353459982260339,0.1144323699325509,True,False
3272,0.5238438373359572,0.4472637789758281,-0.0765800583601291,False,False
3273,0.5845012036223745,0.8022176812923183,0.21771647766994384,True,False
3274,0.5685876756314862,0.7564086048575087,0.18782092922602256,True,False
3275,0.5471713240318937,0.9193069578435293,0.3721356338116356,True,False
3276,0.5688558359416919,0.6796797402174064,0.11082390427571454,True,False
3277,0.550645621519431,0.8085343434480475,0.25788872192861656,True,False
3278,0.5634804937362814,0.8256851985510567,0.2622047048147753,True,False
3279,0.5768189098818199,0.6781716591550867,0.10135274927326676,True,False
3280,0.5974802340615198,0.6778552142469148,0.0803749801853949,True,False
3281,0.5553684753681786,0.8083390786331809,0.2529706032650023,True,False
3282,0.5720818834330776,0.8794178013573359,0.3073359179242583,True,False
3283,0.5566344626120013,0.7410563580003827,0.18442189538838138,True,False
3284,0.542688357824193,0.7876876755746012,0.24499931775040817,True,False
3285,0.5941477940240923,0.731119646935682,0.13697185291158964,True,False
3286,0.5575032261461961,0.5816345697708541,0.024131343624658075,True,False
3287,0.5428714798071295,0.796813318373464,0.25394183856633457,True,False
3288,0.5788623012371992,0.9256292045192345,0.3467669032820353,True,False
3289,0.5495689336644205,0.6390695300954483,0.08950059643102781,True,False
3290,0.5535318138875028,0.5939623370038288,0.040430523116326,True,False
3291,0.5557122252145995,0.9043054154102159,0.3485931901956164,True,False
3292,0.5395752621275184,0.6658144893086221,0.1262392271811037,True,False
3293,0.5477531156976168,0.6672077311904046,0.1194546154927878,True,False
3294,0.5180339341902204,0.6835965782206463,0.16556264403042598,True,False
3295,0.5474529188442431,0.6558917946287017,0.10843887578445865,True,False
3296,0.5874562806563116,0.6168521539136835,0.02939587325737192,True,False
3297,0.5495915236564539,0.6574781096405145,0.10788658598406053,True,False
3298,0.5729547643843074,0.6410324991811113,0.0680777347968039,True,False
3299,0.537234373186719,0.7800782524086814,0.2428438792219625,True,False
3300,0.5302264975721139,0.7156128094975565,0.18538631192544253,True,False
3301,0.5367984972500133,0.750750228811324,0.21395173156131075,True,False
3302,0.5595303979528261,0.8244015191647751,0.264871121211949,True,False
3303,0.5143376684496912,0.852831800740365,0.3384941322906738,True,False
3304,0.5448573509668914,0.6885767139771826,0.1437193630102912,True,False
3305,0.5558530307441012,0.736561965187595,0.18070893444349378,True,False
3306,0.548921824846498,0.8615511295385211,0.3126293046920231,True,False
3307,0.5561153065520373,0.651797612532808,0.09568230598077065,True,False
3308,0.5635347223966,0.6074882593159847,0.04395353691938475,True,False
3309,0.5537362897258687,0.68923791708354,0.13550162735767124,True,False
3310,0.5620576345082591,0.7471306628380715,0.18507302832981243,True,False
3311,0.5613114852065797,0.6999595168474804,0.13864803164090067,True,False
3312,0.5401288982825236,0.6238265927428773,0.08369769446035369,True,False
3313,0.5312628005363308,0.7122507516303599,0.1809879510940291,True,False
3314,0.574821568143244,0.6205402135947732,0.04571864545152915,True,False
3315,0.5528937969357108,0.5782696671334154,0.025375870197704598,True,False
3316,0.5610280635626053,0.8637270363484925,0.3026989727858872,True,False
3317,0.5729582979662511,0.779675769945295,0.2067174719790439,True,False
3318,0.5493811671402602,0.8447144285010708,0.2953332613608106,True,False
3319,0.5165766464035992,0.6689857089314796,0.15240906252788033,True,False
3320,0.5416867676993667,0.6566181504603156,0.11493138276094883,True,False
3321,0.5732191993757445,0.7051810668133565,0.13196186743761196,True,False
3322,0.5886567352700331,0.7276336109574605,0.13897687568742734,True,False
3323,0.5537332974713902,0.8469126969466284,0.2931793994752382,True,False
3324,0.5439484128661046,0.6387857121129834,0.09483729924687878,True,False
3325,0.5734122524253027,0.7731626174966597,0.19975036507135702,True,False
3326,0.578543379649025,0.6726430184794356,0.09409963883041061,True,False
3327,0.579984424519994,0.7109644317370557,0.1309800072170617,True,False
3328,0.537488317128051,0.5157890493773195,-0.0216992677507315,False,False
3329,0.5718167950941792,0.7993015158420326,0.22748472074785342,True,False
3330,0.5556115945881255,0.8355292019646153,0.27991760737648985,True,False
3331,0.535350156719196,0.6809851340109018,0.14563497729170582,True,False
3332,0.5635846556519253,0.6968224317983246,0.1332377761463993,True,False
3333,0.5483791967725323,0.7265138965110958,0.17813469973856344,True,False
3334,0.562183002315044,0.6921831193532666,0.13000011703822256,True,False
3335,0.5908380168251521,0.7372931383350051,0.14645512150985296,True,False
3336,0.5585301985591756,0.7459915796350993,0.1874613810759237,True,False
3337,0.5264732693946851,0.8845186296771732,0.3580453602824881,True,False
3338,0.5302024046304037,0.7847411263955376,0.2545387217651339,True,False
3339,0.5613629961796648,0.809235867112363,0.24787287093269816,True,False
3340,0.5408630966229075,0.6498847114345125,0.109021614811605,True,False
3341,0.5660996754484772,0.7279426553260837,0.16184297987760654,True,False
3342,0.575378865245084,0.6620837491444259,0.08670488389934194,True,False
3343,0.5418194274728636,0.6121033437842033,0.07028391631133968,True,False
3344,0.5733088206332742,0.8460067189678129,0.2726978983345387,True,False
3345,0.5631808031626225,0.6295377223277983,0.06635691916517572,True,False
3346,0.5211039828869852,0.7488392466385134,0.2277352637515282,True,False
3347,0.5589475756098955,0.7173518524195783,0.15840427680968283,True,False
3348,0.5459718212616544,0.7127818729949049,0.16681005173325048,True,False
3349,0.53907260449888,0.622391544682582,0.083318940183702,True,False
3350,0.5455089897226999,0.8041927326356099,0.25868374291290996,True,False
3351,0.5533018855861698,0.570122003513637,0.016820117927467182,True,False
3352,0.5312090216159487,0.38654102075655883,-0.1446680008593899,False,False
3353,0.5392431337890197,0.7725478501216306,0.23330471633261096,True,False
3354,0.518192134393049,0.6612242006320987,0.14303206623904974,True,False
3355,0.5895871638136859,0.9123936811471264,0.32280651733344046,True,False
3356,0.49993083327342197,0.8084402685796523,0.3085094353062304,True,False
3357,0.5328547437096058,0.6892039739303755,0.15634923022076963,True,False
3358,0.5298732506380435,0.590726762635065,0.06085351199702149,True,False
3359,0.5446790692526857,0.8253173456611301,0.2806382764084444,True,False
3360,0.5272774021262103,0.6998656027117333,0.17258820058552293,True,False
3361,0.5348381023746439,0.6965623622524065,0.16172425987776262,True,False
3362,0.5372467636873981,0.5619915989901331,0.02474483530273497,True,False
3363,0.5803856252729834,0.5849692867900285,0.0045836615170450346,True,False
3364,0.5659598662443913,0.7481453943889482,0.1821855281445569,True,False
3365,0.5382259693142567,0.5069559649836604,-0.031270004330596346,False,False
3366,0.5039501827733976,0.8100257611811947,0.3060755784077971,True,False
3367,0.48930689682444783,0.7438853915892086,0.2545784947647608,True,False
3368,0.5648583801189783,0.7313576825013098,0.16649930238233157,True,False
3369,0.5710406566509655,0.8256616541079416,0.2546209974569761,True,False
3370,0.5797017997016066,0.7855113424053675,0.20580954270376084,True,False
3371,0.5000003722796076,0.7679116886265077,0.26791131634690013,True,False
3372,0.5372915896612579,0.8059575296601388,0.2686659399988809,True,False
3373,0.5965761032035227,0.5990441221948815,0.0024680189913587336,True,False
3374,0.5807006479443372,0.6924607781590093,0.11176013021467213,True,False
3375,0.5780587886123747,0.39067084901836374,-0.18738793959401095,False,False
3377,0.5578129549552618,0.3700241147089814,-0.18778884024628045,False,False
3378,0.530142805772484,0.673344500841964,0.14320169506948,True,False
3379,0.5284529622719293,0.6456389633786147,0.11718600110668542,True,False
3380,0.5315636642302268,0.6461531570767699,0.11458949284654307,True,False
3381,0.5641062857125408,0.6933061242397907,0.1291998385272498,True,False
3382,0.5794077526203634,0.6337812151687022,0.05437346254833886,True,False
3383,0.5453174660193156,0.8084676321981751,0.26315016617885945,True,False
3384,0.5361697160620946,0.7726181716395882,0.2364484555774936,True,False
3385,0.581784801602419,0.45922064725619965,-0.12256415434621931,False,False
3386,0.5171559958952918,0.6303447081497312,0.11318871225443938,True,False
3387,0.5545695437662791,0.8003935546631092,0.24582401089683015,True,False
3388,0.555314248738025,0.794991597687969,0.23967734894994397,True,False
3389,0.5689769983541015,0.6607455923736331,0.09176859401953152,True,False
3390,0.547556512710251,0.7547572651589023,0.20720075244865133,True,False
3391,0.5269161947985039,0.6727246214360253,0.14580842663752136,True,False
3392,0.5945100002677689,0.9161811793154341,0.3216711790476652,True,False
3393,0.5474114764258368,0.738095993319954,0.19068451689411725,True,False
3394,0.5745947287406064,0.812983828098134,0.2383890993575276,True,False
3395,0.5685012879094423,0.6966755482283888,0.12817426031894652,True,False
3396,0.5732472061500384,0.6432693351174611,0.07002212896742266,True,False
3397,0.5424022417615166,0.8352898599302373,0.29288761816872066,True,False
3398,0.5671614156413823,0.7902386280396662,0.22307721239828382,True,False
3399,0.525146025195259,0.6847413928332664,0.1595953676380074,True,False
3400,0.5794885370641353,0.775851217778947,0.19636268071481178,True,False
3401,0.5420948435606164,0.590142746623556,0.0480479030629396,True,False
3402,0.5325598969900271,0.7784831028811259,0.24592320589109873,True,False
3403,0.5358938647500121,0.5908603682750789,0.05496650352506682,True,False
3404,0.542921362918328,0.6048083814915393,0.06188701857321122,True,False
3405,0.5515898374068715,0.8366351452887945,0.28504530788192295,True,False
3406,0.5875708299944566,0.7752385046892346,0.18766767469477796,True,False
3407,0.5845483055766914,0.9452603748611572,0.36071206928446586,True,False
3408,0.5209240629221039,0.6630802081112991,0.14215614518919517,True,False
3409,0.5393344880644666,0.603403872450149,0.06406938438568244,True,False
3410,0.5400038783973976,0.7393442699562318,0.1993403915588342,True,False
3411,0.5168243694789539,0.8144501804467662,0.29762581096781227,True,False
3412,0.5469219936367065,0.7389721573739468,0.19205016373724038,True,False
3413,0.5317895505441586,0.7754777491121668,0.24368819856800827,True,False
3414,0.5416264843751689,0.7245371926721741,0.18291070829700518,True,False
3415,0.5249816853266447,0.7106220574062386,0.18564037207959394,True,False
3416,0.49713626147314666,0.6326405788257757,0.13550431735262908,True,False
3417,0.5265422454259473,0.9004698334012242,0.3739275879752769,True,False
3418,0.5743470908868402,0.7665290701555431,0.19218197926870284,True,False
3419,0.5439448152369473,0.6046516988603652,0.06070688362341792,True,False
3420,0.588634777203133,0.7101659631430018,0.12153118593986889,True,False
3421,0.5690483656367181,0.8012846378101581,0.23223627217344,True,False
3422,0.5420628227117836,0.7842360589401816,0.24217323622839793,True,False
3423,0.5416541010437402,0.6702270051633497,0.12857290411960942,True,False
3424,0.5387779525315137,0.656360330774321,0.11758237824280726,True,False
3425,0.5683087336745267,0.685552921017583,0.1172441873430563,True,False
3426,0.5710923239623197,0.8286002696601165,0.2575079456977968,True,False
3427,0.521717738692688,0.7197348283227047,0.19801708963001674,True,False
3428,0.5860550227084751,0.6860214104082129,0.09996638769973776,True,False
3429,0.5344086391368628,0.8025965204721611,0.26818788133529836,True,False
3430,0.5589250604657398,0.7576650455510437,0.198739985085304,True,False
3431,0.6062202661189111,0.7348060712067319,0.1285858050878208,True,False
3432,0.5765010184004663,0.5048718042226712,-0.07162921417779511,False,False
3433,0.5611069910677865,0.8621032392428294,0.3009962481750429,True,False
3434,0.5364345523979951,0.6971785724573215,0.16074402005932642,True,False
3435,0.5604193855067673,0.8020727170549485,0.24165333154818125,True,False
3436,0.5345509389635058,0.6041294013399616,0.06957846237645582,True,False
3437,0.5339781837564666,0.7887643811186787,0.2547861973622122,True,False
3438,0.5651656936523214,0.662886258111353,0.09772056445903166,True,False
3439,0.5517760482552784,0.5886609721287387,0.03688492387346032,True,False
3440,0.5844449038042302,0.8115065903068492,0.22706168650261904,True,False
3441,0.549018604984526,0.7601530494816248,0.21113444449709873,True,False
3442,0.5599253776046003,0.7990079774213549,0.23908259981675462,True,False
3443,0.5241967091184385,0.7949894674495528,0.27079275833111427,True,False
3444,0.5526514008979495,0.5624915930174524,0.009840192119502933,True,False
3445,0.563157187686643,0.7312549921685384,0.16809780448189537,True,False
3446,0.5364171337564411,0.6082606201854781,0.07184348642903704,True,False
3447,0.5833432571156585,0.8031038778474655,0.21976062073180702,True,False
3448,0.5251876908457935,0.6922056565437756,0.1670179656979821,True,False
3449,0.5340652662074524,0.754225502114239,0.22016023590678657,True,False
3450,0.5108207390633379,0.622295097000025,0.11147435793668714,True,False
3451,0.5576291907800978,0.8464248959674198,0.288795705187322,True,False
3452,0.5694679033875969,0.7894231286164759,0.219955225228879,True,False
3453,0.5504373089126922,0.7066872990817881,0.1562499901690959,True,False
3454,0.5744410556675654,0.5932556599852148,0.018814604317649364,True,False
3455,0.5431570280756508,0.759183466901623,0.21602643882597217,True,False
3456,0.561513084072717,0.7721846115822467,0.21067152750952967,True,False
3457,0.5366448255592373,0.7920351984304989,0.25539037287126154,True,False
3458,0.5500962110622392,0.4271514507950288,-0.12294476026721035,False,False
3459,0.5521230148252986,0.7123661009401409,0.16024308611484228,True,False
3460,0.5333828241279455,0.8379581134029362,0.3045752892749908,True,False
3461,0.5774933762092875,0.7925147760107937,0.21502139980150614,True,False
3462,0.5881716011569279,0.7413666576876601,0.15319505653073218,True,False
3463,0.5250154851647207,0.8419263638157276,0.31691087865100687,True,False
3464,0.5843324918320364,0.6917496433874657,0.1074171515554293,True,False
3465,0.5407825352073672,0.6599100353722145,0.1191275001648473,True,False
3466,0.5924852032165578,0.8037616343383348,0.21127643112177696,True,False
3467,0.5718239124141943,0.8515244258499756,0.2797005134357813,True,False
3468,0.5520323178864391,0.8355675252895671,0.283535207403128,True,False
3469,0.5239253977364524,0.7119010088281924,0.18797561109174,True,False
3470,0.5688315742650617,0.55019456479162,-0.018637009473441712,False,False
3471,0.503533284092608,0.7363271980391791,0.23279391394657112,True,False
3472,0.5927108756501941,0.7588799394002104,0.16616906375001628,True,False
3473,0.5187495944214472,0.6572625952833251,0.1385130008618779,True,False
3474,0.5470289041514249,0.7877496880075076,0.24072078385608264,True,False
3475,0.57232644243939,0.8207255528374575,0.2483991103980675,True,False
3476,0.5694987178617302,0.5655633749287876,-0.00393534293294262,False,False
3477,0.541508997643345,0.7155105158210687,0.1740015181777237,True,False
3478,0.5499342747686906,0.8819772634937963,0.33204298872510574,True,False
3479,0.5337714253515444,0.7567533247044674,0.222981899352923,True,False
3480,0.5606213106831498,0.708771874644419,0.14815056396126924,True,False
3481,0.5515764162690614,0.7624729525963896,0.2108965363273282,True,False
3482,0.5836938531627648,0.7571680097488476,0.17347415658608278,True,False
3483,0.5360029137096284,0.6135969864649293,0.07759407275530095,True,False
3484,0.5849483827840909,0.6751510247150122,0.09020264193092131,True,False
3485,0.5433986196702136,0.8915171331056797,0.34811851343546607,True,False
3486,0.5647287363000374,0.518893494734657,-0.045835241565380436,False,False
3487,0.5415977905327696,0.7708496614621746,0.22925187092940502,True,False
3488,0.5275584320947884,0.29189961047752466,-0.2356588216172637,False,False
3489,0.5761114228619072,0.8515536227963103,0.2754421999344031,True,False
3490,0.5532077347740798,0.7933459810185121,0.24013824624443225,True,False
3491,0.5473293684572471,0.4935222948452813,-0.053807073611965794,False,False
3492,0.5952929245441686,0.7206205100048375,0.1253275854606689,True,False
3493,0.5698750588611723,0.7627269836784198,0.19285192481724756,True,False
3494,0.56836657784745,0.6394176618487207,0.07105108400127069,True,False
3495,0.527492556433124,0.6449616614331869,0.11746910500006291,True,False
3496,0.5517569294535548,0.7567846026562709,0.2050276732027161,True,False
3497,0.5465015350199972,0.8133399983661963,0.2668384633461991,True,False
3498,0.5773399114665392,0.603723861003543,0.026383949537003848,True,False
3499,0.5568265321380661,0.6790680244758321,0.12224149233776604,True,False
3500,0.5440560633924217,0.8508342596704911,0.30677819627806935,True,False
3501,0.5092167510917935,0.8367542256446407,0.3275374745528472,True,False
3502,0.5474111617738817,0.9024407459811973,0.35502958420731556,True,False
3503,0.5638546024868287,0.7081459182377671,0.14429131575093834,True,False
3504,0.5394450394989715,0.7454488411088469,0.20600380160987541,True,False
3505,0.5624216740774463,0.7425044551668051,0.18008278108935882,True,False
3506,0.5652044724513704,0.7853532958808296,0.22014882342945918,True,False
3507,0.5303015374672647,0.6621208277805257,0.131819290313261,True,False
3508,0.5789791722145702,0.5667139704192158,-0.012265201795354397,False,False
3509,0.5760029295754014,0.6882807294438511,0.11227779986844966,True,False
3510,0.567295393668385,0.7661891090430814,0.19889371537469636,True,False
3511,0.528725628944657,0.8051540972186905,0.27642846827403345,True,False
3512,0.5357129394298101,0.7661498258759353,0.23043688644612514,True,False
3513,0.5733239665765519,0.686061453763361,0.1127374871868091,True,False
3514,0.5708473410216777,0.9046609858482687,0.33381364482659104,True,False
3515,0.5640950262199002,0.8042148812050386,0.24011985498513844,True,False
3516,0.5633079248247109,0.7390188099674145,0.1757108851427036,True,False
3517,0.5768010450917563,0.6564599303489037,0.07965888525714737,True,False
3518,0.5472266943830743,0.6828266734870425,0.13559997910396826,True,False
3519,0.5328371534975311,0.6971510335657269,0.1643138800681958,True,False
3520,0.5332999870047421,0.743595283158314,0.2102952961535719,True,False
3521,0.5522844195156267,0.6812672613249283,0.12898284180930164,True,False
3522,0.5405721397048295,0.5812483458486,0.04067620614377043,True,False
3523,0.5380286096752597,0.8998502937790909,0.3618216841038312,True,False
3524,0.5623418180334832,0.4896452841249726,-0.07269653390851055,False,False
3525,0.5433105235332787,0.5815789699611286,0.03826844642784988,True,False
3526,0.5551687659549884,0.6776238288541682,0.12245506289917973,True,False
3527,0.5411956574270121,0.6783450454827687,0.1371493880557566,True,False
3529,0.5564993221046798,0.5873949225990666,0.030895600494386777,True,False
3530,0.5775238131169298,0.6095390026444985,0.032015189527568655,True,False
3531,0.5472436325722332,0.7353300073129054,0.18808637474067225,True,False
3532,0.5753261668388262,0.6336062452634285,0.058280078424602255,True,False
3533,0.5471898392878528,0.7106487204672872,0.1634588811794344,True,False
3534,0.5449394551095808,0.7886294672120542,0.24369001210247343,True,False
3535,0.5806987057329496,0.8136974768532781,0.23299877112032852,True,False
3536,0.5636174116987599,0.6038083420486771,0.040190930349917164,True,False
3537,0.5580312036481172,0.49547558050976753,-0.06255562313834967,False,False
3538,0.5302684817545159,0.6453538933660348,0.11508541161151886,True,False
3539,0.5628949968589633,0.7386206788283993,0.17572568196943605,True,False
3540,0.53919404080266,0.6783992637998646,0.13920522299720461,True,False
3541,0.5542931588102777,0.7348867358278824,0.1805935770176047,True,False
3542,0.518048435876246,0.3883279912229692,-0.12972044465327687,False,False
3543,0.5405147457504479,0.8378371727819509,0.297322427031503,True,False
3544,0.5723105688898695,0.8123612412386084,0.2400506723487389,True,False
3545,0.5282508882812583,0.6996864230390928,0.17143553475783446,True,False
3546,0.5253357791276726,0.7456889537712604,0.22035317464358783,True,False
3547,0.5325483435264503,0.770928794431309,0.2383804509048587,True,False
3548,0.5583405892559397,0.5303151960749615,-0.028025393180978186,False,False
3549,0.5421655298669082,0.7268070059413344,0.18464147607442616,True,False
3550,0.5524453473244022,0.7203865694386237,0.16794122211422147,True,False
3551,0.5140613897347134,0.7390344325151179,0.22497304278040453,True,False
3552,0.5499601151094157,0.781597072230342,0.23163695712092636,True,False
3553,0.5968459957260939,0.5138527035688852,-0.08299329215720863,False,False
3554,0.567216110703213,0.6645399174212308,0.09732380671801777,True,False
3555,0.5750426903234616,0.6337155746938415,0.058672884370379985,True,False
3556,0.5439717295888609,0.747519480309544,0.2035477507206831,True,False
3557,0.5347563337330056,0.7302407435589655,0.19548440982595994,True,False
3558,0.5731838866600835,0.7679267517959556,0.19474286513587213,True,False
3559,0.5639171102578348,0.6553204683421027,0.09140335808426792,True,False
3560,0.5617627200192117,0.7133028755450779,0.1515401555258662,True,False
3561,0.5531252590073777,0.6407609917485168,0.087635732741139,True,False
3562,0.5553011836303543,0.6286893783753579,0.07338819474500358,True,False
3563,0.5301634056917481,0.6857901219500435,0.15562671625829538,True,False
3564,0.5744314013233323,0.699160027540369,0.12472862621703673,True,False
3565,0.5600085683218591,0.6928973648813882,0.13288879655952912,True,False
3566,0.5626318568419781,0.899681660243127,0.3370498034011489,True,False
3567,0.5212194431368363,0.8184813665005751,0.2972619233637388,True,False
3568,0.5566863063911753,0.6292158275029545,0.07252952111177913,True,False
3569,0.5411576492287107,0.6789556574645564,0.13779800823584576,True,False
3570,0.5436903335525425,0.8655571228614026,0.32186678930886015,True,False
3571,0.526935701239258,0.6319679156049806,0.10503221436572252,True,False
3572,0.5666313796435756,0.7731732073626053,0.20654182771902974,True,False
3573,0.5583738457855373,0.6307407973616193,0.07236695157608197,True,False
3574,0.5337425518158891,0.6057394979674804,0.07199694615159125,True,False
3575,0.5630746113887427,0.4271234117550608,-0.1359511996336819,False,False
3576,0.5264417512847771,0.7006435876293466,0.17420183634456954,True,False
3577,0.5328565921213951,0.6017568070662408,0.06890021494484566,True,False
3578,0.5855653117843395,0.7751522149980221,0.18958690321368266,True,False
3579,0.569461872352737,0.5203059700810083,-0.049155902271728724,False,False
3580,0.5483951777512645,0.6788362853937642,0.13044110764249972,True,False
3581,0.6032651507519664,0.6914176887105313,0.08815253795856492,True,False
3582,0.5636702012175574,0.4565672162790109,-0.10710298493854647,False,False
3583,0.5547193332938466,0.7290427197555797,0.17432338646173307,True,False
3584,0.5287188722988074,0.5287684510910591,4.957879225164774e-05,True,False
3585,0.5515316704698463,0.7096327294915287,0.15810105902168237,True,False
3586,0.5917790439416885,0.7335655590763137,0.14178651513462526,True,False
3587,0.5774203950175292,0.7243237416107949,0.14690334659326576,True,False
3588,0.5552199513148199,0.7969122265774019,0.24169227526258197,True,False
3589,0.5251055838798301,0.6138976603118953,0.08879207643206521,True,False
3590,0.5456643438482294,0.7389111805402514,0.19324683669202203,True,False
3591,0.5396644835724291,0.7292991715566293,0.18963468798420013,True,False
3592,0.5247516914236731,0.7213410055779783,0.19658931415430525,True,False
3593,0.5795528294758827,0.8273098577459015,0.24775702827001878,True,False
3594,0.5836965002508819,0.6188535436501497,0.03515704339926773,True,False
3595,0.5804712805211121,0.5872521228644683,0.006780842343356186,True,False
3596,0.5576547615375371,0.7761058216859918,0.21845106014845472,True,False
3597,0.5476943396275574,0.6512837638263221,0.10358942419876471,True,False
3599,0.5775662860321037,0.5708449575261328,-0.006721328505970847,False,False
3600,0.5534649711025672,0.7098247330012185,0.1563597618986513,True,False
3601,0.5513163070954612,0.6467449305408198,0.09542862344535863,True,False
3602,0.5412741661616844,0.7853284350223816,0.24405426886069714,True,False
3603,0.5671858327177115,0.6877432751694085,0.12055744245169697,True,False
3604,0.5727760216601294,0.6553993813427803,0.08262335968265089,True,False
3605,0.5449768715946254,0.7608664565976223,0.21588958500299693,True,False
3606,0.5247839432694732,0.7190813040867647,0.19429736081729154,True,False
3607,0.5535433979908969,0.7483073155627084,0.19476391757181144,True,False
3608,0.5795174062282625,0.5759078532454377,-0.0036095529828248374,False,False
3609,0.5302395413624216,0.5616860627913423,0.03144652142892068,True,False
3610,0.5259486923971989,0.6570283984158349,0.13107970601863606,True,False
3611,0.6149474530249885,0.6585161816372841,0.04356872861229555,True,False
3612,0.5557656078141634,0.6627006809735844,0.10693507315942097,True,False
3613,0.5465412967839037,0.6765041527093737,0.12996285592546997,True,False
3614,0.5525254195165654,0.7582044995684059,0.20567908005184043,True,False
3615,0.5759964998097835,0.7758283325978148,0.1998318327880313,True,False
3616,0.5665650548492498,0.7237491281119343,0.15718407326268446,True,False
3617,0.546286127607541,0.7827663142633169,0.23648018665577586,True,False
3618,0.5477617082625718,0.6550507945671926,0.10728908630462086,True,False
3619,0.5764182957226645,0.609942527511938,0.03352423178927355,True,False
3620,0.5410956737244174,0.716386860312384,0.1752911865879666,True,False
3621,0.5694243227574683,0.7950436601332734,0.22561933737580508,True,False
3622,0.5464436201507333,0.7269565906541188,0.18051297050338544,True,False
3623,0.586032944714989,0.808068236843145,0.22203529212815598,True,False
3624,0.5278700502336173,0.6625810958260099,0.13471104559239255,True,False
3625,0.530862573200174,0.5325260860494703,0.0016635128492962226,True,False
3626,0.5694795694085706,0.7187514544366043,0.14927188502803368,True,False
3627,0.5983126869209845,0.6400171403621344,0.041704453441149925,True,False
3628,0.5731955682333674,0.6398445459494674,0.06664897771610001,True,False
3629,0.5650825714048161,0.8934465031365746,0.3283639317317585,True,False
3630,0.5345455475134764,0.7818765630270127,0.2473310155135363,True,False
3631,0.5428999420258315,0.6721065497993358,0.12920660777350435,True,False
3632,0.5928705600507285,0.6023708204693757,0.009500260418647266,True,False
3633,0.5834693236495617,0.9084783917317198,0.3250090680821581,True,False
3634,0.5579807729069095,0.6792718164049174,0.1212910434980079,True,False
3635,0.5799632406217675,0.7331713489664089,0.15320810834464138,True,False
3636,0.5685652251329926,0.8071580983255471,0.2385928731925545,True,False
3637,0.5760087372026814,0.7826130502857491,0.2066043130830677,True,False
3638,0.5362188690638192,0.681935025063957,0.14571615600013776,True,False
3639,0.5525531194707173,0.6391443163245863,0.08659119685386907,True,False
3640,0.5877576707904256,0.6003804804318366,0.012622809641410937,True,False
3641,0.540950839827453,0.7673914168171726,0.22644057698971964,True,False
3642,0.5853197119505323,0.9024542699065715,0.3171345579560392,True,False
3643,0.5698818251456428,0.8358582447532812,0.2659764196076384,True,False
3644,0.5840800862123969,0.8734167982181146,0.28933671200571764,True,False
3645,0.5585097383498598,0.6907075038019418,0.13219776545208195,True,False
3646,0.578454135704691,0.8172474629026272,0.23879332719793622,True,False
3647,0.5776625858316744,0.7251998165515371,0.1475372307198627,True,False
3648,0.5230424807012103,0.6129705811298561,0.08992810042864585,True,False
3649,0.5548235956733351,0.768159230522986,0.2133356348496509,True,False
3650,0.5612567243227097,0.7337596798480129,0.17250295552530326,True,False
3651,0.549552410432102,0.6120671323990453,0.0625147219669433,True,False
3652,0.5593008812658681,0.7255774643021375,0.16627658303626947,True,False
3653,0.5634262862678453,0.6184123979669638,0.05498611169911849,True,False
3654,0.5477355036953706,0.7349507772603932,0.18721527356502254,True,False
3655,0.5637574172227204,0.9393214809196786,0.37556406369695816,True,False
3657,0.5519349701665641,0.5767541122438311,0.024819142077266987,True,False
3658,0.5398109646540923,0.7453677005506539,0.20555673589656165,True,False
3659,0.5769406364516682,0.8077483900151704,0.23080775356350225,True,False
3660,0.5928501572028692,0.6488435949729885,0.055993437770119336,True,False
3661,0.5281265871459166,0.637582636191766,0.10945604904584938,True,False
3663,0.5334787107330987,0.49584834778028,-0.03763036295281874,False,False
3664,0.5344786600796607,0.8386006235650161,0.30412196348535536,True,False
3665,0.5693534505441334,0.6680005382786333,0.09864708773449982,True,False
3666,0.5462839937456055,0.7440463572067746,0.19776236346116904,True,False
3667,0.5782083797315111,0.6920327267679988,0.1138243470364877,True,False
3668,0.5820990571014013,0.761674010292893,0.17957495319149164,True,False
3669,0.5726322261190503,0.7947860308529544,0.22215380473390411,True,False
3670,0.5690802160044797,0.5655390907636862,-0.003541125240793419,False,False
3671,0.5456572718953402,0.6081010378345804,0.06244376593924017,True,False
3672,0.5560776788327239,0.648695415329139,0.09261773649641514,True,False
3673,0.5265686476457168,0.7837665771979211,0.25719792955220433,True,False
3674,0.5133470583290762,0.8097325603498909,0.2963855020208147,True,False
3675,0.569132635828015,0.6815592446450186,0.11242660881700361,True,False
3676,0.5574030747457431,0.8148171571280752,0.2574140823823321,True,False
3677,0.5882992717354887,0.5308476635633299,-0.057451608172158775,False,False
3678,0.5120219194807014,0.6337068831369562,0.12168496365625481,True,False
3679,0.5524395819277426,0.6881295634883018,0.13568998156055923,True,False
3680,0.5608916758525359,0.7561366991045035,0.1952450232519677,True,False
3681,0.5529802880174339,0.5827657188973171,0.029785430879883168,True,False
3682,0.5903543662399565,0.6628969725889887,0.0725426063490322,True,False
3683,0.5420976128499756,0.6056133799331641,0.06351576708318851,True,False
3684,0.5244788139599434,0.7287368212058521,0.2042580072459087,True,False
3685,0.5613288635803194,0.7449630257311307,0.1836341621508113,True,False
3686,0.5194187778302618,0.7734671573786338,0.254048379548372,True,False
3687,0.5283607497710887,0.754875984121615,0.22651523435052634,True,False
3688,0.5610414632397941,0.7557223944640482,0.19468093122425412,True,False
3689,0.5740179811466771,0.4963228043495817,-0.07769517679709542,False,False
3690,0.5570924712822815,0.6793620293974013,0.12226955811511986,True,False
3691,0.5196008990475217,0.6943805381174339,0.17477963906991223,True,False
3692,0.5751632842619692,0.6851127887960172,0.10994950453404806,True,False
3693,0.5551635918725206,0.7626205282224447,0.20745693634992413,True,False
3694,0.5644369185767136,0.8182858691155361,0.2538489505388225,True,False
3695,0.5916631803717922,0.6272422068493183,0.03557902647752609,True,False
3696,0.5379652257846385,0.6904369927986944,0.15247176701405596,True,False
3697,0.5769420214902645,0.6663249749918594,0.08938295350159486,True,False
3698,0.5666267478786317,0.6851375710953193,0.1185108232166876,True,False
3699,0.5510158536977314,0.8380465706576677,0.2870307169599363,True,False
3700,0.5901723842488981,0.6418330875365332,0.05166070328763517,True,False
3701,0.5429975335520922,0.7998134499176045,0.25681591636551226,True,False
3702,0.5581380563095864,0.7570855209478573,0.19894746463827095,True,False
3703,0.5438740884471133,0.5895242469095056,0.04565015846239229,True,False
3704,0.5815794661994877,0.6884146348991813,0.10683516869969356,True,False
3705,0.530305896770335,0.7318189713424066,0.20151307457207157,True,False
3706,0.5878730091903639,0.6791432574823512,0.09127024829198727,True,False
3707,0.5338735656119695,0.43683990825916,-0.0970336573528095,False,False
3708,0.5278008094276566,0.644019520611936,0.1162187111842794,True,False
3709,0.5585589785472914,0.5508395769336888,-0.007719401613602628,False,False
3710,0.5859868507243372,0.3795472098176983,-0.2064396409066389,False,False
3711,0.5550371588076257,0.8244694836618369,0.2694323248542112,True,False
3712,0.5627259045614469,0.6177109629124307,0.05498505835098377,True,False
3713,0.5284342794611409,0.747273810814621,0.2188395313534801,True,False
3714,0.5358680229213357,0.6421873673003038,0.10631934437896806,True,False
3715,0.5832374200254392,0.6105277428178434,0.027290322792404176,True,False
3716,0.5593325969315671,0.6616512020499503,0.1023186051183832,True,False
3717,0.5401967301645124,0.7747445059713717,0.23454777580685926,True,False
3718,0.5737272047713793,0.8107333010957545,0.2370060963243752,True,False
3719,0.5627422058402951,0.701679216102289,0.1389370102619939,True,False
3720,0.5641456395122492,0.5259559292872094,-0.03818971022503981,False,False
3721,0.5351106345050273,0.7581195446810962,0.22300891017606894,True,False
3722,0.544183735613435,0.5365488841930578,-0.007634851420377231,False,False
3723,0.5929577375136101,0.780487624940295,0.18752988742668486,True,False
3724,0.5552097134065448,0.6787925402193459,0.12358282681280108,True,False
3725,0.589810927440177,0.7519769048231995,0.1621659773830224,True,False
3726,0.5576348631161928,0.6099017759378568,0.05226691282166396,True,False
3727,0.5467529914446859,0.7092957968961751,0.16254280545148914,True,False
3728,0.5808373983018562,0.8499383904365013,0.2691009921346451,True,False
3729,0.5308335432186236,0.6696378671154337,0.13880432389681008,True,False
3730,0.5708400036450001,0.6957923356546298,0.12495233200962974,True,False
3731,0.5684331029437782,0.8906147701542584,0.32218166721048014,True,False
3732,0.5634272731451122,0.8258756463764652,0.26244837323135295,True,False
3733,0.5490970518677805,0.866058980448269,0.31696192858048855,True,False
3734,0.5841966212945224,0.4843496551979294,-0.09984696609659305,False,False
3735,0.559441222521452,0.5500892701011137,-0.009351952420338261,False,False
3736,0.578715203909058,0.8238529720915582,0.24513776818250022,True,False
3737,0.5531931448880887,0.6073517512103476,0.054158606322258884,True,False
3738,0.5737799981324179,0.7965873410946904,0.22280734296227256,True,False
3739,0.5386878347365197,0.6261653717225633,0.08747753698604355,True,False
3740,0.5190924054063861,0.6629862022726792,0.1438937968662931,True,False
3741,0.5627414529966298,0.7174138209282511,0.1546723679316213,True,False
3742,0.5705096413825306,0.8162645594347196,0.24575491805218908,True,False
3743,0.5805421429634864,0.8001937922512965,0.2196516492878101,True,False
3744,0.527116237490278,0.7401104350498242,0.21299419755954618,True,False
3745,0.5315527950708531,0.5274953601995431,-0.0040574348713099395,False,False
3746,0.5012359817502661,0.6902535234882011,0.18901754173793506,True,False
3747,0.5710743955018935,0.6098367243392083,0.038762328837314786,True,False
3748,0.5792810587439842,0.7654259351864705,0.18614487644248634,True,False
3749,0.5357813556977326,0.5067974628045844,-0.028983892893148178,False,False
3750,0.5372409221363932,0.6358212473325096,0.09858032519611637,True,False
3751,0.5649874894926917,0.6842977045134659,0.11931021502077421,True,False
3752,0.5800208171890183,0.7428488613515088,0.16282804416249053,True,False
3753,0.5476261835012001,0.7582344927552079,0.21060830925400786,True,False
3754,0.5636724739177378,0.5824853521455922,0.01881287822785438,True,False
3755,0.5328052843910048,0.8246650843517933,0.2918597999607885,True,False
3756,0.5412948816321633,0.5691010717834354,0.02780619015127206,True,False
3757,0.520135139883486,0.6583527599541393,0.1382176200706533,True,False
3758,0.5865226889864229,0.8218389773027117,0.2353162883162888,True,False
3759,0.5237001784085695,0.6515924007070574,0.12789222229848785,True,False
3760,0.5370321786387461,0.7138695729190725,0.1768373942803264,True,False
3761,0.5605020684877462,0.788349747674818,0.22784767918707183,True,False
3762,0.5460831952203289,0.7832163988747233,0.2371332036543944,True,False
3763,0.5634286617980357,0.7457697733053925,0.18234111150735677,True,False
3764,0.528103272541356,0.8171172810898484,0.28901400854849235,True,False
3765,0.5494185554607454,0.7721731556580732,0.22275460019732785,True,False
3766,0.5655847517635927,0.5020236566065042,-0.06356109515708852,False,False
3767,0.5630304582223596,0.761234205346849,0.1982037471244894,True,False
3768,0.5669861825774791,0.7182499390342216,0.1512637564567425,True,False
3769,0.57070333431145,0.6772763449216573,0.1065730106102073,True,False
3770,0.5819982900225826,0.7249055533784811,0.14290726335589843,True,False
3771,0.553535347685255,0.4408187415678134,-0.11271660611744161,False,False
3772,0.5511297150581638,0.6679676283880435,0.1168379133298797,True,False
3773,0.53465263979926,0.7275339940623681,0.19288135426310804,True,False
3774,0.5519532223076049,0.768231625539134,0.21627840323152914,True,False
3775,0.5429048762345423,0.7199794969221042,0.17707462068756186,True,False
3776,0.5804243347655342,0.6487100656094021,0.06828573084386791,True,False
3777,0.544459866354943,0.808255714156764,0.26379584780182097,True,False
3778,0.543769198106286,0.706771671047854,0.163002472941568,True,False
3779,0.5841065264936226,0.6989156197869537,0.11480909329333111,True,False
3780,0.5269664542594276,0.714677687800014,0.1877112335405864,True,False
3781,0.527629387419896,0.656144407178967,0.1285150197590711,True,False
3782,0.5883463214155191,0.5986690773830586,0.01032275596753951,True,False
3783,0.6044618831016798,0.8358780191816291,0.23141613607994926,True,False
3784,0.5511366794110237,0.7709859704023638,0.2198492909913401,True,False
3785,0.5359510937083569,0.5469043765259111,0.010953282817554144,True,False
3786,0.5649871541102615,0.7668380814743031,0.20185092736404164,True,False
3787,0.5717272346223118,0.58798784689587,0.01626061227355824,True,False
3788,0.5785636133814724,0.6841983095710771,0.10563469618960464,True,False
3789,0.5588211968665351,0.7853018851839105,0.22648068831737544,True,False
3790,0.5420874515203268,0.7925841171252748,0.250496665604948,True,False
3791,0.5951333650291061,0.6225369065202062,0.027403541491100136,True,False
3792,0.5745064538024943,0.5725106283827507,-0.0019958254197436354,False,False
3793,0.5785318859812961,0.42813332064480847,-0.15039856533648766,False,False
3794,0.5921073664474499,0.8094335089124369,0.21732614246498705,True,False
3795,0.5471122379778756,0.6719535602617993,0.12484132228392375,True,False
3796,0.5316847815096616,0.6822166736985453,0.15053189218888374,True,False
3797,0.5570504955300166,0.7638732757551413,0.20682278022512468,True,False
3798,0.5685974101557872,0.792109967323654,0.22351255716786678,True,False
3799,0.5471589655235009,0.6751745437406715,0.1280155782171707,True,False
3800,0.547977824528257,0.6664295912909186,0.11845176676266156,True,False
3801,0.5456085668823188,0.2457190542319981,-0.2998895126503207,False,False
3802,0.5637998423394034,0.5997462038311588,0.03594636149175545,True,False
3803,0.5478925276190776,0.5242045155548731,-0.023688012064204456,False,False
3804,0.5326974596574751,0.784288209651496,0.251590749994021,True,False
3805,0.5091547610501391,0.6963941821519923,0.1872394211018532,True,False
3806,0.5274715138219047,0.27873614784294937,-0.24873536597895535,False,False
3807,0.578067697564477,0.6667467594707001,0.0886790619062231,True,False
3808,0.557065781087795,0.6424503236097945,0.08538454252199945,True,False
3809,0.560733438237154,0.7016215183390347,0.1408880801018807,True,False
3810,0.5699460232197523,0.7643981554717459,0.19445213225199365,True,False
3811,0.5716413168266793,0.7824211727299746,0.2107798559032953,True,False
3812,0.5283005685667861,0.650825512418956,0.12252494385216994,True,False
3813,0.5598541275127145,0.8046057520993659,0.24475162458665145,True,False
3814,0.5910091759276487,0.5124395266652725,-0.0785696492623762,False,False
3815,0.5480548261034383,0.6527506341888102,0.10469580808537193,True,False
3816,0.5994676813546107,0.5758945294500601,-0.02357315190455056,False,False
3817,0.5670146020245262,0.6657408300046309,0.09872622798010466,True,False
3818,0.5306849495132664,0.7188208956772123,0.1881359461639459,True,False
3819,0.5545964079349595,0.7020840624458655,0.14748765451090606,True,False
3820,0.5957299117999898,0.594567904681147,-0.001162007118842845,False,False
3821,0.5398343852797136,0.7444977547865078,0.2046633695067942,True,False
3822,0.5652082737432722,0.8326382834217948,0.2674300096785226,True,False
3823,0.5434614737925345,0.718838061295223,0.17537658750268847,True,False
3824,0.526810642835191,0.7169101712066519,0.19009952837146094,True,False
3825,0.522177716194961,0.6427432703996578,0.12056555420469683,True,False
3826,0.5873091752355519,0.7622060487637983,0.17489687352824634,True,False
3827,0.556000865668694,0.6882951701204869,0.1322943044517929,True,False
3828,0.5182961384288691,0.7473705335370223,0.2290743951081532,True,False
3829,0.5534064670815149,0.740315017498504,0.18690855041698917,True,False
3830,0.5832873973231915,0.5832004036560163,-8.699366717512813e-05,False,False
3831,0.5586205612727331,0.7421939829749412,0.18357342170220814,True,False
3832,0.584976717468942,0.8146884001968819,0.22971168272793996,True,False
3833,0.5576851832438684,0.72800450176366,0.17031931851979165,True,False
3834,0.5759817577180321,0.3623021585499177,-0.21367959916811435,False,False
3835,0.5641043686784588,0.7816313281100288,0.21752695943156997,True,False
3836,0.5549270127219038,0.6733098653605816,0.11838285263867776,True,False
3837,0.5594159558340049,0.6847191046102439,0.12530314877623894,True,False
3839,0.5666323473842371,0.3343011157960859,-0.23233123158815117,False,False
3840,0.5302831439925947,0.7119533228164227,0.18167017882382797,True,False
3841,0.5242474924338681,0.6250839354585395,0.10083644302467132,True,False
3842,0.5652017716883406,0.7185141169180946,0.153312345229754,True,False
3843,0.5527248556052956,0.43274998917650964,-0.11997486642878596,False,False
3844,0.5371179072067103,0.3835067164952635,-0.15361119071144674,False,False
3845,0.5715547091918409,0.8338183140605916,0.26226360486875067,True,False
3846,0.5611493251192378,0.7266010497334521,0.1654517246142143,True,False
3847,0.5357334669346441,0.8561522999947985,0.3204188330601544,True,False
3848,0.6071215965169904,0.6938728051671834,0.08675120865019303,True,False
3849,0.5511317256938683,0.48497666594242306,-0.0661550597514452,False,False
3850,0.5471100271584487,0.6380694390331355,0.09095941187468681,True,False
3851,0.5600824128559413,0.7274851707160148,0.16740275786007353,True,False
3852,0.557518147041332,0.8618862943284112,0.3043681472870793,True,False
3853,0.5574035629409818,0.6879473219820623,0.1305437590410805,True,False
3854,0.5660057297721842,0.7649150448050466,0.19890931503286235,True,False
3855,0.5632012547141207,0.7092727205765652,0.14607146586244446,True,False
3856,0.5635413499259702,0.6355699035598552,0.07202855363388505,True,False
3857,0.532222308275949,0.658208579641074,0.12598627136512508,True,False
3858,0.5287063153440004,0.6253981717507746,0.09669185640677425,True,False
3859,0.5634661484020643,0.39195462398501385,-0.17151152441705048,False,False
3860,0.5629705261823651,0.5833317672275269,0.020361241045161793,True,False
3861,0.5573194579544556,0.8168034342191993,0.25948397626474373,True,False
3862,0.518100756055291,0.7873250218729073,0.26922426581761627,True,False
3863,0.5820243252538446,0.6637186632233546,0.08169433796950998,True,False
3864,0.5687480495880535,0.7103072887894527,0.14155923920139923,True,False
3865,0.5681612932591941,0.6777257163444493,0.10956442308525527,True,False
3866,0.5809325336577822,0.8605649314713747,0.2796323978135925,True,False
3867,0.5450513334967546,0.7234867768631532,0.1784354433663986,True,False
3868,0.5577665835171431,0.6141321910572562,0.056365607540113105,True,False
3869,0.5508052021865771,0.629940036723221,0.07913483453664383,True,False
3870,0.5797807883308691,0.6751219901321117,0.09534120180124261,True,False
3871,0.5709150756527787,0.5878892263882041,0.01697415073542541,True,False
3872,0.5561056686750523,0.7558508751661779,0.1997452064911256,True,False
3873,0.5583068267863706,0.7555045229223316,0.19719769613596105,True,False
3874,0.5746203347244103,0.8418702792176411,0.2672499444932308,True,False
3875,0.5964913473898724,0.7296628074430616,0.13317146005318914,True,False
3876,0.5825872406322145,0.805977925627806,0.22339068499559156,True,False
3877,0.571245942454704,0.8612949304918903,0.2900489880371864,True,False
3878,0.5132611674331075,0.6360739410972995,0.12281277366419208,True,False
3879,0.5666688388592496,0.5462573894797592,-0.020411449379490354,False,False
3880,0.5505172344048228,0.8391338147393967,0.28861658033457394,True,False
3881,0.5449654022407711,0.6223885992458964,0.07742319700512534,True,False
3882,0.5598937913076546,0.6019444155554489,0.042050624247794266,True,False
3883,0.5201342561750518,0.7763866754789265,0.25625241930387466,True,False
3884,0.5728226148531751,0.6299203517201585,0.057097736866983384,True,False
3885,0.5382094018629833,0.7501840575889132,0.21197465572592988,True,False
3886,0.5474457791703634,0.753606464375027,0.20616068520466357,True,False
3887,0.5693548009875833,0.6598734502182899,0.09051864923070663,True,False
3888,0.5434277502373669,0.7626674835490026,0.2192397333116357,True,False
3889,0.5978873907631101,0.7883073028215005,0.19041991205839037,True,False
3890,0.5686709259885498,0.8306346041986978,0.261963678210148,True,False
3891,0.5531109539908021,0.7003859742431223,0.1472750202523202,True,False
3892,0.5256412300683467,0.7085955010308672,0.18295427096252048,True,False
3893,0.5990899387089275,0.6288509152258112,0.029760976516883697,True,False
3894,0.5565159166597996,0.71676644128497,0.16025052462517042,True,False
3895,0.5874858375253398,0.4838757824005242,-0.10361005512481558,False,False
3896,0.5433696811946195,0.5497037029176217,0.006334021723002237,True,False
3897,0.5461713922655338,0.653973826809018,0.10780243454348426,True,False
3898,0.5450209097992503,0.7741185831050931,0.22909767330584274,True,False
3899,0.5578491843825101,0.7079354529348244,0.15008626855231433,True,False
3900,0.5623763698183607,0.6675327690350842,0.10515639921672348,True,False
3901,0.5412019382113791,0.5516471401026325,0.01044520189125342,True,False
3902,0.5867804075566649,0.3181310896889859,-0.26864931786767904,False,False
3903,0.573737979005623,0.4613954962061427,-0.11234248279948028,False,False
3904,0.5236646603322779,0.6258112173400632,0.1021465570077853,True,False
3905,0.5824366786353482,0.7688352447922804,0.18639856615693218,True,False
3906,0.5779953873264734,0.6712715226250487,0.09327613529857537,True,False
3907,0.559693514775626,0.6159577221866872,0.056264207411061196,True,False
3908,0.5488808635691494,0.7679367490399719,0.21905588547082244,True,False
3909,0.5681325618278608,0.6205891301146261,0.05245656828676537,True,False
3910,0.587019234680563,0.8140443458303873,0.22702511114982427,True,False
3911,0.5433825218175188,0.6198944320926808,0.07651191027516202,True,False
3912,0.5466110370856287,0.7682778216522832,0.22166678456665445,True,False
3913,0.5632542423026854,0.7331574229511798,0.1699031806484944,True,False
3914,0.5663768797148023,0.7848581376807012,0.2184812579658989,True,False
3915,0.5922781621657472,0.49325445899442244,-0.0990237031713248,False,False
3916,0.5507204426544022,0.7282488165895189,0.17752837393511667,True,False
3917,0.5442761338017619,0.7068251746202928,0.16254904081853094,True,False
3918,0.5481532952711284,0.6483214761974722,0.10016818092634372,True,False
3919,0.5763996279100745,0.7452927965543351,0.16889316864426063,True,False
3920,0.5626252154242862,0.7596584761602159,0.19703326073592964,True,False
3921,0.5386147957381039,0.6717608511700162,0.13314605543191227,True,False
3922,0.5205035696708218,0.8306557671320948,0.310152197461273,True,False
3923,0.5391103878626897,0.7825659028794222,0.24345551501673246,True,False
3924,0.5463399066624418,0.8025667544806397,0.25622684781819793,True,False
3925,0.5860853293471606,0.7953176583148756,0.20923232896771493,True,False
3926,0.5474853444159163,0.53381974540121,-0.01366559901470632,False,False
3927,0.57582234188696,0.6044170513849226,0.02859470949796261,True,False
3928,0.5878380320949005,0.915975332950097,0.32813730085519655,True,False
3929,0.5429660520117682,0.6944407730838319,0.15147472107206372,True,False
3930,0.5360103062122975,0.8187723441985031,0.2827620379862056,True,False
3931,0.5263596082148214,0.7062201590738775,0.17986055085905606,True,False
3932,0.570736706126269,0.6744864578409134,0.1037497517146444,True,False
3933,0.5427536328405748,0.8356688152428596,0.29291518240228487,True,False
3934,0.5274097573413754,0.7926644499343531,0.26525469259297774,True,False
3935,0.5726491169632328,0.591946407718285,0.019297290755052154,True,False
3936,0.559442638609729,0.7610112380245674,0.2015685994148384,True,False
3937,0.49179743644839446,0.7457804483988811,0.25398301195048667,True,False
3938,0.5483667860048635,0.6972351457502514,0.1488683597453878,True,False
3939,0.5935219995031571,0.82969469524621,0.23617269574305289,True,False
3940,0.5325792254143288,0.7506176066516285,0.21803838123729968,True,False
3941,0.5944834543972103,0.652295559213026,0.05781210481581567,True,False
3942,0.5434314436225208,0.7329369491065824,0.18950550548406153,True,False
3943,0.5433631367423515,0.7250811182918172,0.18171798154946572,True,False
3944,0.553439642352986,0.7920802921820457,0.23864064982905964,True,False
3945,0.5218044355942976,0.7508656485400846,0.22906121294578707,True,False
3946,0.5379644432811682,0.6950710579822234,0.15710661470105514,True,False
3947,0.557426360871641,0.7742571294200098,0.2168307685483688,True,False
3948,0.5666782633467006,0.6888669107255188,0.12218864737881818,True,False
3949,0.5411767820349618,0.6092616187155208,0.06808483668055898,True,False
3950,0.5727519395493673,0.6265705871897765,0.05381864764040922,True,False
3951,0.5353986906575487,0.6139964604701812,0.07859776981263245,True,False
3952,0.5595408774914769,0.5953509271083762,0.035810049616899375,True,False
3953,0.5409258017129893,0.7366416672093691,0.19571586549637976,True,False
3954,0.5581500414027744,0.5189361199538852,-0.03921392144888913,False,False
3955,0.555201194482195,0.4618249572405654,-0.09337623724162958,False,False
3956,0.5630723759618328,0.6170773038338141,0.0540049278719813,True,False
3957,0.5351451005060114,0.6690494473262016,0.13390434682019026,True,False
3958,0.6047005262466828,0.644049802456475,0.03934927620979223,True,False
3959,0.5281395570057456,0.4382716227060832,-0.08986793429966233,False,False
3960,0.5707648195192051,0.7961993298669819,0.22543451034777684,True,False
3961,0.5173318513541263,0.6453646513004313,0.128032799946305,True,False
3962,0.5317819467979279,0.3346775858485736,-0.1971043609493543,False,False
3963,0.5371271805297456,0.727582080908814,0.19045490037906843,True,False
3964,0.5698917576062156,0.7747318795938363,0.2048401219876207,True,False
3965,0.5104225065004157,0.6790669896004452,0.16864448310002955,True,False
3966,0.5382448458046949,0.7392462219364413,0.2010013761317464,True,False
3967,0.525085400979059,0.7380026360310435,0.21291723505198457,True,False
3968,0.5511264611526724,0.43729858521190146,-0.11382787594077093,False,False
3969,0.5084862609241274,0.49803716968871903,-0.010449091235408381,False,False
3970,0.5567522084608307,0.7726483117978915,0.21589610333706077,True,False
3971,0.5349007933460991,0.6633960679268383,0.12849527458073917,True,False
3972,0.5441601023722223,0.5316597576970394,-0.012500344675182906,False,False
3973,0.5799406527540093,0.6503519347966676,0.07041128204265834,True,False
3974,0.5719152984669439,0.6853030619201981,0.11338776345325419,True,False
3975,0.5955582065622065,0.7226782851717514,0.12712007860954488,True,False
3976,0.5479215423166522,0.7621351695720642,0.21421362725541193,True,False
3977,0.5532124162006969,0.8518838013709814,0.29867138517028446,True,False
3978,0.5288861293408741,0.789525973457827,0.26063984411695296,True,False
3979,0.5479235481454335,0.6783372066681307,0.13041365852269715,True,False
3981,0.5319178143165559,0.7808393824760378,0.24892156815948185,True,False
3982,0.5658514607778894,0.7117498881810748,0.14589842740318537,True,False
3983,0.49953980901229955,0.5016142451929784,0.002074436180678818,True,False
3984,0.5364235398884554,0.8447161861416055,0.3082926462531501,True,False
3985,0.5480759005298808,0.6746609621269118,0.1265850615970311,True,False
3986,0.5899625285297578,0.47856046102267,-0.11140206750708781,False,False
3987,0.5343425766601432,0.740216286186705,0.2058737095265618,True,False
3988,0.5613577975204272,0.6710533865131177,0.1096955889926905,True,False
3989,0.5641172405021534,0.6863177023829129,0.1222004618807595,True,False
3990,0.5851098594382794,0.6820621266830084,0.09695226724472894,True,False
3991,0.565331840555663,0.7784595377941501,0.21312769723848712,True,False
3992,0.5662197770914689,0.6194461710258292,0.05322639393436035,True,False
3993,0.5599547744939347,0.5217798736200444,-0.038174900873890305,False,False
3994,0.5428477939661073,0.6766031103566215,0.1337553163905142,True,False
3995,0.5197537026590706,0.7145930020783933,0.19483929941932265,True,False
3996,0.5711225329242083,0.553148638855687,-0.017973894068521346,False,False
3997,0.5488326912142615,0.4243147850213235,-0.12451790619293795,False,False
3998,0.5493652571532216,0.663249344204941,0.11388408705171937,True,False
3999,0.5520465280920854,0.7028363282545502,0.1507898001624648,True,False
4000,0.5547894517954995,0.7138727874239246,0.15908333562842503,True,False
4001,0.5592105214511317,0.5916317024260305,0.03242118097489877,True,False
4002,0.5630267196110568,0.789545098376958,0.2265183787659012,True,False
4003,0.5965085700474684,0.8203762413612364,0.22386767131376806,True,False
4004,0.5905779039247736,0.31953994536199476,-0.27103795856277885,False,False
4005,0.5962218881831517,0.7053747924520951,0.10915290426894342,True,False
4006,0.5431330470456943,0.6953701778973921,0.15223713085169777,True,False
4007,0.5474770877357749,0.7053572515798607,0.15788016384408587,True,False
4009,0.5672894231150705,0.6821307698901713,0.11484134677510083,True,False
4010,0.579090367082456,0.7168471745806708,0.13775680749821484,True,False
4011,0.5851924512311939,0.8686713914406892,0.28347894020949527,True,False
4013,0.5854699102681313,0.771373644623687,0.18590373435555563,True,False
4014,0.5736483909605621,0.4127716087881267,-0.1608767821724354,False,False
4015,0.5238917562216144,0.752202751991882,0.2283109957702676,True,False
4016,0.5477140914563572,0.7212802825681073,0.1735661911117501,True,False
4017,0.5593093507690997,0.49346471446442974,-0.06584463630466997,False,False
4018,0.5645579726442097,0.5842690258889841,0.0197110532447744,True,False
4019,0.518335319254703,0.9118950301482068,0.39355971089350383,True,False
4020,0.5859025943593047,0.5686460968788384,-0.017256497480466315,False,False
4021,0.5689720599441681,0.5495232622025588,-0.019448797741609347,False,False
4022,0.521511808371049,0.7003056843330292,0.17879387596198015,True,False
4023,0.5450183181169224,0.7980840964645598,0.25306577834763744,True,False
4024,0.5765545935486744,0.7481526275021778,0.17159803395350337,True,False
4025,0.5056531258465411,0.7006720628987706,0.1950189370522295,True,False
4026,0.5385526151214262,0.5850746436841108,0.046522028562684614,True,False
4027,0.5203354705080718,0.889659308848028,0.3693238383399562,True,False
4028,0.5508929345385868,0.45057359395024893,-0.10031934058833786,False,False
4029,0.5420552953937393,0.8119193882901563,0.269864092896417,True,False
4030,0.5474801317483357,0.6375413508120852,0.09006121906374953,True,False
4031,0.5544005763363827,0.7031756751092507,0.148775098772868,True,False
4032,0.5755157420568484,0.6906772563264921,0.11516151426964372,True,False
4033,0.5656415141100335,0.660201669621022,0.09456015551098851,True,False
4034,0.5766099527576998,0.8123984642588156,0.2357885115011158,True,False
4035,0.5817483165438704,0.6376598419252083,0.05591152538133792,True,False
4036,0.5757132904684087,0.881408646855874,0.30569535638746526,True,False
4037,0.5699873316416092,0.877576999684491,0.3075896680428818,True,False
4038,0.577027138420577,0.8445282528196011,0.26750111439902413,True,False
4039,0.530402914536683,0.5917074380976391,0.06130452356095617,True,False
4040,0.5344767169088328,0.5808717386700298,0.04639502176119703,True,False
4041,0.5758079148907898,0.48461163833506704,-0.09119627655572271,False,False
4042,0.5490285751220827,0.7494939584666638,0.20046538334458108,True,False
4043,0.5698522389058688,0.6418952951509027,0.07204305624503393,True,False
4044,0.5698460507110841,0.6208224019767292,0.05097635126564515,True,False
4045,0.5692157218057361,0.7001245379150616,0.13090881610932548,True,False
4046,0.5340250816374273,0.9164581033633942,0.3824330217259668,True,False
4047,0.5103783667003939,0.7091516166399215,0.1987732499395276,True,False
4048,0.5676434284611731,0.6641926783380591,0.09654924987688596,True,False
4049,0.551125033807023,0.5393459280305701,-0.011779105776452914,False,False
4050,0.5613089430928114,0.7643077054031691,0.20299876231035763,True,False
4051,0.5628844777642752,0.6970980816684169,0.13421360390414172,True,False
4052,0.539131094890136,0.7324687948473584,0.1933376999572224,True,False
4053,0.542779210803521,0.6863525340607021,0.14357332325718108,True,False
4054,0.5693302173699665,0.5467188583877969,-0.022611358982169594,False,False
4055,0.5732328024101471,0.7314705949491636,0.1582377925390165,True,False
4056,0.5845328369852226,0.7453834491198448,0.16085061213462215,True,False
4057,0.5676893851598156,0.6325580756692155,0.06486869050939992,True,False
4058,0.500154453928105,0.722531525265898,0.22237707133779305,True,False
4059,0.5434602671455895,0.6586350499779055,0.11517478283231597,True,False
4060,0.5812106687559486,0.6573221342678875,0.07611146551193892,True,False
4061,0.562711807579081,0.6112294155760801,0.04851760799699911,True,False
4062,0.5442548542645125,0.6346660010556738,0.09041114679116136,True,False
4063,0.5638585262435399,0.7002059228123716,0.13634739656883166,True,False
4064,0.5270812626974444,0.541529901870377,0.014448639172932598,True,False
4065,0.573050899107066,0.7501489670508985,0.17709806794383254,True,False
4066,0.5298571833319994,0.885023502055384,0.35516631872338467,True,False
4067,0.5528675323244269,0.7766418744347253,0.22377434211029845,True,False
4068,0.5463791623752186,0.8136105432265734,0.2672313808513549,True,False
4069,0.5772376165796704,0.6234083029886092,0.04617068640893873,True,False
4070,0.5493354226042736,0.6363100584367486,0.086974635832475,True,False
4071,0.5579377669171172,0.6544940963346281,0.09655632941751091,True,False
4072,0.5306518817143333,0.6330979518928695,0.10244607017853624,True,False
4073,0.571072693180521,0.7374354042454202,0.1663627110648992,True,False
4074,0.563392105443178,0.777045448758345,0.21365334331516705,True,False
4075,0.5621997389023409,0.7324961094131655,0.17029637051082458,True,False
4076,0.565777377009159,0.5405717441120487,-0.02520563289711031,False,False
4077,0.5403631388044051,0.5556546694808807,0.015291530676475595,True,False
4078,0.5262049407962257,0.5161299254923106,-0.01007501530391508,False,False
4079,0.5164917043948027,0.5839014862210953,0.06740978182629254,True,False
4080,0.546845577827,0.8026487315463002,0.2558031537193002,True,False
4081,0.5296639382467885,0.7816574732575496,0.25199353501076116,True,False
4082,0.5275093594792281,0.6860871049415023,0.1585777454622742,True,False
4083,0.5591965314036181,0.7156761187003126,0.15647958729669442,True,False
4084,0.5515424689415268,0.6962782558168358,0.14473578687530897,True,False
4085,0.5487748510419569,0.49979893475005843,-0.04897591629189846,False,False
4086,0.5865165747185914,0.6135469450017944,0.027030370283202987,True,False
4087,0.5732271905747486,0.6626758206546363,0.08944863007988768,True,False
4088,0.5969271297409809,0.5767184543599548,-0.02020867538102611,False,False
4089,0.5673722384343227,0.6925478231965697,0.125175584762247,True,False
4090,0.5622751976774057,0.7824356391908496,0.22016044151344383,True,False
4091,0.5121117029983142,0.7357287169663409,0.2236170139680267,True,False
4092,0.5548954875335905,0.7531329715059574,0.19823748397236685,True,False
4093,0.5485323151874055,0.7154159591228105,0.166883643935405,True,False
4094,0.4911970684221817,0.6491686179393876,0.15797154951720593,True,False
4095,0.5689946893004275,0.7656429306330733,0.1966482413326458,True,False
4096,0.5733991144778006,0.7163250731820172,0.14292595870421665,True,False
4097,0.5725477316092283,0.8451546253058405,0.2726068936966122,True,False
4098,0.5780272043948549,0.6218310499927067,0.043803845597851776,True,False
4099,0.5456898178111884,0.9188418005774757,0.37315198276628725,True,False
4100,0.5736091778091413,0.6247033185075765,0.05109414069843521,True,False
4101,0.5557227687189239,0.566726784767403,0.011004016048479115,True,False
4102,0.5719892374962302,0.4650238343345645,-0.1069654031616657,False,False
4103,0.5450433016696087,0.6379521345785291,0.09290883290892038,True,False
4104,0.5894215275608591,0.7419136828211869,0.15249215526032778,True,False
4106,0.5552033667237505,0.5732014277206489,0.01799806099689838,True,False
4107,0.5658153587622479,0.7174343322442323,0.1516189734819844,True,False
4108,0.550382325027099,0.8547190943499956,0.30433676932289655,True,False
4109,0.5513806075969321,0.6830159278710687,0.1316353202741366,True,False
4110,0.5497621082001304,0.839060543052694,0.28929843485256357,True,False
4111,0.5023143303255935,0.8108366884592259,0.3085223581336324,True,False
4112,0.5650500558499003,0.5261585738412696,-0.038891482008630684,False,False
4113,0.5513172014592477,0.5623197249927223,0.01100252353347464,True,False
4114,0.5575711156773627,0.8277473213576497,0.270176205680287,True,False
4115,0.5434125986011265,0.6556469784336788,0.11223437983255236,True,False
4116,0.5130483976237801,0.7170156179328511,0.203967220309071,True,False
4117,0.5656923022599412,0.593073384758627,0.02738108249868587,True,False
4118,0.5214033629030955,0.7326934973050631,0.21129013440196753,True,False
4119,0.5170628672209756,0.5851002572213327,0.06803739000035713,True,False
4120,0.5677325792686777,0.8199645928598294,0.25223201359115166,True,False
4121,0.5778530822830488,0.7222564047167462,0.14440332243369747,True,False
4122,0.5369853300974239,0.7405950317720846,0.20360970167466075,True,False
4123,0.5661369917971089,0.7601944638491198,0.19405747205201096,True,False
4124,0.5746652003442587,0.680395082893,0.10572988254874127,True,False
4125,0.5610707560073809,0.7237554843230734,0.16268472831569247,True,False
4126,0.6004441623356191,0.6398486629199106,0.03940450058429146,True,False
4127,0.5817057041117476,0.5611108219989502,-0.020594882112797364,False,False
4128,0.5686646980946176,0.7141415846057996,0.14547688651118196,True,False
4129,0.5348069343526918,0.9028889666313761,0.3680820322786843,True,False
4130,0.5480617004252499,0.5544751116504906,0.0064134112252406394,True,False
4131,0.5620430951248746,0.5097483663508543,-0.052294728774020305,False,False
4132,0.580122768755314,0.7108066983905673,0.13068392963525333,True,False
4133,0.5537911103106529,0.6244849356786014,0.07069382536794855,True,False
4134,0.5603700687444277,0.8121188041315854,0.2517487353871577,True,False
4135,0.5694388812527574,0.532449861979458,-0.03698901927329945,False,False
4136,0.5505159868450947,0.7998113147839314,0.24929532793883669,True,False
4137,0.5327313618730374,0.7869816142796451,0.2542502524066077,True,False
4138,0.5311599327186305,0.8164169609433003,0.2852570282246698,True,False
4139,0.5885406679674123,0.5964670556851551,0.007926387717742789,True,False
4140,0.5578514737714635,0.6180509360178357,0.06019946224637218,True,False
4141,0.5656553855655093,0.6290375308728354,0.06338214530732611,True,False
4142,0.5460787315943852,0.7228695390828782,0.17679080748849296,True,False
4143,0.5648265802991123,0.735123826374094,0.17029724607498176,True,False
4144,0.5877050885483006,0.8029601407098705,0.21525505216156993,True,False
4145,0.5497727977582092,0.6561917889407181,0.10641899118250886,True,False
4146,0.510250238823796,0.8003850175929544,0.2901347787691584,True,False
4147,0.5345961537379419,0.6196935136148344,0.08509735987689249,True,False
4148,0.5540482432534666,0.48946198173408095,-0.06458626151938562,False,False
4149,0.569653221754795,0.7340823533923636,0.16442913163756856,True,False
4150,0.5260967493761737,0.5409861549241275,0.014889405547953816,True,False
4151,0.5375557400497162,0.6996103851532498,0.16205464510353362,True,False
4152,0.5843426909061943,0.8282549129395013,0.24391222203330698,True,False
4153,0.5973309566559153,0.3892171686724675,-0.20811378798344782,False,False
4154,0.5439729114722932,0.722960672816909,0.1789877613446158,True,False
4155,0.5784324853701589,0.5516049101447523,-0.026827575225406575,False,False
4156,0.5622477192412599,0.7649177149664502,0.2026699957251903,True,False
4157,0.5566158798433506,0.6283733863828775,0.07175750653952695,True,False
4158,0.5366096221542415,0.7983877941730348,0.2617781720187934,True,False
4159,0.5639903742384429,0.8008093398605288,0.23681896562208593,True,False
4160,0.5855641196358836,0.5274642991233134,-0.05809982051257023,False,False
4161,0.5316465241452831,0.5777085387689321,0.046062014623649006,True,False
4162,0.5650613298838447,0.5926266526651002,0.027565322781255452,True,False
4163,0.6010640399094848,0.7568281347919757,0.155764094882491,True,False
4164,0.5772679737098215,0.8937383602022767,0.3164703864924552,True,False
4165,0.5718280761371551,0.7022778808331518,0.13044980469599665,True,False
4166,0.5548011382878468,0.7182263037590909,0.16342516547124408,True,False
4167,0.5645480827642999,0.832665588741703,0.26811750597740314,True,False
4168,0.5629384252011523,0.5927928824647896,0.029854457263637224,True,False
4169,0.4614072566630941,0.5678642681282368,0.10645701146514264,True,False
4170,0.5752496749856377,0.7769290169124339,0.20167934192679615,True,False
4171,0.5894419529621181,0.6697275304757604,0.08028557751364229,True,False
4172,0.5356428538694384,0.7993385017667654,0.2636956478973269,True,False
4173,0.5805880148591884,0.646748906538823,0.06616089167963457,True,False
4174,0.5434926278939943,0.7736987883890866,0.23020616049509224,True,False
4175,0.54561463511387,0.6126720896761795,0.0670574545623095,True,False
4176,0.5786851120339029,0.795079883624709,0.2163947715908061,True,False
4177,0.5363973244130276,0.6517200040680379,0.11532267965501031,True,False
4178,0.542815663154345,0.7274681492711442,0.18465248611679919,True,False
4179,0.5439732668656491,0.8217727554859816,0.27779948862033255,True,False
4180,0.5786307235127243,0.6554841446123866,0.07685342109966231,True,False
4181,0.5691611957608806,0.44054721466908453,-0.12861398109179611,False,False
4182,0.51647334952408,0.8030578480425559,0.2865844985184759,True,False
4183,0.5725320788881585,0.7559901774258456,0.18345809853768713,True,False
4184,0.5912619032988548,0.5282858109380382,-0.06297609236081658,False,False
4185,0.532193052881229,0.49176639186573956,-0.04042666101548942,False,False
4186,0.5672785025069566,0.6836784074498069,0.11639990494285035,True,False
4187,0.608267047082438,0.8057384840822237,0.19747143699978575,True,False
4188,0.5808358172147572,0.6071724474872849,0.02633663027252775,True,False
4189,0.5256484695857789,0.8835609579051033,0.3579124883193243,True,False
4190,0.5369438495879394,0.6799579018717894,0.14301405228385,True,False
4191,0.584804713270805,0.6459386795584113,0.06113396628760637,True,False
4192,0.5521248041981387,0.5749446746556801,0.022819870457541414,True,False
4193,0.5384988572331738,0.7001530225855302,0.16165416535235644,True,False
4194,0.5577686697867094,0.6387845598356088,0.08101589004889942,True,False
4195,0.5485801186837667,0.6574991458774568,0.10891902719369018,True,False
4196,0.5434674298197311,0.823552877817353,0.2800854479976219,True,False
4197,0.5914940026730529,0.642762296079135,0.05126829340608219,True,False
4198,0.5401240117653794,0.45040475332158797,-0.08971925844379142,False,False
4199,0.5587422815419579,0.680036613166965,0.12129433162500702,True,False
4200,0.5545572884691685,0.6538360707027343,0.09927878223356579,True,False
4201,0.558737409396841,0.552742812794372,-0.005994596602469038,False,False
4202,0.5416457954684013,0.7396198061649865,0.19797401069658516,True,False
4203,0.5797692562184067,0.6562002970480707,0.07643104082966401,True,False
4204,0.5565174358416093,0.718553069634595,0.1620356337929857,True,False
4205,0.5773437887822388,0.6317086779143234,0.05436488913208459,True,False
4206,0.5831964494183355,0.7804687832128284,0.19727233379449294,True,False
4207,0.5559083157335842,0.7753733802352185,0.21946506450163428,True,False
4208,0.5552993509142481,0.7513930618514332,0.19609371093718508,True,False
4209,0.5824343137383403,0.7053901059521703,0.12295579221383002,True,False
4210,0.5914873570858199,0.5960589957519308,0.004571638666110878,True,False
4211,0.567900625561298,0.5468071661938371,-0.021093459367460876,False,False
4212,0.533012962812245,0.5513237384146841,0.0183107756024391,True,False
4213,0.5982861581914405,0.7218099229518844,0.12352376476044391,True,False
4214,0.5755211309493667,0.6493730775030688,0.07385194655370209,True,False
4215,0.5499856733890351,0.6992799672688494,0.1492942938798143,True,False
4216,0.5643290660418092,0.729773765863008,0.1654446998211988,True,False
4217,0.5514720100326137,0.5760789356695858,0.024606925636972088,True,False
4218,0.5410217978926773,0.6278965649909729,0.08687476709829556,True,False
4219,0.5513725696704601,0.7389526009334654,0.18758003126300526,True,False
4220,0.5447531545077635,0.5442178142832409,-0.000535340224522618,False,False
4221,0.533951492085078,0.8036928636399595,0.26974137155488154,True,False
4222,0.5778197568838026,0.7048857708797617,0.12706601399595907,True,False
4223,0.5571311357536753,0.6474318475006594,0.09030071174698406,True,False
4224,0.525620448804468,0.6272864887641318,0.10166603995966383,True,False
4225,0.5505170247306307,0.804710664107096,0.25419363937646533,True,False
4226,0.5637834993329244,0.8087169139367614,0.244933414603837,True,False
4227,0.5935650844768134,0.6800747981489156,0.08650971367210214,True,False
4228,0.5528883478772257,0.8685630903511398,0.315674742473914,True,False
4229,0.5485533891817568,0.46972468388606636,-0.07882870529569042,False,False
4230,0.5396584588389159,0.6557528635751815,0.11609440473626553,True,False
4231,0.5712675388896942,0.6758119268736484,0.10454438798395427,True,False
4232,0.5997755796202193,0.7618525370851629,0.16207695746494355,True,False
4233,0.5405778714658782,0.816428392406774,0.2758505209408958,True,False
4234,0.5568024770997962,0.8508460499489988,0.2940435728492026,True,False
4235,0.5473039978931598,0.5374798155882531,-0.00982418230490667,False,False
4236,0.5505709669224756,0.6579844219840749,0.10741345506159927,True,False
4237,0.5937247833411895,0.6585539990738929,0.0648292157327034,True,False
4238,0.5441906088446368,0.7791710660574458,0.23498045721280902,True,False
4239,0.566908591618388,0.6512531888051142,0.08434459718672616,True,False
4240,0.5545399707498241,0.6825358870537088,0.12799591630388474,True,False
4241,0.5568632189517668,0.6095266844066681,0.052663465454901304,True,False
4242,0.5314752400367481,0.612256705481615,0.08078146544486697,True,False
4243,0.5427518100163872,0.663222459069215,0.12047064905282778,True,False
4244,0.5672405159646748,0.5611840944161792,-0.006056421548495616,False,False
4245,0.5619293623522633,0.5561374392183428,-0.005791923133920518,False,False
4246,0.5616173713155029,0.5399294339133182,-0.021687937402184776,False,False
4247,0.5888607900840713,0.4334822571579185,-0.15537853292615283,False,False
4248,0.567598669843389,0.6755774677706823,0.10797879792729326,True,False
4249,0.5640401043213444,0.4898083912959486,-0.07423171302539583,False,False
4250,0.584517880155866,0.6543708357382554,0.06985295558238935,True,False
4251,0.5723646603018102,0.6727776304254856,0.10041297012367534,True,False
4252,0.5428515452918496,0.37177567237380194,-0.1710758729180477,False,False
4253,0.5194497861108456,0.8279148079097266,0.308465021798881,True,False
4254,0.546431812493103,0.6938507945291594,0.1474189820360564,True,False
4255,0.5639164732072218,0.707767684771675,0.14385121156445313,True,False
4256,0.5752285496041388,0.8302683125250248,0.2550397629208859,True,False
4257,0.5783713063837641,0.5745044738145701,-0.0038668325691939565,False,False
4258,0.5477727776252734,0.732596290377157,0.18482351275188358,True,False
4259,0.5707081000654819,0.7832470533814894,0.21253895331600747,True,False
4260,0.5357600746879565,0.7518294771045736,0.2160694024166171,True,False
4261,0.5659222800442516,0.676813405801328,0.11089112575707638,True,False
4262,0.5225603114327663,0.5149337135367676,-0.007626597895998621,False,False
4263,0.5855822156667417,0.7754575310391268,0.1898753153723851,True,False
4264,0.5542500672786402,0.6367388828344084,0.08248881555576815,True,False
4265,0.5863461812018086,0.6550357073972499,0.06868952619544133,True,False
4266,0.5893696129237262,0.5535348427565584,-0.03583477016716785,False,False
4267,0.5626063021510727,0.7941850641662087,0.23157876201513605,True,False
4268,0.5789055637939463,0.5462101464546398,-0.032695417339306476,False,False
4269,0.5446943071539324,0.6351698635511687,0.09047555639723626,True,False
4270,0.5348433845004871,0.47912362463900054,-0.05571975986148653,False,False
4271,0.5532226724929941,0.6805229027975185,0.12730023030452442,True,False
4272,0.6245578241169413,0.42613756169693334,-0.19842026242000793,False,False
4273,0.5792633374636371,0.706125778952547,0.1268624414889099,True,False
4274,0.5701294450813004,0.7508154196846656,0.18068597460336522,True,False
4275,0.5552519854561301,0.7465739553223789,0.19132196986624883,True,False
4276,0.5420932296217849,0.742637719878772,0.20054449025698717,True,False
4277,0.4792538241493841,0.6259012072910979,0.14664738314171377,True,False
4278,0.53555028201648,0.6059221414643258,0.07037185944784574,True,False
4279,0.5822040341937129,0.7247517690668654,0.14254773487315253,True,False
4280,0.5329359810108589,0.6130952431000987,0.08015926208923974,True,False
4281,0.5613685033457056,0.6870690576432967,0.12570055429759108,True,False
4282,0.5566618326242715,0.5124565037177401,-0.044205328906531394,False,False
4283,0.5685770668919509,0.6767902976383311,0.10821323074638023,True,False
4285,0.5644007354719187,0.5291597582957955,-0.03524097717612318,False,False
4286,0.5151666070810537,0.5482596648555415,0.03309305777448779,True,False
4287,0.546301018474047,0.40041743276760766,-0.14588358570643933,False,False
4288,0.5857265099220302,0.6615279021093696,0.07580139218733939,True,False
4289,0.5563233352439747,0.3750803235122332,-0.1812430117317415,False,False
4290,0.570223460462896,0.6110595258017156,0.04083606533881967,True,False
4291,0.5662717864767637,0.6132763274784754,0.0470045410017117,True,False
4292,0.601911503583689,0.5509751347536719,-0.050936368830017065,False,False
4293,0.5815520292366461,0.8138879101767081,0.23233588094006208,True,False
4294,0.5621197155730598,0.5785011065634476,0.016381390990387712,True,False
4296,0.5788256636841824,0.6668904220745441,0.08806475839036165,True,False
4297,0.5253417102106552,0.7798258745306118,0.2544841643199566,True,False
4298,0.5448165774173237,0.7027255095308557,0.15790893211353196,True,False
4299,0.5697194439455986,0.5677459988770652,-0.0019734450685333638,False,False
4300,0.5385787535489909,0.8303837089378648,0.29180495538887397,True,False
4301,0.5439284073163398,0.8413765674943378,0.2974481601779979,True,False
4302,0.5754013083694307,0.523556222974417,-0.05184508539501376,False,False
4303,0.5383795660623799,0.7139705961077819,0.175591030045402,True,False
4304,0.5573229914360962,0.8632043109059866,0.3058813194698904,True,False
4305,0.5558945400974133,0.6437157252842161,0.08782118518680271,True,False
4306,0.5837103493124897,0.4395606066944699,-0.14414974261801977,False,False
4307,0.5886848420586507,0.8086984396181859,0.2200135975595352,True,False
4308,0.5714664699223405,0.6571047376628328,0.08563826774049232,True,False
4309,0.5455469788462092,0.5744599573609344,0.028912978514725185,True,False
4310,0.5186747904571682,0.5873457561868292,0.06867096572966092,True,False
4311,0.53422742581653,0.7865827895103953,0.25235536369386524,True,False
4312,0.5627541099313703,0.7066671442669846,0.1439130343356143,True,False
4313,0.580379090653778,0.8460920365205004,0.26571294586672234,True,False
4314,0.5659313791334961,0.7218827046174152,0.1559513254839191,True,False
4315,0.5612856701504043,0.6622111677164487,0.10092549756604441,True,False
4316,0.5662188027328362,0.8261912349953161,0.2599724322624799,True,False
4317,0.5950137837888648,0.7190821789137737,0.12406839512490886,True,False
4318,0.5521776041663871,0.603769927483271,0.051592323316883903,True,False
4319,0.5845446862925165,0.6518866365240037,0.06734195023148715,True,False
4320,0.6094307190299006,0.5939599215958506,-0.015470797434049999,False,False
4321,0.5310714950906761,0.7671872528043143,0.23611575771363824,True,False
4322,0.5528247087124634,0.6851824242958003,0.13235771558333698,True,False
4323,0.5241847841701502,0.6633227214561283,0.139137937285978,True,False
4324,0.5308392295310588,0.8907506707571345,0.35991144122607577,True,False
4325,0.5589464856830288,0.631571992728433,0.07262550704540416,True,False
4326,0.5377549079011807,0.6794770295985568,0.14172212169737608,True,False
4327,0.5760482749536797,0.7220182895137205,0.14597001456004077,True,False
4328,0.5283054344573536,0.7383563234636454,0.21005088900629187,True,False
4329,0.547812768001784,0.6127599180292036,0.06494715002741958,True,False
4330,0.5582567993567263,0.8154447188243134,0.257187919467587,True,False
4331,0.5802762964574978,0.6326083942927487,0.052332097835250946,True,False
4332,0.524985618674935,0.7917146650558794,0.2667290463809444,True,False
4333,0.5682524101049493,0.3542329818446918,-0.2140194282602575,False,False
4334,0.5513752691413619,0.5365748796466846,-0.014800389494677324,False,False
4335,0.5526410604325592,0.6375075330261638,0.08486647259360458,True,False
4336,0.5686324015210932,0.4951601956513367,-0.0734722058697565,False,False
4337,0.5519159332383414,0.38867762764323016,-0.16323830559511127,False,False
4338,0.5896336238990922,0.5049764055606321,-0.08465721833846018,False,False
4339,0.5617100183352143,0.41531560996221695,-0.14639440837299733,False,False
4340,0.6056512709321759,0.7454302216660007,0.13977895073382485,True,False
4341,0.5346379933078802,0.6751637566050589,0.1405257632971787,True,False
4342,0.5870554404491922,0.5437282625157773,-0.043327177933414895,False,False
4343,0.5066500895104961,0.4960492865171518,-0.01060080299334426,False,False
4344,0.510944748868357,0.7075111091391505,0.19656636027079355,True,False
4345,0.5697660157418034,0.7810315991175278,0.21126558337572443,True,False
4346,0.570578329063824,0.7574863304749624,0.1869080014111384,True,False
4347,0.5485270637103631,0.5946875925227642,0.04616052881240107,True,False
4348,0.5615350116928123,0.7338805997417347,0.17234558804892242,True,False
4350,0.5389522540685089,0.6603268602994938,0.12137460623098495,True,False
4351,0.5578047062560292,0.4863320646246911,-0.0714726416313381,False,False
4352,0.5232101768232785,0.5778706489984884,0.05466047217520986,True,False
4353,0.4970637618659665,0.6088404855227707,0.11177672365680419,True,False
4354,0.5614508605031809,0.7022946916731472,0.14084383116996624,True,False
4355,0.5807600745343714,0.5177050150510446,-0.06305505948332679,False,False
4356,0.5579309073848896,0.7952869292167764,0.23735602183188675,True,False
4357,0.561693561153494,0.6137706542181902,0.05207709306469621,True,False
4358,0.5289132422728717,0.5533017663643258,0.02438852409145409,True,False
4359,0.588737616242667,0.7903365277201759,0.20159891147750897,True,False
4360,0.5584948344467167,0.5662898799848685,0.007795045538151801,True,False
4361,0.5409657890956924,0.6878475320211206,0.14688174292542822,True,False
4362,0.548942897658106,0.721420622003394,0.17247772434528796,True,False
4363,0.5589478469030091,0.6597087819034485,0.10076093500043937,True,False
4364,0.5577334681362516,0.4852633095793634,-0.07247015855688815,False,False
4365,0.5728207146238695,0.6264698229426515,0.053649108318782,True,False
4366,0.547608255305363,0.541291641724413,-0.006316613580949926,False,False
4367,0.5859068446995264,0.9005990626483366,0.3146922179488102,True,False
4368,0.5283218541844039,0.7132134109332423,0.1848915567488384,True,False
4369,0.5379058705212728,0.8590138279504954,0.3211079574292226,True,False
4370,0.5520902578612685,0.6881886047403704,0.13609834687910183,True,False
4371,0.5391458646141584,0.6601653552057961,0.12101949059163775,True,False
4372,0.5758326922431123,0.6330158654954542,0.0571831732523419,True,False
4373,0.5260289823211683,0.7653359296757337,0.23930694735456537,True,False
4374,0.5831421480763497,0.7489546746802057,0.16581252660385604,True,False
4375,0.5755610998045867,0.5344342250498516,-0.04112687475473509,False,False
4376,0.5329266735950663,0.8334727284322635,0.3005460548371972,True,False
4377,0.5310000040466357,0.3319836429023075,-0.19901636114432825,False,False
4378,0.5165570356153796,0.6820430220562866,0.16548598644090706,True,False
4379,0.5424646462680294,0.7623466520267627,0.2198820057587333,True,False
4380,0.5678553115389631,0.5510456822523708,-0.016809629286592243,False,False
4381,0.5389791887549509,0.6889254368857705,0.14994624813081958,True,False
4382,0.5062921547117775,0.8306162107364947,0.32432405602471726,True,False
4383,0.5593630476656144,0.5414947412360398,-0.0178683064295746,False,False
4384,0.5631457814913862,0.568027953530635,0.004882172039248789,True,False
4385,0.5916905663920461,0.7451997252719591,0.153509158879913,True,False
4386,0.5636651586338073,0.693399846298493,0.12973468766468577,True,False
4387,0.5252698318351782,0.7036610073559276,0.17839117552074946,True,False
4388,0.5265623140378145,0.6307386637082792,0.10417634967046474,True,False
4389,0.5405566562345231,0.5900169754274698,0.04946031919294669,True,False
4390,0.5472759580821542,0.5339395821372895,-0.013336375944864698,False,False
4391,0.5631261330381525,0.6762567977029749,0.11313066466482236,True,False
4392,0.5561314353736011,0.8482817424113024,0.2921503070377013,True,False
4393,0.5210498889929026,0.824632240896466,0.3035823519035634,True,False
4394,0.5412770154309211,0.5311530343686329,-0.010123981062288179,False,False
4395,0.5815357102554861,0.8973476620472707,0.31581195179178456,True,False
4396,0.5523530359164543,0.8047624068309623,0.252409370914508,True,False
4397,0.5399137638014444,0.7650872036995751,0.22517343989813066,True,False
4398,0.5429366682502629,0.9214262606579984,0.3784895924077355,True,False
4399,0.5511249156752648,0.6922300431573805,0.14110512748211568,True,False
4400,0.5435113248052149,0.5166467071526243,-0.026864617652590628,False,False
4401,0.5155529461547252,0.7726434721895271,0.25709052603480187,True,False
4402,0.5754955844420919,0.987431487351438,0.4119359029093461,True,False
4403,0.5734784077194202,0.858009307700801,0.2845308999813808,True,False
4404,0.5555370191124834,0.4980285641699106,-0.05750845494257284,False,False
4405,0.5805467026409431,0.8941289332204503,0.3135822305795072,True,False
4406,0.5468860768574252,0.8760214139579261,0.3291353371005009,True,False
4407,0.5364401709248796,0.42180666088473484,-0.11463351004014477,False,False
4408,0.5426642693110001,0.6845567597419545,0.14189249043095442,True,False
4409,0.5633217871491557,0.7248878677135691,0.16156608056441335,True,False
4410,0.5278213244754159,0.8894562285874914,0.36163490411207555,True,False
4411,0.5539520843510712,0.7363620854551668,0.18241000110409555,True,False
4412,0.5613201988709625,0.613183846689125,0.05186364781816244,True,False
4413,0.5331086752865735,0.5857415455647121,0.05263287027813868,True,False
4414,0.5568412007478309,0.5775964394052758,0.020755238657444885,True,False
4415,0.5449414291731948,0.578948910538701,0.03400748136550624,True,False
4416,0.5654995453872911,0.7268590333656137,0.16135948797832267,True,False
4417,0.5579143653319959,0.678230651757989,0.12031628642599312,True,False
4418,0.5091730690279963,0.7523613606606607,0.24318829163266442,True,False
4419,0.5686375674504132,0.544295158772516,-0.024342408677897165,False,False
4420,0.5478534745169099,0.7830142754979432,0.2351608009810333,True,False
4421,0.5703189668200306,0.6088001177124707,0.038481150892440086,True,False
4422,0.5281014701273347,0.7194210861478633,0.1913196160205286,True,False
4423,0.562624937311333,0.8405784888042036,0.2779535514928706,True,False
4424,0.5705002690340895,0.8101114668927564,0.2396111978586669,True,False
4425,0.5685090549359929,0.768012786376936,0.19950373144094313,True,False
4426,0.5961475523149268,0.6947667068861771,0.09861915457125037,True,False
4427,0.5680901201735743,0.8281204808686032,0.26003036069502894,True,False
4428,0.5488218382478418,0.5614877942461913,0.01266595599834952,True,False
4429,0.5755835644211559,0.8242738013841306,0.24869023696297476,True,False
4430,0.524054341632498,0.4198110821517464,-0.10424325948075158,False,False
4431,0.5732166133898275,0.7806204778788877,0.20740386448906012,True,False
4432,0.5793641284331577,0.7068902387004856,0.12752611026732796,True,False
4433,0.5701810082737773,0.7900669387528811,0.21988593047910387,True,False
4434,0.5419130194429999,0.4622552347348884,-0.07965778470811147,False,False
4435,0.5669275389514907,0.5772181810436933,0.01029064209220254,True,False
4436,0.5488933698783032,0.6887631060740526,0.13986973619574938,True,False
4437,0.5613429923946444,0.7227803753865549,0.16143738299191057,True,False
4438,0.5740722635855657,0.7015869863999041,0.1275147228143384,True,False
4439,0.5621821074148473,0.6821573243244647,0.11997521690961743,True,False
4440,0.570320680492144,0.5709231652736815,0.0006024847815374601,True,False
4441,0.5530895148497795,0.6004690447736589,0.04737952992387939,True,False
4442,0.5574002380651744,0.7251211235279351,0.16772088546276076,True,False
4443,0.5797908095247766,0.8178917958828715,0.23810098635809496,True,False
4444,0.550227681540892,0.8309957700554146,0.2807680885145226,True,False
4445,0.5654404170829405,0.4587771143428136,-0.10666330274012686,False,False
4446,0.5615142125173143,0.7061844846406787,0.14467027212336447,True,False
4447,0.5550199974402965,0.7541679771468895,0.19914797970659304,True,False
4448,0.5135807507752864,0.6606964771988802,0.14711572642359383,True,False
4449,0.5854787962144387,0.7275133176046696,0.14203452139023098,True,False
4450,0.6042214141656688,0.6742097266008898,0.06998831243522108,True,False
4451,0.5740387059725836,0.7462464277091162,0.17220772173653265,True,False
4452,0.5711087186157842,0.6272315151623815,0.05612279654659735,True,False
4453,0.5811921244935399,0.6877620342643674,0.10656990977082759,True,False
4454,0.5466314534309661,0.6504724684017252,0.10384101497075915,True,False
4455,0.5984350098789302,0.7590099355575722,0.16057492567864207,True,False
4456,0.5468772906340249,0.7318126663430032,0.18493537570897833,True,False
4457,0.5387090655956965,0.7595031577103434,0.22079409211464684,True,False
4458,0.562877432644273,0.7301016528688918,0.1672242202246188,True,False
4459,0.577560771749966,0.6887465063421834,0.11118573459221737,True,False
4460,0.5633922460239419,0.5121134946601175,-0.051278751363824426,False,False
4461,0.5400757269339393,0.6609655917559232,0.12088986482198383,True,False
4462,0.5623272516809433,0.818428902322343,0.25610165064139967,True,False
4463,0.554076507461433,0.8250260543261109,0.27094954686467787,True,False
4464,0.5829496604626584,0.8660973329492746,0.2831476724866162,True,False
4465,0.5354253787938436,0.7633943161626457,0.2279689373688022,True,False
4466,0.5682656029200058,0.8373460270802807,0.2690804241602749,True,False
4467,0.5479607698629425,0.6388546237489685,0.090893853886026,True,False
4468,0.5388722951291772,0.8139699583049108,0.2750976631757336,True,False
4469,0.5671365081445826,0.8074193198473972,0.24028281170281462,True,False
4470,0.5815078426099164,0.5982201935941444,0.016712350984227964,True,False
4471,0.5420721699740695,0.7292299687506981,0.18715779877662864,True,False
4472,0.5359932015526121,0.612035431655034,0.07604223010242195,True,False
4473,0.5345778654971189,0.7791919667755142,0.24461410127839522,True,False
4474,0.5777251327975612,0.5708732276729789,-0.006851905124582336,False,False
4475,0.5872036905729039,0.33314658914377704,-0.25405710142912685,False,False
4476,0.5407740161464705,0.6429260572211076,0.10215204107463716,True,False
4477,0.5509089988749963,0.6481164471768613,0.09720744830186501,True,False
4478,0.564432079251713,0.657967974990885,0.09353589573917198,True,False
4479,0.5650008129632151,0.8291084152372269,0.26410760227401175,True,False
4480,0.5482402532029561,0.7729984452136007,0.22475819201064462,True,False
4481,0.5610201290469243,0.6410219650061064,0.08000183595918209,True,False
4482,0.5190117921425125,0.6805290567409562,0.16151726459844373,True,False
4483,0.56755278685064,0.7059737611031951,0.13842097425255506,True,False
4484,0.544042297292672,0.7120966677826249,0.16805437048995298,True,False
4485,0.5592911736430562,0.6561283688187497,0.09683719517569345,True,False
4487,0.5721018597229113,0.5266534221438361,-0.04544843757907513,False,False
4488,0.5823135780633466,0.8748752361540191,0.29256165809067247,True,False
4489,0.5426297096974103,0.7986344944431865,0.25600478474577615,True,False
4490,0.5754650338750712,0.7630521373369147,0.18758710346184349,True,False
4491,0.5940029575361395,0.46172084085151216,-0.13228211668462736,False,False
4492,0.5706112341163667,0.8744447926180641,0.30383355850169735,True,False
4494,0.5328227246671325,0.8626563700592124,0.3298336453920798,True,False
4495,0.5547981241325187,0.7260881095222507,0.17128998538973195,True,False
4496,0.5255360359150933,0.7033270138019845,0.17779097788689113,True,False
4497,0.5558241960058897,0.6481025556120177,0.09227835960612796,True,False
4498,0.5536228218726145,0.6519627408237294,0.09833991895111494,True,False
4499,0.594371850865222,0.7639059516164545,0.16953410075123243,True,False
4500,0.5632084728004307,0.6480582351370643,0.08484976233663355,True,False
4501,0.5563501851751793,0.8045780294287272,0.24822784425354794,True,False
4502,0.5424594103956158,0.7710194195100376,0.22856000911442176,True,False
4503,0.5627396071092042,0.6967767469506442,0.13403713984143995,True,False
4504,0.5380770812622651,0.6414968177813133,0.10341973651904823,True,False
4505,0.5459808384353383,0.668087922101193,0.12210708366585477,True,False
4506,0.48325578516933004,0.7749609442990645,0.29170515912973444,True,False
4507,0.590364005285908,0.7175191804714136,0.12715517518550556,True,False
4508,0.5532930288731231,0.6649026697480002,0.11160964087487701,True,False
4509,0.5423698647150694,0.704612338073936,0.16224247335886655,True,False
4510,0.5306991843977098,0.4870159700808767,-0.043683214316833086,False,False
4511,0.5446495669243278,0.6602205042671676,0.11557093734283985,True,False
4512,0.5568840438569501,0.7649808270193272,0.20809678316237712,True,False
4513,0.5924914740140929,0.7853537148730372,0.19286224085894432,True,False
4514,0.5751433479629892,0.43255997221190595,-0.1425833757510832,False,False
4515,0.554902523063527,0.8518076886341719,0.29690516557064484,True,False
4516,0.5758257401340314,0.6992665514289267,0.12344081129489526,True,False
4517,0.5824205501360837,0.7634572717911002,0.1810367216550165,True,False
4518,0.558483475782446,0.7025167544011177,0.14403327861867177,True,False
4519,0.5712848334348515,0.9204918865241797,0.3492070530893282,True,False
4520,0.5500528135851164,0.5073724870492856,-0.04268032653583076,False,False
4521,0.5656399834250156,0.8440292535521035,0.2783892701270878,True,False
4522,0.5708891408150647,0.685683059561488,0.1147939187464233,True,False
4523,0.5924196119968322,0.6767393044081467,0.08431969241131443,True,False
4524,0.5628051545496677,0.6964498792155052,0.13364472466583743,True,False
4525,0.5605422223462864,0.7751440987772633,0.21460187643097695,True,False
4526,0.5650783151373174,0.7701308315485224,0.20505251641120492,True,False
4527,0.5492468536337642,0.6981715604484175,0.1489247068146533,True,False
4528,0.5494857174142033,0.7436790508234747,0.19419333340927147,True,False
4529,0.5610156078528464,0.5069549118422102,-0.05406069601063623,False,False
4530,0.5828038680031341,0.8439437342669921,0.261139866263858,True,False
4531,0.5435043936256845,0.7949180165976101,0.2514136229719256,True,False
4532,0.5477402284335929,0.6394951997660854,0.09175497133249244,True,False
4533,0.5591514645041729,0.7251076483406597,0.1659561838364868,True,False
4534,0.5655141527306546,0.6658642805725857,0.10035012784193109,True,False
4535,0.5677043846701568,0.68639097567396,0.11868659100380319,True,False
4536,0.5472573422548105,0.8142770498219651,0.26701970756715465,True,False
4537,0.5676553615080352,0.8066047321452152,0.23894937063718003,True,False
4538,0.565188059597416,0.8711947713789362,0.30600671178152017,True,False
4539,0.534697082320749,0.5005551536349245,-0.03414192868582444,False,False
4540,0.5580872229553738,0.6480778553758848,0.08999063242051097,True,False
4541,0.5331389621705691,0.6381649463181557,0.10502598414758657,True,False
4542,0.5468231169015764,0.8231742331207813,0.27635111621920494,True,False
4543,0.5345273577891817,0.7380671678639965,0.2035398100748148,True,False
4544,0.5542647259349741,0.8486165781592155,0.29435185222424143,True,False
4545,0.5672674227220679,0.6964404788570162,0.12917305613494834,True,False
4546,0.5929463259638799,0.8273872615819083,0.23444093561802848,True,False
4547,0.5734103703580071,0.7626724477821233,0.18926207742411616,True,False
4549,0.5829726562005128,0.2453486737278887,-0.33762398247262404,False,False
4550,0.5398478343095683,0.5879537319114447,0.048105897601876446,True,False
4551,0.5558656841098792,0.8402328478721685,0.2843671637622892,True,False
4552,0.5622129618837747,0.7571883560386384,0.19497539415486376,True,False
4553,0.5747965004648389,0.8420325700545586,0.2672360695897197,True,False
4554,0.5556786540689262,0.7816059245196362,0.22592727045070993,True,False
4555,0.5437579435492038,0.5332076053699438,-0.010550338179259988,False,False
4556,0.5552817530108745,0.7083481352543387,0.15306638224346425,True,False
4557,0.5637612481559718,0.6758306425407187,0.11206939438474683,True,False
4558,0.5445644669014338,0.9127940581171814,0.3682295912157476,True,False
4559,0.5870987520125045,0.760813628210437,0.17371487619793247,True,False
4560,0.5215229537105919,0.7863642946250003,0.2648413409144085,True,False
4561,0.5579798992826774,0.5352644649584154,-0.02271543432426204,False,False
4562,0.5776522290829105,0.7382807359013402,0.16062850681842977,True,False
4563,0.5635919961811744,0.8792343903198777,0.3156423941387033,True,False
4564,0.5888382011476012,0.8938910511694778,0.30505285002187654,True,False
4565,0.5506356752614651,0.7153997204261616,0.16476404516469656,True,False
4566,0.5452089164330743,0.6001613164818101,0.054952400048735806,True,False
4567,0.5956631279156298,0.6682765776558269,0.07261344974019712,True,False
4568,0.6055304810821044,0.6828816566246235,0.07735117554251913,True,False
4569,0.5808323933560433,0.4887697039295792,-0.09206268942646412,False,False
4570,0.5617556357845285,0.7790167422306068,0.21726110644607832,True,False
4571,0.5621435313000195,0.6311620272498747,0.06901849594985521,True,False
4572,0.5289567419134091,0.48954376408664074,-0.03941297782676839,False,False
4573,0.5770909085076837,0.7597351810368712,0.18264427252918747,True,False
4574,0.5721265435650128,0.7435527404785963,0.17142619691358352,True,False
4575,0.5171710699021902,0.7013314871820387,0.18416041727984855,True,False
4576,0.5633987671006494,0.6036759761472958,0.040277209046646445,True,False
4577,0.5230064128233373,0.6926799366812287,0.16967352385789147,True,False
4578,0.5328837882640813,0.6514439729651275,0.11856018470104612,True,False
4579,0.5386081049389566,0.7077828180009978,0.16917471306204124,True,False
4580,0.5394537973635486,0.7283612557686112,0.18890745840506262,True,False
4581,0.5873536540132543,0.6022930103349471,0.014939356321692743,True,False
4582,0.5442755768160208,0.7589978475201704,0.21472227070414962,True,False
4583,0.555757088918277,0.8400063141164231,0.2842492251981461,True,False
4584,0.5395577488123768,0.8472992370355116,0.30774148822313474,True,False
4585,0.5949639089653975,0.6983908571958299,0.10342694823043241,True,False
4586,0.5858488571800391,0.7748566132478321,0.18900775606779296,True,False
4587,0.5597751321802156,0.8150762757441955,0.2553011435639799,True,False
4588,0.5156987221002644,0.7192719825625261,0.20357326046226176,True,False
4589,0.5623462599761347,0.7687609028619496,0.2064146428858149,True,False
4590,0.5808260402556806,0.7980269360759378,0.21720089582025714,True,False
4591,0.5300443863212693,0.7360895824517061,0.20604519613043681,True,False
4592,0.6078839155981831,0.7058694886782109,0.09798557308002775,True,False
4593,0.5347772099648332,0.7530532411164267,0.21827603115159344,True,False
4594,0.5382715628718878,0.6723606163977367,0.13408905352584888,True,False
4595,0.5340112730145303,0.8398799187333306,0.30586864571880024,True,False
4596,0.5542298944003473,0.5889188183538321,0.034688923953484774,True,False
4597,0.5725951408019089,0.680831923534165,0.10823678273225612,True,False
4598,0.5736208233576793,0.7764530523601841,0.20283222900250486,True,False
4599,0.5521217315434914,0.8417357953513994,0.289614063807908,True,False
4600,0.5484818386088519,0.7298137843617787,0.18133194575292677,True,False
4601,0.5636480107345747,0.8305674395242496,0.2669194287896749,True,False
4602,0.559999054377543,0.7120779364462144,0.15207888206867137,True,False
4603,0.5586065302827489,0.6783341397787079,0.11972760949595906,True,False
4604,0.521066542031619,0.642680413623599,0.12161387159198,True,False
4605,0.5679739780223362,0.6787177930535016,0.11074381503116537,True,False
4606,0.5466732306003602,0.5586963871159418,0.012023156515581612,True,False
4607,0.558579548073026,0.7942647237281536,0.2356851756551276,True,False
4608,0.5529957828621284,0.8423860464934365,0.28939026363130815,True,False
4609,0.5388186861863079,0.6383167627506254,0.09949807656431753,True,False
4610,0.5578315138162403,0.717180800028199,0.15934928621195865,True,False
4611,0.5283806807947606,0.778433979812972,0.2500532990182114,True,False
4612,0.537044775506505,0.6364769523922287,0.0994321768857237,True,False
4613,0.5421816403068099,0.4477426182034734,-0.09443902210333655,False,False
4614,0.58884495320891,0.7276384588001774,0.13879350559126746,True,False
4615,0.5143729981514874,0.7041121156279102,0.1897391174764228,True,False
4616,0.5589881237156912,0.7441059041115916,0.18511778039590043,True,False
4617,0.5789038731599747,0.43297509526241,-0.1459287778975647,False,False
4618,0.544955028779776,0.639739054738046,0.09478402595827007,True,False
4619,0.5469169918722965,0.5192085959751128,-0.027708395897183657,False,False
4620,0.5767429411589656,0.648143321648345,0.07140038048937936,True,False
4621,0.5757317089456265,0.5901676770845502,0.014435968138923672,True,False
4622,0.5620573727273475,0.6681019774773063,0.1060446047499588,True,False
4623,0.595395211810263,0.7239016775095368,0.12850646569927382,True,False
4624,0.5539606499332703,0.6798417939743119,0.12588114404104156,True,False
4625,0.5512331510149682,0.7383593708578879,0.18712621984291977,True,False
4626,0.5188624481844929,0.6398177968295613,0.1209553486450684,True,False
4627,0.5794223799899941,0.5815123348061474,0.002089954816153261,True,False
4628,0.5322329966520608,0.8450614127328091,0.3128284160807483,True,False
4629,0.5248479020034411,0.629066116018584,0.10421821401514286,True,False
4630,0.5988343433112725,0.8887689149062791,0.2899345715950066,True,False
4631,0.5233385394677673,0.7961515426171674,0.27281300314940005,True,False
4632,0.5476945206518642,0.7248726237270604,0.1771781030751962,True,False
4633,0.6047937442718276,0.4381701269512643,-0.16662361732056336,False,False
4634,0.5561748595856768,0.7873691292772016,0.2311942696915248,True,False
4635,0.5337293844460794,0.6356393963628865,0.10191001191680704,True,False
4637,0.5699530492469753,0.519154730593526,-0.050798318653449304,False,False
4639,0.5541718277134607,0.7109237755496686,0.15675194783620783,True,False
4640,0.5690850174773013,0.7158380928561268,0.14675307537882543,True,False
4641,0.5653455586667376,0.7357758531524483,0.17043029448571068,True,False
4642,0.5808699794842701,0.8340115203384761,0.25314154085420604,True,False
4643,0.5638519649309702,0.667787436309895,0.10393547137892478,True,False
4644,0.5369985749051505,0.683176053053785,0.14617747814863458,True,False
4645,0.5336968685698777,0.6401384621645012,0.10644159359462346,True,False
4646,0.5876834440763345,0.9044775647641001,0.3167941206877656,True,False
4647,0.5231494673090218,0.6764696595978945,0.15332019228887273,True,False
4648,0.546182626188042,0.8083090529971642,0.2621264268091221,True,False
4649,0.5118076719198099,0.7275940166875021,0.2157863447676922,True,False
4650,0.5335497062100014,0.787653640998328,0.2541039347883266,True,False
4651,0.5778627686120003,0.44685924019292556,-0.1310035284190747,False,False
4652,0.596991719232842,0.7058307261768663,0.10883900694402426,True,False
4653,0.5525422842928402,0.7025156277666049,0.14997334347376468,True,False
4654,0.5428779738896429,0.7320601926660489,0.18918221877640606,True,False
4655,0.543731463491108,0.712816857593762,0.169085394102654,True,False
4656,0.5427563254316489,0.54364921711568,0.0008928916840311718,True,False
4657,0.5592773870633083,0.7929319307709052,0.23365454370759686,True,False
4658,0.5439496274712748,0.6845672596687828,0.140617632197508,True,False
4659,0.541257776762114,0.7013027884117364,0.16004501164962248,True,False
4660,0.5329795668873843,0.5917135284734166,0.05873396158603228,True,False
4661,0.5097331011634915,0.6720031550010813,0.16227005383758986,True,False
4662,0.5422462212147582,0.6416047965433699,0.0993585753286117,True,False
4663,0.5678304973023358,0.6765628923128657,0.10873239501052989,True,False
4664,0.5971052789424166,0.6650700841019145,0.06796480515949788,True,False
4665,0.5792220033735294,0.7714855708241666,0.19226356745063722,True,False
4666,0.5682185562198214,0.7861855042061199,0.21796694798629845,True,False
4667,0.5666599114400434,0.8630333623646872,0.29637345092464384,True,False
4668,0.5732936031266155,0.7017940403792903,0.1285004372526748,True,False
4669,0.5702737793443966,0.8748631529420591,0.30458937359766247,True,False
4670,0.5628670621003605,0.8280677831962435,0.265200721095883,True,False
4671,0.5676944293056944,0.63569945615285,0.06800502684715559,True,False
4672,0.585902589125554,0.7661825872046487,0.18027999807909467,True,False
4673,0.5127902554916265,0.7146600113985597,0.20186975590693323,True,False
4674,0.55582718847884,0.5020761742317092,-0.0537510142471308,False,False
4675,0.5511610110337601,0.702572481564776,0.1514114705310159,True,False
4676,0.5679300807850673,0.7364018521437737,0.1684717713587064,True,False
4677,0.553238627669571,0.7708674765269984,0.2176288488574274,True,False
4678,0.5462927493990608,0.7310091761389291,0.18471642673986832,True,False
4679,0.5675726870035359,0.6846053723707286,0.11703268536719269,True,False
4680,0.5404284854669146,0.7146459307947785,0.17421744532786387,True,False
4681,0.5492471459892141,0.8043269645199057,0.2550798185306916,True,False
4682,0.5864647249395236,0.6513196005550983,0.06485487561557468,True,False
4683,0.5445094152482892,0.26444546133192093,-0.2800639539163683,False,False
4684,0.542756408296403,0.7795153281654983,0.23675891986909525,True,False
4685,0.5934892278044662,0.7772121719502817,0.18372294414581547,True,False
4686,0.5572369508011896,0.8261654639911108,0.26892851318992117,True,False
4687,0.5640161627611682,0.7578773070163297,0.19386114425516154,True,False
4688,0.5577457964959912,0.7518368771125457,0.19409108061655445,True,False
4689,0.5811590462343977,0.6526906046225457,0.07153155838814795,True,False
4690,0.5485963743309292,0.5442451495090295,-0.004351224821899757,False,False
4691,0.5610726627693833,0.6585664936554217,0.09749383088603847,True,False
4692,0.5538267482493462,0.7567571934036303,0.20293044515428416,True,False
4693,0.5313245578163033,0.7945803326433858,0.2632557748270825,True,False
4694,0.5969173657126836,0.8122408144969642,0.21532344878428056,True,False
4695,0.5812676527250054,0.7070652114313402,0.1257975587063348,True,False
4696,0.586249728782142,0.5015293210337626,-0.08472040774837941,False,False
4697,0.5802447103847164,0.5438613824558505,-0.036383327928865894,False,False
4698,0.5023368120948483,0.582019380678623,0.07968256858377476,True,False
4699,0.5777687091101962,0.6090656572684637,0.03129694815826756,True,False
4700,0.5678134557675707,0.7996506122092794,0.23183715644170866,True,False
4701,0.5580217840154683,0.6802273800532234,0.12220559603775505,True,False
4702,0.5657733955441641,0.8796248755641696,0.3138514800200055,True,False
4703,0.5350101042410953,0.5398382409352042,0.004828136694108864,True,False
4704,0.5642513155445787,0.7646019982334681,0.20035068268888934,True,False
4705,0.5483954057232459,0.6243548088698725,0.07595940314662664,True,False
4706,0.5513103469523868,0.7836248381078883,0.2323144911555015,True,False
4707,0.5269440421490246,0.6226286200928844,0.09568457794385987,True,False
4708,0.5397254638872792,0.7321201551545083,0.1923946912672292,True,False
4709,0.5505771444868668,0.743732429416161,0.19315528492929424,True,False
4710,0.5524976743939568,0.7376554583345019,0.18515778394054505,True,False
4711,0.5704090215763622,0.8018162408806137,0.23140721930425145,True,False
4712,0.5657221635026266,0.7895876135745452,0.2238654500719186,True,False
4713,0.5574153865948646,0.60464973025955,0.047234343664685485,True,False
4714,0.5319842260116271,0.8499933360496659,0.3180091100380388,True,False
4715,0.5961117638720599,0.6110646669722675,0.014952903100207582,True,False
4716,0.5483116416115213,0.7151213439596593,0.16680970234813797,True,False
4717,0.5860212826103564,0.8210317191990788,0.23501043658872245,True,False
4718,0.5803940708769418,0.5712272141283367,-0.009166856748605179,False,False
4719,0.5584786864352073,0.4736678926901618,-0.08481079374504547,False,False
4720,0.54481544638088,0.5625647579574629,0.017749311576582882,True,False
4721,0.5637470905046619,0.6645792192470983,0.10083212874243641,True,False
4722,0.594335068186915,0.7696065364518684,0.17527146826495343,True,False
4723,0.5861101761775542,0.6257117870280903,0.03960161085053604,True,False
4724,0.533562656968674,0.7508748911735077,0.2173122342048337,True,False
4725,0.5673926607156682,0.6788627556274619,0.11147009491179372,True,False
4726,0.5718971297960532,0.6435166508221252,0.07161952102607194,True,False
4727,0.5840181091107626,0.8153964259271856,0.23137831681642307,True,False
4728,0.522401980720739,0.6413237660884353,0.11892178536769638,True,False
4729,0.5450833360059915,0.729852276422582,0.18476894041659053,True,False
4730,0.5258931843761977,0.646516250463629,0.12062306608743134,True,False
4731,0.5537055330772362,0.7798015289807558,0.2260959959035196,True,False
4732,0.5298175422114085,0.741564005746971,0.21174646353556248,True,False
4733,0.5715792299826066,0.6470363417148125,0.07545711173220593,True,False
4734,0.5597809940537153,0.8341542261183468,0.2743732320646315,True,False
4735,0.5757051601865278,0.7022102375579553,0.12650507737142747,True,False
4736,0.5214356809385685,0.6020694860114312,0.08063380507286266,True,False
4737,0.5783579200269933,0.7160000966479476,0.13764217662095435,True,False
4738,0.5605783834809784,0.7265411622408702,0.16596277875989174,True,False
4739,0.541311380324865,0.7391857273231177,0.19787434699825268,True,False
4740,0.5684871432887075,0.49304057168630183,-0.0754465716024057,False,False
4741,0.5791598753686145,0.9119820875278746,0.3328222121592601,True,False
4742,0.5201704387246797,0.7245428495470518,0.20437241082237212,True,False
4743,0.5472862409419372,0.8402934913611231,0.29300725041918585,True,False
4744,0.5629797790730876,0.6438436769449848,0.08086389787189718,True,False
4745,0.5296697116785665,0.7474850004266599,0.21781528874809342,True,False
4746,0.5750597022530973,0.7316473386195036,0.15658763636640627,True,False
4747,0.5603413338401516,0.7639781517441478,0.20363681790399624,True,False
4748,0.5295302127520354,0.7136808059875214,0.184150593235486,True,False
4749,0.5066091027929417,0.5260377882098245,0.019428685416882807,True,False
4750,0.5551523111033414,0.6556596152901445,0.10050730418680309,True,False
4751,0.5822401828201162,0.7136144796062301,0.1313742967861139,True,False
4752,0.5892817684005117,0.7691755771818052,0.17989380878129346,True,False
4753,0.5840530650563579,0.8114736760281862,0.2274206109718283,True,False
4754,0.5202074601103175,0.4818353222304008,-0.03837213787991667,False,False
4755,0.5384941282338997,0.7147275774744479,0.17623344924054818,True,False
4756,0.5769881964993442,0.6053262213738894,0.028338024874545176,True,False
4757,0.5931294390650935,0.7926741616990611,0.1995447226339676,True,False
4758,0.5997937234088423,0.7420119115902102,0.1422181881813679,True,False
4759,0.5436395572593782,0.6969514248855344,0.15331186762615623,True,False
4760,0.578157795684958,0.7649422227056433,0.18678442702068532,True,False
4761,0.5336911463518871,0.858587915582995,0.3248967692311079,True,False
4762,0.5343498155667736,0.8326961110656266,0.29834629549885294,True,False
4763,0.5450731145173546,0.6424144723114381,0.09734135779408348,True,False
4764,0.5705142588457117,0.7357931345862854,0.16527887574057365,True,False
4765,0.5582890335570745,0.8195729171133989,0.26128388355632437,True,False
4766,0.5568424211212142,0.5285841925652208,-0.02825822855599336,False,False
4767,0.5734856591528505,0.6805384153560498,0.1070527562031992,True,False
4768,0.5578136185456909,0.5770570171144056,0.01924339856871471,True,False
4769,0.5272059483243663,0.8719262984108305,0.3447203500864642,True,False
4770,0.5634380349267782,0.8307290338106185,0.2672909988838402,True,False
4771,0.5336281758286228,0.7035468005714177,0.16991862474279495,True,False
4772,0.570641297837855,0.8110075085067008,0.24036621066884578,True,False
4773,0.5555965880499416,0.5340970766724628,-0.021499511377478853,False,False
4774,0.5244401097437348,0.746530735864111,0.22209062612037622,True,False
4776,0.549587650107578,0.706457117858871,0.15686946775129296,True,False
4777,0.5665813048239541,0.6151720207807724,0.0485907159568183,True,False
4778,0.5710726845699765,0.6381510753654311,0.06707839079545463,True,False
4779,0.5112755739768953,0.7972316345761584,0.28595606059926315,True,False
4780,0.5566294914590965,0.8005202699849933,0.2438907785258968,True,False
4781,0.5390768991245347,0.7867165511748221,0.24763965205028737,True,False
4782,0.5811874194371731,0.8076915243146519,0.22650410487747874,True,False
4783,0.5661134697601785,0.61341028616483,0.04729681640465144,True,False
4784,0.5896321471967457,0.684009743899563,0.09437759670281731,True,False
4785,0.5199402143319429,0.6739972659654686,0.15405705163352568,True,False
4786,0.5616281273170708,0.5492828680041958,-0.012345259312875001,False,False
4787,0.5592894748305312,0.7875440405557352,0.22825456572520408,True,False
4788,0.5341027295133649,0.4351415203901179,-0.09896120912324702,False,False
4789,0.5508270529177096,0.673278062406703,0.12245100948899335,True,False
4790,0.5392024879160736,0.7156415738646862,0.17643908594861257,True,False
4791,0.5542137993637303,0.668057497258139,0.11384369789440874,True,False
4792,0.5610109626138281,0.8045255937411345,0.24351463112730642,True,False
4793,0.5446413798057679,0.5878288857653114,0.04318750595954357,True,False
4794,0.5565935325897605,0.7808396430946846,0.22424611050492405,True,False
4795,0.5644660176378984,0.8033068683972534,0.23884085075935502,True,False
4796,0.5729829603437119,0.8058157445300771,0.23283278418636522,True,False
4797,0.5547231180642902,0.5003963185002431,-0.05432679956404707,False,False
4798,0.568231526502079,0.6915620508358209,0.12333052433374192,True,False
4799,0.5818728271582078,0.678158722587362,0.09628589542915422,True,False
4800,0.5506042179950852,0.6561831380461431,0.10557892005105796,True,False
4801,0.5611320356959214,0.5397495977292913,-0.021382437966630086,False,False
4802,0.540721149961595,0.7090124260295633,0.16829127606796823,True,False
4803,0.5647704523490016,0.5870523764590151,0.022281924110013507,True,False
4804,0.5643052955565628,0.6895145894665172,0.1252092939099544,True,False
4805,0.5642278494347055,0.7062836892318608,0.1420558397971553,True,False
4806,0.5677869260071668,0.3986759809762424,-0.16911094503092444,False,False
4807,0.5712613919446186,0.7765497381348945,0.20528834619027592,True,False
4808,0.5858675849999959,0.5856755087644874,-0.00019207623550854258,False,False
4809,0.581446745671652,0.6966451705548381,0.1151984248831861,True,False
4810,0.5756405382466114,0.5283676324398319,-0.047272905806779564,False,False
4811,0.5330527556860851,0.8934164219046411,0.360363666218556,True,False
4812,0.5267572355054566,0.6352931705708612,0.1085359350654046,True,False
4813,0.5742073960044077,0.663730703699893,0.08952330769548522,True,False
4814,0.5630433601643055,0.7484508232304512,0.18540746306614575,True,False
4815,0.5159947010872558,0.7726441402282681,0.25664943914101235,True,False
4816,0.5510624050018499,0.6876782482810437,0.13661584327919385,True,False
4817,0.5410710020820404,0.75690148673245,0.21583048465040955,True,False
4818,0.5720426684597654,0.8207187146295598,0.24867604616979444,True,False
4819,0.5249644242186247,0.5956077705355753,0.07064334631695068,True,False
4820,0.5738929756934636,0.6897519541380082,0.11585897844454451,True,False
4821,0.5288798292026143,0.7603877723364864,0.23150794313387202,True,False
4822,0.5899382768396039,0.8420013544515729,0.252063077611969,True,False
4823,0.5448211011269174,0.7868742952827663,0.24205319415584892,True,False
4824,0.5667326855385912,0.7842861135108665,0.21755342797227528,True,False
4825,0.5529377352308152,0.6679945539193324,0.11505681868851714,True,False
4826,0.5312041978728763,0.7549064588363229,0.2237022609634466,True,False
4827,0.523696778866527,0.721834002446308,0.19813722357978103,True,False
4828,0.5580151510090059,0.5644607849518971,0.006445633942891216,True,False
4829,0.5209792839822439,0.7300423907215161,0.2090631067392722,True,False
4830,0.5412382169602334,0.8262429345205392,0.28500471756030576,True,False
4831,0.5719453087345352,0.758120126969939,0.18617481823540383,True,False
4832,0.5533225205430732,0.6032253006499704,0.04990278010689719,True,False
4833,0.5343457529454063,0.6072325506751071,0.07288679772970075,True,False
4834,0.5437773483105798,0.7794163575367805,0.23563900922620074,True,False
4835,0.5894856786451163,0.7813783402058159,0.19189266156069962,True,False
4836,0.55663265906683,0.6946553238466068,0.13802266477977676,True,False
4837,0.5795189802146712,0.5315363911441193,-0.04798258907055186,False,False
4838,0.5784617652306704,0.6739316859117673,0.09546992068109694,True,False
4840,0.5579137639936431,0.6891969268270963,0.1312831628334532,True,False
4841,0.5582683213548634,0.7525976827817272,0.19432936142686386,True,False
4842,0.5783572747043715,0.8265198197065117,0.2481625450021402,True,False
4843,0.5551698234738225,0.7042527579716616,0.14908293449783916,True,False
4844,0.5383437970119842,0.8179908155065456,0.2796470184945614,True,False
4845,0.5832734107024287,0.6839047001186185,0.10063128941618982,True,False
4846,0.5591325949488987,0.593455488240036,0.03432289329113736,True,False
4847,0.5649358273874914,0.8660978827653505,0.3011620553778591,True,False
4848,0.5483937628677988,0.7020160397788702,0.15362227691107133,True,False
4849,0.5221120031319643,0.5428324536353586,0.020720450503394328,True,False
4850,0.5605636483100378,0.6917515921009796,0.13118794379094179,True,False
4851,0.558670184546516,0.7842999961221387,0.22562981157562279,True,False
4852,0.5590504564321086,0.7759357386346606,0.216885282202552,True,False
4853,0.5685176441604016,0.7879426582042566,0.21942501404385495,True,False
4854,0.5428504612257087,0.7092963901520004,0.16644592892629173,True,False
4855,0.5699727432788982,0.7576214135308681,0.18764867025196985,True,False
4856,0.5356698617726333,0.8805479438376784,0.3448780820650451,True,False
4857,0.5715632507906373,0.7409823303827876,0.1694190795921503,True,False
4858,0.560063649600794,0.7679587236294093,0.2078950740286153,True,False
4859,0.5731402532470382,0.7895703671786513,0.21643011393161304,True,False
4860,0.5396053702509381,0.7712018802908391,0.231596510039901,True,False
4861,0.5313918687130708,0.7464276542791203,0.21503578556604952,True,False
4862,0.5567657708223123,0.8258403801037494,0.2690746092814371,True,False
4863,0.5249999573552647,0.577575524361441,0.05257556700617627,True,False
4864,0.5631347117285316,0.7872790050230493,0.22414429329451768,True,False
4865,0.5391173534915797,0.8380114263061912,0.29889407281461144,True,False
4866,0.560298337731129,0.46157976308319404,-0.09871857464793499,False,False
4867,0.5478391557432333,0.6701418200202756,0.12230266427704228,True,False
4868,0.54455159249842,0.5467252477661427,0.0021736552677227294,True,False
4869,0.5481977846076544,0.719022347049454,0.17082456244179955,True,False
4870,0.5360794855076718,0.7569319142791923,0.22085242877152045,True,False
4871,0.5716969684529629,0.5333291292924438,-0.03836783916051911,False,False
4872,0.5804220243666456,0.5185620307473718,-0.061859993619273745,False,False
4873,0.5594821426698757,0.9217424226492114,0.36226027997933563,True,False
4874,0.5712272297460518,0.8694788607741059,0.2982516310280541,True,False
4875,0.5527670377794057,0.7474161272873543,0.19464908950794857,True,False
4876,0.5730299070552808,0.8109042720964015,0.2378743650411207,True,False
4877,0.5975802159767738,0.65743187199051,0.05985165601373621,True,False
4878,0.5518023488897927,0.594092206433405,0.04228985754361225,True,False
4879,0.557914084121539,0.7841726512674879,0.22625856714594894,True,False
4880,0.5595631750593857,0.6823925222218239,0.12282934716243821,True,False
4881,0.5447329143653505,0.8108702025960569,0.26613728823070637,True,False
4882,0.5452915866821058,0.6862996119141516,0.1410080252320458,True,False
4883,0.5998134530464092,0.7565656025431184,0.15675214949670924,True,False
4884,0.5379067906351911,0.7826499741360871,0.24474318350089597,True,False
4885,0.5924580857993685,0.7526796337424321,0.16022154794306354,True,False
4886,0.5196047342463536,0.6031277809258483,0.08352304667949473,True,False
4887,0.5289687344144479,0.6143544166610377,0.08538568224658982,True,False
4888,0.5608060035374407,0.8029203354848157,0.24211433194737497,True,False
4889,0.5336720448606658,0.6416809804941421,0.10800893563347636,True,False
4890,0.5678596426720712,0.7644028759072322,0.19654323323516099,True,False
4891,0.5438302557320274,0.8283926706165939,0.2845624148845666,True,False
4892,0.5536850455468,0.3410911569272018,-0.21259388861959816,False,False
4893,0.529240359349513,0.7255417163648606,0.19630135701534768,True,False
4894,0.5491439253673746,0.8177919801273786,0.2686480547600041,True,False
4895,0.5565071634054886,0.7638790528459319,0.20737188944044338,True,False
4896,0.5190003129344231,0.5994390267415243,0.08043871380710121,True,False
4897,0.5607481402466166,0.6918488521294467,0.13110071188283012,True,False
4898,0.5161552983053572,0.8176839936931825,0.30152869538782523,True,False
4899,0.5316849176351208,0.7119759457150547,0.1802910280799339,True,False
4900,0.5205953374848753,0.5322129809333362,0.011617643448460946,True,False
4901,0.5551147582888876,0.7634147060103771,0.20829994772148952,True,False
4902,0.5646287319937948,0.6686658023558651,0.10403707036207033,True,False
4903,0.5751146191669282,0.7665670064525374,0.1914523872856092,True,False
4904,0.541960929796703,0.7298529687668674,0.1878920389701645,True,False
4905,0.5316441552474328,0.8129037788784432,0.2812596236310104,True,False
4906,0.5702841667212861,0.6907091892004369,0.12042502247915077,True,False
4907,0.51033852507946,0.6716038136530711,0.1612652885736111,True,False
4908,0.5339229790442368,0.8272840574754099,0.2933610784311731,True,False
4909,0.5558125008987781,0.7180441494550817,0.16223164855630356,True,False
4910,0.5459079009124607,0.6408160574078399,0.0949081564953792,True,False
4911,0.5768792894444773,0.814248928790299,0.23736963934582167,True,False
4912,0.5392731240862132,0.37682619950658025,-0.16244692457963295,False,False
4913,0.557518430781037,0.7623073822613972,0.20478895148036014,True,False
4914,0.5698936159151509,0.6630027423621703,0.09310912644701941,True,False
4915,0.5474413694543658,0.735144976992962,0.18770360753859616,True,False
4916,0.5811324020081742,0.6119484927975748,0.03081609078940062,True,False
4917,0.5653195795800469,0.8017378319772795,0.2364182523972327,True,False
4918,0.5334072040741819,0.6911559981337606,0.15774879405957876,True,False
4919,0.5467105775060805,0.7779866400111125,0.23127606250503197,True,False
4920,0.6057239672375243,0.847551138454688,0.24182717121716368,True,False
4921,0.5729571686025767,0.7570532605464129,0.18409609194383614,True,False
4922,0.5438279588997303,0.6856072604057236,0.14177930150599327,True,False
4923,0.5280109840649453,0.6734545034336452,0.14544351936869993,True,False
4924,0.5763827615149058,0.8460476557024182,0.2696648941875125,True,False
4925,0.5390154898724286,0.7136081631718724,0.17459267329944372,True,False
4926,0.5639841464627074,0.6150965051292757,0.05111235866656827,True,False
4927,0.5781539113732123,0.7457769459674369,0.16762303459422467,True,False
4928,0.5437647166549385,0.7154337716321523,0.17166905497721374,True,False
4929,0.5168629508202959,0.854195642661844,0.3373326918415481,True,False
4930,0.5798995995442648,0.7459492237038072,0.16604962415954239,True,False
4931,0.596045270494551,0.6886812861615549,0.09263601566700386,True,False
4932,0.5257209316784072,0.7236592522807808,0.1979383206023736,True,False
4933,0.543591260174599,0.6682819579175766,0.12469069774297759,True,False
4934,0.5540188701530141,0.7419831300045986,0.1879642598515845,True,False
4935,0.5245131717609071,0.855235142925598,0.33072197116469093,True,False
4936,0.5884762630502153,0.7723454935338273,0.18386923048361203,True,False
4937,0.5360091803990643,0.6766375164972683,0.14062833609820402,True,False
4938,0.5716583831133306,0.74987565578214,0.17821727266880938,True,False
4939,0.5610436270089473,0.7416214295554734,0.1805778025465261,True,False
4940,0.5387382615584639,0.7759646549178616,0.23722639335939766,True,False
4941,0.5635330971411674,0.9150963905513981,0.35156329341023074,True,False
4942,0.5532357960677029,0.7469400253658925,0.19370422929818965,True,False
4943,0.597348418151706,0.8438025394325223,0.24645412128081623,True,False
4944,0.5649814139799537,0.7933176331990218,0.2283362192190681,True,False
4945,0.5774786138985789,0.8075701609997404,0.23009154710116153,True,False
4946,0.5747691829749612,0.7994843047570469,0.22471512178208575,True,False
4947,0.565717459304855,0.8233130680141958,0.25759560870934084,True,False
4948,0.5553138310524407,0.8271506315172518,0.27183680046481107,True,False
4949,0.5429277477790339,0.7953359506975727,0.2524082029185388,True,False
4950,0.5114419227816571,0.7691108059954922,0.2576688832138351,True,False
4951,0.5280249209675183,0.7537312011595527,0.22570628019203443,True,False
4952,0.5439499711188308,0.6827748761406174,0.13882490502178657,True,False
4953,0.5452882765342021,0.6554113626648755,0.11012308613067345,True,False
4954,0.4955505237845562,0.7226646236580173,0.2271140998734611,True,False
4955,0.5613895203057505,0.7068697252403155,0.14548020493456504,True,False
4956,0.5709790109289538,0.7482263891485487,0.1772473782195949,True,False
4957,0.5530174234812086,0.6877716192068887,0.13475419572568004,True,False
4958,0.5389076043032821,0.5673979295302268,0.028490325226944724,True,False
4959,0.5143919038662604,0.7085966584240139,0.19420475455775343,True,False
4960,0.5665477155356223,0.7304493885126099,0.16390167297698754,True,False
4961,0.5684893532778318,0.7166342131758532,0.1481448598980214,True,False
4962,0.5691680364722546,0.7408871524140183,0.1717191159417637,True,False
4963,0.5542354096157798,0.6622592293954662,0.10802381977968645,True,False
4964,0.5250278863883762,0.7261367025175175,0.20110881612914133,True,False
4965,0.546874695469501,0.728351761927506,0.181477066458005,True,False
4966,0.5661310454933851,0.7043278718081261,0.13819682631474095,True,False
4967,0.5548427095909856,0.5882512877039372,0.033408578112951615,True,False
4968,0.5495550653260985,0.9069204377007828,0.35736537237468424,True,False
4969,0.5060548575890385,0.9004782850724349,0.3944234274833964,True,False
4971,0.58441227914185,0.6871436972928539,0.10273141815100384,True,False
4972,0.5518221201632759,0.7132610385225615,0.1614389183592856,True,False
4973,0.5384904353970215,0.8260428615902807,0.28755242619325927,True,False
4974,0.5235382083626768,0.6862650820387963,0.1627268736761195,True,False
4975,0.5333757412957201,0.7624422112447335,0.22906646994901347,True,False
4976,0.5410827619281777,0.5130444218106293,-0.028038340117548466,False,False
4977,0.5473560114679623,0.6994926583045386,0.15213664683657624,True,False
4978,0.5549120782959608,0.5636216078005304,0.008709529504569602,True,False
4979,0.5408905073778959,0.6745191969711409,0.13362868959324503,True,False
4980,0.5496935456663077,0.7388996366926678,0.1892060910263601,True,False
4981,0.5656637342272333,0.6232125293026066,0.05754879507537336,True,False
4982,0.5534801827242568,0.7140025412723018,0.16052235854804497,True,False
4983,0.5226947214227394,0.534787029201303,0.012092307778563627,True,False
4984,0.5627137791789425,0.6383733840800245,0.07565960490108203,True,False
4985,0.5679209279622902,0.5848783541073627,0.01695742614507245,True,False
4986,0.5498003334866265,0.8315835998647643,0.2817832663781378,True,False
4987,0.5645068519546151,0.5683155354247272,0.0038086834701120953,True,False
4988,0.5510448657828543,0.7911527179249808,0.2401078521421265,True,False
4989,0.5652655520027182,0.7354436844373378,0.17017813243461954,True,False
4990,0.5438289489076893,0.7429424627645539,0.1991135138568646,True,False
4991,0.5621999021502553,0.7448440818547092,0.1826441797044539,True,False
4992,0.5937952711257999,0.7472122590911541,0.1534169879653542,True,False
4993,0.5379633857042291,0.7163778523203803,0.17841446661615123,True,False
4994,0.568544093312144,0.7333518957935823,0.16480780248143834,True,False
4995,0.530537486890792,0.7048788512251304,0.17434136433433833,True,False
4996,0.5417328320928019,0.7593704559194142,0.21763762382661234,True,False
4997,0.552384543037481,0.29806903298225657,-0.2543155100552244,False,False
4998,0.5256744005773093,0.7992227111721127,0.27354831059480345,True,False
4999,0.5880597212666037,0.7688215727134555,0.18076185144685186,True,False
5000,0.5220014694570302,0.5841206978586608,0.062119228401630644,True,False
5001,0.5406476169359931,0.6887126451144419,0.1480650281784488,True,False
5002,0.5459025409091717,0.7433490687310119,0.19744652782184025,True,False
5003,0.5651520298784992,0.7931840482607415,0.2280320183822423,True,False
5004,0.5605970102057928,0.7705647114604158,0.20996770125462305,True,False
5005,0.5515579721249418,0.722332825934263,0.17077485380932111,True,False
5006,0.5987356720792544,0.7340465358117005,0.13531086373244616,True,False
5007,0.5664261381753363,0.9189545324968875,0.35252839432155125,True,False
5008,0.5570236404889914,0.6997351362989257,0.14271149580993425,True,False
5009,0.5807698942566587,0.761046870753383,0.18027697649672425,True,False
5010,0.5641637005801808,0.7335383086957591,0.16937460811557825,True,False
5011,0.5648439274079411,0.5910182266767992,0.02617429926885806,True,False
5012,0.5726427120602531,0.7093925194086338,0.13674980734838071,True,False
5013,0.5393360119896345,0.8855298288079818,0.34619381681834727,True,False
5014,0.5614639224987734,0.5090924508337855,-0.0523714716649879,False,False
5015,0.5378497932061431,0.6745996997295465,0.13674990652340335,True,False
5016,0.5723695548692866,0.6466767275403689,0.07430717267108222,True,False
5017,0.5543626654232249,0.8071136240814092,0.2527509586581843,True,False
5018,0.5547083481069998,0.6951534524083363,0.1404451043013365,True,False
5019,0.5618271701652643,0.7842434116062255,0.22241624144096117,True,False
5020,0.5365981920916797,0.5815726142997738,0.04497442220809411,True,False
5021,0.5548354630776863,0.8320899548240759,0.2772544917463896,True,False
5022,0.5282177739237846,0.7208837292979067,0.19266595537412212,True,False
5023,0.5806675694603577,0.7894155239916097,0.20874795453125206,True,False
5024,0.5101280313343648,0.7894079143297771,0.2792798829954123,True,False
5025,0.5603674549110138,0.7759468932045014,0.21557943829348758,True,False
5026,0.5650049979262388,0.6772476456727656,0.11224264774652681,True,False
5027,0.5794291416571434,0.8369523070916715,0.257523165434528,True,False
5028,0.5632572348715633,0.8603615721151519,0.29710433724358853,True,False
5029,0.5646617821682445,0.5871938061489587,0.02253202398071419,True,False
5030,0.5703163820862477,0.7932376393259106,0.22292125723966294,True,False
5031,0.5345374491875545,0.7090240285544402,0.17448657936688572,True,False
5032,0.5629540610728686,0.6297448288816692,0.06679076780880056,True,False
5033,0.5660608998289648,0.8407670837532548,0.27470618392429,True,False
5034,0.5877191279347147,0.8320454481441243,0.2443263202094096,True,False
5035,0.5577358127510169,0.4400952940352609,-0.11764051871575604,False,False
5036,0.5391769536839913,0.7280756073037269,0.18889865361973557,True,False
5037,0.5658467153177346,0.7615864363907301,0.19573972107299553,True,False
5038,0.5497240522719496,0.8035450387169102,0.25382098644496054,True,False
5039,0.5589630547518971,0.8436631690553035,0.28470011430340636,True,False
5040,0.5463023187340845,0.39744089871311594,-0.14886142002096858,False,False
5041,0.6023048342820271,0.7596337369982312,0.15732890271620414,True,False
5042,0.5745187437967121,0.6959480941605092,0.1214293503637971,True,False
5043,0.5439500013544525,0.45994416349535266,-0.08400583785909982,False,False
5044,0.5489825333760306,0.7441380489850495,0.1951555156090189,True,False
5045,0.5861057489883057,0.6761101407069741,0.09000439171866836,True,False
5046,0.5454275815547444,0.7630946536308353,0.21766707207609093,True,False
5047,0.5714902163994959,0.6752478395216661,0.10375762312217018,True,False
5048,0.5641056745644263,0.7920387473152855,0.22793307275085917,True,False
5049,0.5583139365763681,0.7483689517182308,0.19005501514186274,True,False
5050,0.5663406056165583,0.7321074382529142,0.16576683263635594,True,False
5051,0.5854291438801891,0.5425663797873843,-0.04286276409280476,False,False
5052,0.55966947822757,0.8146209236071101,0.2549514453795402,True,False
5053,0.5753666231049642,0.7745519864992432,0.19918536339427895,True,False
5054,0.5649586675399787,0.717765999585523,0.1528073320455443,True,False
5055,0.5696004162195433,0.7404852142596328,0.1708847980400895,True,False
5056,0.5601848861484778,0.6141368782136465,0.05395199206516865,True,False
5057,0.5535289786402877,0.8498458320717426,0.29631685343145486,True,False
5058,0.5771016530384036,0.6641291721421483,0.08702751910374473,True,False
5059,0.5672843870083419,0.5145083141581203,-0.05277607285022168,False,False
5060,0.538043206664817,0.7934266160408778,0.25538340937606085,True,False
5061,0.6150511586188443,0.714111148728032,0.09905999010918776,True,False
5062,0.5620926593880923,0.6220159067538972,0.0599232473658049,True,False
5063,0.5561745228135142,0.7285874519167234,0.17241292910320916,True,False
5064,0.5338684113122345,0.8434558685195092,0.30958745720727465,True,False
5065,0.5266976801269457,0.7062056608269405,0.17950798069999474,True,False
5066,0.5441277181920756,0.4525597316299301,-0.09156798656214554,False,False
5067,0.5457400116892152,0.7936463076602317,0.24790629597101654,True,False
5068,0.5715228578941339,0.6399181509096333,0.0683952930154994,True,False
5069,0.5684253166567054,0.679995098942505,0.11156978228579961,True,False
5070,0.5590185867747898,0.7443438330158054,0.18532524624101565,True,False
5071,0.5571182566516683,0.7757248494471028,0.2186065927954346,True,False
5072,0.5937830910943288,0.7213212516928075,0.12753816059847867,True,False
5073,0.5704636687140276,0.7940651454723389,0.2236014767583112,True,False
5074,0.5526985258855684,0.6834097418108621,0.13071121592529367,True,False
5075,0.5802534013859544,0.6053758118938628,0.02512241050790842,True,False
5076,0.5383931402843005,0.7686273488254461,0.23023420854114562,True,False
5077,0.5370593424017378,0.7266120036876818,0.18955266128594395,True,False
5078,0.5771255184562323,0.7905648322804145,0.21343931382418224,True,False
5079,0.5329975567007599,0.853587557475557,0.32059000077479716,True,False
5080,0.51959625276012,0.5015144732807653,-0.018081779479354743,False,False
5081,0.5363914236187164,0.6253936770407785,0.08900225342206214,True,False
5082,0.5786197111559342,0.760962971950457,0.1823432607945228,True,False
5083,0.558682124423974,0.6018498456787548,0.043167721254780744,True,False
5084,0.5605236797445348,0.6141738221896921,0.05365014244515731,True,False
5085,0.5335290127875914,0.8014593023477314,0.2679302895601401,True,False
5086,0.5725541867147809,0.751613913011027,0.1790597262962461,True,False
5087,0.5886016383159011,0.6977763314656827,0.10917469314978168,True,False
5088,0.5642001906417548,0.7231874922722116,0.15898730163045682,True,False
5089,0.5722494698808902,0.8834669984254415,0.3112175285445513,True,False
5090,0.5444049555771341,0.7120493458335913,0.16764439025645717,True,False
5091,0.510510069073867,0.6191997992688096,0.10868973019494266,True,False
5092,0.5610215592122288,0.7335279983098713,0.1725064390976424,True,False
5093,0.5390196164175451,0.7174604575587339,0.17844084114118874,True,False
5094,0.5634776634637209,0.7851582326306047,0.22168056916688383,True,False
5095,0.5756530601063929,0.823580365880179,0.24792730577378608,True,False
5096,0.5767383029372969,0.7651270855531389,0.18838878261584202,True,False
5097,0.5769202127600963,0.6959416679695475,0.11902145520945118,True,False
5098,0.5531545808148192,0.6950341066329565,0.14187952581813734,True,False
5099,0.5316028645772363,0.3871909686805385,-0.14441189589669778,False,False
5100,0.5458726290191525,0.7192113179166518,0.17333868889749937,True,False
5101,0.5905953740743515,0.5835023432901255,-0.007093030784225962,False,False
5102,0.547226016681315,0.6877276127328502,0.14050159605153523,True,False
5103,0.5215755752382022,0.6480940749111229,0.12651849967292073,True,False
5104,0.5332419429691436,0.7846959226442619,0.2514539796751183,True,False
5105,0.5760188107910778,0.7615532476829545,0.18553443689187676,True,False
5106,0.5718407788074896,0.6579088786885523,0.08606809988106268,True,False
5107,0.5719294367179053,0.7311508206198202,0.15922138390191487,True,False
5108,0.5470079313796727,0.8077075122664221,0.2606995808867494,True,False
5109,0.5978616828829536,0.658652377538706,0.060790694655752375,True,False
5110,0.5516533891600962,0.8850981121459591,0.3334447229858629,True,False
5111,0.5662378670288095,0.6960452399728082,0.1298073729439987,True,False
5112,0.5528520075626311,0.7446374554761136,0.1917854479134825,True,False
5113,0.5871703274413416,0.7027315853941111,0.1155612579527695,True,False
5114,0.5536687620193659,0.7776855568820086,0.2240167948626427,True,False
5115,0.5557188265493734,0.8655407132030016,0.3098218866536282,True,False
5116,0.5329748094412462,0.8283187457901445,0.29534393634889833,True,False
5117,0.570734492400921,0.765406115763782,0.19467162336286103,True,False
5118,0.5749176410082856,0.7069920128282577,0.13207437181997217,True,False
5119,0.5620576221376141,0.8050428340326559,0.24298521189504174,True,False
5120,0.5459047452404912,0.6664694083234666,0.12056466308297542,True,False
5121,0.5542345193936821,0.47915963064044326,-0.07507488875323881,False,False
5122,0.5332254412442049,0.5321650858108968,-0.001060355433308069,False,False
5123,0.5489883003285315,0.5345093111211756,-0.014478989207355908,False,False
5124,0.5419664146214664,0.8405727355376731,0.29860632091620665,True,False
5125,0.5429585137818694,0.8716643295330886,0.32870581575121915,True,False
5126,0.5456646571094517,0.7204155933815337,0.17475093627208205,True,False
5127,0.5492410697647361,0.7083751888351573,0.1591341190704212,True,False
5128,0.5587289369235362,0.839984613244137,0.2812556763206008,True,False
5129,0.5692100120378322,0.7627109706226058,0.19350095858477367,True,False
5130,0.5224299514926579,0.9256931849041417,0.40326323341148373,True,False
5131,0.5490832658284205,0.7097857780154553,0.1607025121870348,True,False
5132,0.5531328735081247,0.8359887608578043,0.2828558873496796,True,False
5133,0.5378208199107469,0.627870553771039,0.09004973386029202,True,False
5134,0.5589767334458269,0.8759241164863458,0.31694738304051895,True,False
5135,0.560449835231355,0.6201570074064242,0.059707172175069156,True,False
5136,0.561494302849621,0.7116983659601132,0.15020406311049217,True,False
5137,0.5612333481181221,0.7224065131208174,0.1611731650026953,True,False
5138,0.5761156537655385,0.6422102433442135,0.06609458957867498,True,False
5139,0.5470002926185541,0.7458008144386733,0.1988005218201192,True,False
5140,0.5667811018649129,0.569051714614494,0.002270612749581069,True,False
5141,0.5440483345427111,0.33433541406313066,-0.2097129204795804,False,False
5142,0.5488012179441256,0.5365809655452705,-0.012220252398855158,False,False
5143,0.5743762153051588,0.6182698365489592,0.04389362124380036,True,False
5144,0.5568228389091954,0.688397812327464,0.13157497341826863,True,False
5146,0.5363029243260332,0.7195885466452385,0.1832856223192053,True,False
5147,0.5702556174350175,0.8579497754984625,0.287694158063445,True,False
5148,0.5313763256254376,0.7170259016051863,0.18564957597974874,True,False
5149,0.5506558208140292,0.7575100120877502,0.20685419127372096,True,False
5150,0.5991904267376906,0.652644565547132,0.05345413880944139,True,False
5151,0.585196617232452,0.6170271250258289,0.03183050779337693,True,False
5152,0.5336105279275377,0.6541722978807792,0.12056176995324153,True,False
5153,0.5546033240269488,0.6536170438973896,0.09901371987044083,True,False
5154,0.5567218828805902,0.5066771759287353,-0.05004470695185492,False,False
5155,0.5527893266199306,0.6856991446531246,0.13290981803319402,True,False
5156,0.5516801498567923,0.7282446198225228,0.1765644699657305,True,False
5157,0.5479318232052309,0.8230413694401892,0.2751095462349583,True,False
5158,0.5543989977309676,0.6249041914123905,0.07050519368142294,True,False
5160,0.5905648535241992,0.5390145066174066,-0.05155034690679261,False,False
5161,0.5454447554293802,0.672541258968515,0.12709650353913482,True,False
5162,0.5632050433695529,0.7965929984108809,0.23338795504132803,True,False
5163,0.530420300236281,0.771188697231025,0.24076839699474406,True,False
5164,0.5562948220288226,0.755640037396833,0.19934521536801042,True,False
5165,0.5649916458613954,0.7956366119496782,0.23064496608828278,True,False
5166,0.5593555596879,0.8518797160196115,0.2925241563317116,True,False
5167,0.5610417244624331,0.5866905197088891,0.025648795246456024,True,False
5168,0.5577393341605166,0.7269239391740039,0.1691846050134873,True,False
5169,0.5408350326502588,0.7198842316991624,0.1790491990489036,True,False
5170,0.5734926038279561,0.7886827479218343,0.21519014409387827,True,False
5171,0.5964559798794756,0.6006165029341943,0.004160523054718701,True,False
5172,0.5826960923005376,0.7066928920790391,0.12399679977850142,True,False
5173,0.5771211443955014,0.7538423443417418,0.17672119994624036,True,False
5174,0.5481359082177492,0.5895761859159916,0.041440277698242434,True,False
5175,0.5692933784297689,0.679541992214003,0.11024861378423412,True,False
5176,0.5479358076633922,0.6037562156332529,0.05582040796986065,True,False
5177,0.5804208781221667,0.714067556954269,0.13364667883210235,True,False
5178,0.5714693838702848,0.6015718790284064,0.03010249515812158,True,False
5179,0.5578843757509288,0.770138834834663,0.2122544590837343,True,False
5180,0.5749362054942772,0.7990477799236679,0.22411157442939078,True,False
5181,0.5675595491032456,0.6856911832693285,0.11813163416608297,True,False
5182,0.5720081390041266,0.6407212286609995,0.06871308965687284,True,False
5183,0.572973693619318,0.67676154286059,0.10378784924127193,True,False
5184,0.5229717946889045,0.6319866101466293,0.10901481545772473,True,False
5185,0.5513776293947762,0.744568344777132,0.19319071538235577,True,False
5186,0.5755360054545374,0.5262102193882691,-0.04932578606626836,False,False
5187,0.5003146663054515,0.6658940897905155,0.16557942348506394,True,False
5188,0.5590241043501881,0.7742290136780094,0.21520490932782133,True,False
5189,0.5402770600634041,0.8517719494738021,0.31149488941039793,True,False
5190,0.5633756554134114,0.6512292513333411,0.0878535959199297,True,False
5191,0.561939778390085,0.7167078427632495,0.15476806437316448,True,False
5192,0.5364503717866257,0.7364250204477747,0.199974648661149,True,False
5193,0.578598933810545,0.7614715646487726,0.1828726308382277,True,False
5194,0.5636213071182895,0.7758720310976065,0.212250723979317,True,False
5195,0.5622437193046208,0.8539592170266145,0.2917154977219937,True,False
5196,0.5544494669154972,0.7986071345985073,0.24415766768301006,True,False
5197,0.5764403751483218,0.813263987136176,0.23682361198785418,True,False
5198,0.5678600643753038,0.7273327770253539,0.15947271265005014,True,False
5199,0.5587513315072719,0.7013458809410907,0.14259454943381888,True,False
5200,0.5484739254988601,0.6759730654713869,0.12749913997252682,True,False
5201,0.5681765358887945,0.8434536619648698,0.27527712607607535,True,False
5203,0.564543305332597,0.6764744069000657,0.11193110156746866,True,False
5204,0.5878966711757885,0.5226635213656189,-0.06523314981016959,False,False
5205,0.5361495167229727,0.6820249224567934,0.14587540573382063,True,False
5206,0.5734644300417736,0.8250278487215169,0.2515634186797433,True,False
5207,0.5406623180341031,0.6988741102371305,0.1582117922030274,True,False
5208,0.5624757041707774,0.7006568463496327,0.13818114217885524,True,False
5209,0.5269145792403915,0.7699250512968087,0.24301047205641713,True,False
5210,0.5319866684881032,0.8297452681000844,0.29775859961198126,True,False
5211,0.5754394238310174,0.7831533947983372,0.2077139709673198,True,False
5212,0.5394045472447203,0.898164359446181,0.3587598122014607,True,False
5213,0.5789623788809604,0.7197036118018209,0.1407412329208605,True,False
5214,0.5545789326923432,0.874696890464322,0.3201179577719788,True,False
5215,0.5500877683249289,0.9577612513559135,0.4076734830309846,True,False
5216,0.5413403669800941,0.7718038035643986,0.23046343658430446,True,False
5217,0.539182129758644,0.6952575859607976,0.15607545620215357,True,False
5218,0.5660350729103905,0.5423781092074481,-0.023656963702942346,False,False
5219,0.5251422830720902,0.7067970771208245,0.1816547940487343,True,False
5220,0.5466888642437864,0.6634903487449024,0.11680148450111605,True,False
5221,0.558951070755495,0.6406935948822096,0.08174252412671457,True,False
5222,0.5544129993018223,0.80413537349942,0.24972237419759769,True,False
5223,0.5331976267138847,0.6851402534891649,0.15194262677528014,True,False
5224,0.5383383683928802,0.8039067109541668,0.2655683425612866,True,False
5225,0.5492684485357566,0.6951180119862091,0.14584956345045252,True,False
5226,0.5714396305838426,0.7018062670750497,0.13036663649120706,True,False
5227,0.5535138068738796,0.5256192837934714,-0.027894523080408185,False,False
5228,0.53178664297118,0.8795403682505704,0.3477537252793904,True,False
5229,0.5213646022569748,0.6985988899207614,0.17723428766378657,True,False
5230,0.5447897114982052,0.6893658568928878,0.14457614539468255,True,False
5231,0.543925058900154,0.84823498116362,0.304309922263466,True,False
5232,0.5650961735792633,0.7932522871745756,0.2281561135953123,True,False
5233,0.5585536704522182,0.7870379133076297,0.22848424285541158,True,False
5234,0.5389936281567131,0.7228085884221997,0.1838149602654866,True,False
5235,0.6029900728065396,0.8488189857802197,0.24582891297368015,True,False
5236,0.5870751232250685,0.6939585960250176,0.10688347279994914,True,False
5237,0.560862547764296,0.797059889189926,0.23619734142562998,True,False
5238,0.5499515348430658,0.7004270541928768,0.15047551934981096,True,False
5239,0.5579855541897148,0.687029697807921,0.12904414361820615,True,False
5240,0.5546358397242367,0.7196982487374652,0.16506240901322855,True,False
5241,0.5777595581375191,0.7600398433423,0.1822802852047809,True,False
5242,0.5676613067202446,0.6839980817021009,0.11633677498185624,True,False
5243,0.5074864776105041,0.5569540874824385,0.049467609871934326,True,False
5244,0.5513995101597776,0.5414397489466359,-0.009959761213141682,False,False
5245,0.5624729754914807,0.6405780336942918,0.0781050582028111,True,False
5246,0.5295466888802579,0.6448410595016624,0.11529437062140446,True,False
5247,0.5344551728831687,0.804367807192639,0.2699126343094703,True,False
5248,0.5646904107426556,0.6423316981937015,0.07764128745104593,True,False
5249,0.5749686952528168,0.613349783774944,0.03838108852212718,True,False
5250,0.5757110777982658,0.6206206908731848,0.04490961307491903,True,False
5251,0.5622239202303084,0.7888547480212964,0.22663082779098798,True,False
5252,0.589324853323273,0.8473821370341029,0.2580572837108299,True,False
5253,0.5437672915292393,0.7595941198716233,0.21582682834238398,True,False
5254,0.5243855368229312,0.6141755284535647,0.0897899916306335,True,False
5255,0.5561483143417028,0.8308589418051276,0.2747106274634249,True,False
5256,0.5450765306509476,0.726568125108824,0.18149159445787633,True,False
5257,0.4863681004807701,0.7238662336544657,0.23749813317369556,True,False
5258,0.5860429390972626,0.6767913865140487,0.09074844741678612,True,False
5259,0.5446315889680156,0.8470626399839364,0.3024310510159208,True,False
5260,0.5434792170525903,0.7720513346367691,0.22857211758417884,True,False
5261,0.5587330542370035,0.8332985626142722,0.2745655083772687,True,False
5262,0.5608167906595035,0.5269758988691104,-0.03384089179039307,False,False
5263,0.5561431668778313,0.67703032554283,0.12088715866499877,True,False
5264,0.5633778964873855,0.8098057615869795,0.24642786509959402,True,False
5265,0.5123548991579215,0.7144074158640179,0.20205251670609636,True,False
5266,0.592175726801221,0.6464195911745361,0.054243864373315076,True,False
5267,0.5674829996485512,0.7592370161927365,0.19175401654418534,True,False
5268,0.5850001199236913,0.6615978039843159,0.07659768406062462,True,False
5269,0.5265183573720374,0.7628841354607037,0.2363657780886662,True,False
5270,0.5598955151548917,0.5682465694714499,0.008351054316558248,True,False
5271,0.5815423241643976,0.7411579050813216,0.15961558091692407,True,False
5272,0.5589359452970314,0.7457864549572235,0.18685050966019212,True,False
5273,0.5277175127814153,0.8156533923059839,0.28793587952456856,True,False
5274,0.560105012563509,0.833003624192082,0.272898611628573,True,False
5275,0.5768571866074417,0.6739139362025653,0.09705674959512367,True,False
5276,0.5575323946694616,0.7669056687296721,0.20937327406021056,True,False
5277,0.5275274891077515,0.7703955021667516,0.24286801305900008,True,False
5278,0.5493966499833651,0.7300175838615212,0.18062093387815603,True,False
5279,0.5670786253109286,0.7970875950662818,0.23000896975535323,True,False
5280,0.5791975497989561,0.5763520646996892,-0.0028454850992668534,False,False
5281,0.576836331533884,0.7337643171091235,0.15692798557523946,True,False
5282,0.5628282038724497,0.5036984571964583,-0.05912974667599136,False,False
5283,0.5491319002309593,0.7290206676096287,0.17988876737866943,True,False
5284,0.5543741153929905,0.6711731788602892,0.11679906346729862,True,False
5285,0.5723004935982107,0.6377378023539568,0.06543730875574616,True,False
5286,0.5286615416144952,0.7942029351931219,0.2655413935786267,True,False
5287,0.523429475966212,0.6358176175389407,0.1123881415727287,True,False
5288,0.5635565010674713,0.6661744709341468,0.10261796986667548,True,False
5289,0.5467384789586999,0.7506718158747812,0.2039333369160813,True,False
5290,0.5443255645475409,0.7321367934120018,0.1878112288644609,True,False
5291,0.560573238792276,0.8370832956631489,0.2765100568708728,True,False
5292,0.5374697010376014,0.8959545731850854,0.35848487214748403,True,False
5293,0.5723945369786694,0.8027366811597747,0.23034214418110532,True,False
5294,0.5411604504131995,0.783801661004961,0.24264121059176147,True,False
5295,0.5381033109774249,0.5668337289055276,0.028730417928102714,True,False
5296,0.575722338029848,0.8613018312425206,0.2855794932126726,True,False
5297,0.5527499908784799,0.6132982583530536,0.06054826747457376,True,False
5298,0.541512886759396,0.5513845040851814,0.009871617325785342,True,False
5299,0.5518635657010618,0.7576846537817014,0.2058210880806396,True,False
5300,0.5709302391575347,0.7835159593760112,0.21258572021847644,True,False
5301,0.5929215892755352,0.7005851535205933,0.10766356424505807,True,False
5302,0.5222877989888641,0.7722450293827208,0.24995723039385664,True,False
5303,0.5417377465234995,0.8741382787445015,0.33240053222100197,True,False
5305,0.57694253638497,0.5543696215633291,-0.02257291482164081,False,False
5306,0.5265700396667584,0.742369486883469,0.21579944721671063,True,False
5308,0.5610081595078058,0.691229019418825,0.13022085991101917,True,False
5309,0.5354334932476865,0.7129369498141743,0.1775034565664878,True,False
5310,0.5746706097081707,0.8651042668917308,0.29043365718356007,True,False
5311,0.5483942370653997,0.9013307897427258,0.35293655267732615,True,False
5312,0.5570312870028953,0.6410559829947216,0.08402469599182627,True,False
5313,0.5731436840143926,0.605782999768082,0.03263931575368939,True,False
5314,0.5546753216343514,0.5411303006186245,-0.013545021015726855,False,False
5315,0.5167268333258338,0.8987952859324053,0.3820684526065715,True,False
5316,0.568966978879581,0.7725574821688689,0.20359050328928785,True,False
5317,0.5424133095090415,0.7037761736869372,0.1613628641778957,True,False
5318,0.539254953598504,0.667559139077258,0.128304185478754,True,False
5319,0.5198682879973133,0.5841987211252353,0.06433043312792197,True,False
5321,0.5452900184626203,0.7353040756095363,0.190014057146916,True,False
5322,0.5592244977693436,0.7210361343622537,0.1618116365929101,True,False
5323,0.5277371390140837,0.754623417772359,0.22688627875827527,True,False
5324,0.563775570521874,0.7932541535640987,0.22947858304222468,True,False
5325,0.5633437003736181,0.7296873460423431,0.16634364566872495,True,False
5326,0.5477056021180057,0.29951928284191565,-0.24818631927609003,False,False
5327,0.5595867836119567,0.6189978310558515,0.059411047443894804,True,False
5328,0.5695594213375554,0.7012963477070715,0.13173692636951606,True,False
5329,0.5167822468674812,0.7385170952970618,0.22173484842958058,True,False
5330,0.5674267307993973,0.7400961741946244,0.17266944339522705,True,False
5331,0.6114440944454321,0.7445701464949547,0.13312605204952255,True,False
5332,0.5512717165964228,0.6216365360199134,0.0703648194234906,True,False
5333,0.5467397335525702,0.7413492519473079,0.19460951839473772,True,False
5334,0.5488288905909096,0.7134849338827695,0.1646560432918599,True,False
5335,0.5610415790813201,0.778767291918182,0.21772571283686182,True,False
5336,0.5616508725589818,0.641859248314792,0.08020837575581019,True,False
5337,0.5772791177202357,0.6360553845804874,0.058776266860251725,True,False
5338,0.5762422918312168,0.44320269554976816,-0.13303959628144862,False,False
5339,0.5708587767343363,0.8509452112745376,0.2800864345402013,True,False
5340,0.5743485913998261,0.6259421340104367,0.051593542610610665,True,False
5341,0.5719951469403783,0.393669229965985,-0.17832591697439332,False,False
5342,0.552478348235423,0.6928786758519283,0.14040032761650534,True,False
5343,0.5383353872749523,0.7179670474325881,0.17963166015763576,True,False
5344,0.5298839758981171,0.6819604715722957,0.15207649567417858,True,False
5345,0.5686907255839736,0.5594852337480749,-0.009205491835898694,False,False
5346,0.5537059331647014,0.6769786296944965,0.12327269652979511,True,False
5347,0.5511465800676134,0.6721348062411682,0.12098822617355476,True,False
5348,0.5731697164360223,0.3554539407175534,-0.21771577571846895,False,False
5349,0.5380524350248019,0.7068462422896072,0.1687938072648053,True,False
5350,0.5224417943353032,0.7375408950922806,0.21509910075697736,True,False
5351,0.5655562612576566,0.7044846484334725,0.1389283871758159,True,False
5352,0.5436556466146163,0.6972832558808439,0.15362760926622765,True,False
5353,0.5633761166519191,0.7441569653388485,0.18078084868692934,True,False
5354,0.4962787798895276,0.631746293386953,0.13546751349742536,True,False
5355,0.5454674251176841,0.7774193167839232,0.23195189166623909,True,False
5356,0.5769665620768584,0.668682773830603,0.09171621175374467,True,False
5357,0.5826768451509664,0.614092712193293,0.03141586704232657,True,False
5358,0.5892753821683279,0.7863473526781889,0.19707197050986103,True,False
5359,0.566738420299931,0.6810992512857414,0.1143608309858104,True,False
5360,0.559656579678687,0.5285172752120612,-0.031139304466625828,False,False
5361,0.5658086085859056,0.6449347543719844,0.0791261457860788,True,False
5362,0.5832105831549207,0.8475911473426551,0.26438056418773437,True,False
5363,0.5676165987861409,0.5428047899313714,-0.024811808854769524,False,False
5364,0.5684146924817894,0.6201849877022488,0.051770295220459395,True,False
5365,0.5489433808999553,0.4583857623052715,-0.09055761859468381,False,False
5366,0.5100560787856385,0.6884638039395498,0.17840772515391123,True,False
5367,0.5641641009395209,0.7935812508184834,0.22941714987896256,True,False
5368,0.5450049834703987,0.6216535971268228,0.07664861365642406,True,False
5369,0.5562979343758612,0.8102860312621253,0.2539880968862641,True,False
5370,0.5583326368040751,0.6742427193437512,0.11591008253967616,True,False
5371,0.5815975758637347,0.7354512200115085,0.1538536441477738,True,False
5372,0.5278332597164579,0.6162274069544017,0.08839414723794381,True,False
5373,0.5471611303493894,0.8401124046400261,0.2929512742906367,True,False
5374,0.571283983507512,0.7124425484899138,0.14115856498240187,True,False
5375,0.59785280852627,0.7069969601721363,0.10914415164586633,True,False
5376,0.5347345754282187,0.7617601423755436,0.2270255669473249,True,False
5377,0.546399159312011,0.7974985329556715,0.25109937364366053,True,False
5378,0.5391427827854371,0.6593230984399874,0.12018031565455023,True,False
5379,0.5772825087918353,0.620678769992621,0.04339626120078566,True,False
5380,0.5692302438624152,0.9314162811185127,0.36218603725609755,True,False
5381,0.5577881868547694,0.7512034317331768,0.19341524487840744,True,False
5382,0.5432253811102905,0.5942851963479988,0.051059815237708306,True,False
5383,0.5299700905430959,0.9329884033993304,0.4030183128562346,True,False
5384,0.5636086989024881,0.7301779197401753,0.16656922083768722,True,False
5385,0.5550503427285047,0.8091947634983303,0.2541444207698256,True,False
5386,0.5868039706161966,0.6331748716524082,0.046370901036211554,True,False
5387,0.4939548631344302,0.728761667722384,0.23480680458795383,True,False
5388,0.5750504511864447,0.7488125105050865,0.17376205931864175,True,False
5389,0.5845481933525207,0.7371195875690038,0.15257139421648303,True,False
5390,0.5766813478262142,0.755524177254908,0.17884282942869378,True,False
5391,0.5465736660675532,0.5841324899853659,0.037558823917812734,True,False
5392,0.5717428195240121,0.7685820270364201,0.19683920751240802,True,False
5393,0.5223269908689994,0.4962741688154585,-0.02605282205354087,False,False
5394,0.5314272018816418,0.6969264907411278,0.16549928885948595,True,False
5395,0.5353967291045685,0.7445457611872833,0.20914903208271485,True,False
5396,0.5361221217111928,0.6576455333509891,0.1215234116397963,True,False
5397,0.5419235222506462,0.8008210378410209,0.25889751559037466,True,False
5398,0.5722720976336971,0.45814204186619606,-0.11413005576750107,False,False
5399,0.5553002143312551,0.5364014855424943,-0.018898728788760755,False,False
5400,0.5627101744036254,0.5309918563998617,-0.03171831800376368,False,False
5401,0.49981661083279055,0.6813088595818916,0.18149224874910103,True,False
5402,0.558403733120558,0.7328379668327277,0.1744342337121697,True,False
5403,0.5561442215688487,0.6011140824425745,0.04496986087372579,True,False
5404,0.5072200698759324,0.7457494632934752,0.23852939341754287,True,False
5405,0.5563377971121531,0.730865661958126,0.17452786484597282,True,False
5406,0.5438783217922151,0.7591012168138717,0.2152228950216566,True,False
5407,0.5277196663428942,0.8355190191044312,0.3077993527615369,True,False
5408,0.5437324518631219,0.6964273061362387,0.1526948542731168,True,False
5409,0.5224089353217194,0.5734775886626647,0.05106865334094535,True,False
5410,0.5339641078590358,0.670906624234905,0.13694251637586918,True,False
5411,0.5553889308793978,0.7380647133251954,0.18267578244579763,True,False
5412,0.5855098420570323,0.7848942597747512,0.19938441771771898,True,False
5413,0.5330884709916869,0.7733035047281649,0.240215033736478,True,False
5414,0.5535986663444029,0.44245283134363633,-0.11114583500076658,False,False
5415,0.5328944907827683,0.6709704617607315,0.1380759709779632,True,False
5416,0.5646244205174692,0.8543692807074006,0.2897448601899314,True,False
5417,0.5417885231071613,0.7052652070626084,0.16347668395544712,True,False
5418,0.5547458787704052,0.8119526772078802,0.25720679843747507,True,False
5419,0.5808853350894378,0.7760191472902954,0.19513381220085757,True,False
5420,0.5546242019884461,0.32104768449820437,-0.23357651749024172,False,False
5421,0.5768258770305509,0.7575143460898719,0.180688469059321,True,False
5422,0.545331225141565,0.5320919385939233,-0.013239286547641615,False,False
5423,0.5154288045557744,0.8659211556237031,0.35049235106792864,True,False
5424,0.5644924041937192,0.8077397897230446,0.24324738552932545,True,False
5425,0.5524872562189121,0.7448268590329501,0.19233960281403795,True,False
5426,0.5332097010391597,0.5771450191453436,0.043935318106183896,True,False
5427,0.5420569611709961,0.7862294253937862,0.24417246422279004,True,False
5428,0.5594565096641354,0.7455439885918524,0.18608747892771704,True,False
5429,0.5765547383927625,0.696324658528137,0.11976992013537446,True,False
5430,0.5183683608678747,0.5063184073879963,-0.012049953479878472,False,False
5431,0.5658173093686758,0.6972673433633898,0.131450033994714,True,False
5432,0.5455802627280687,0.7359133876855947,0.19033312495752597,True,False
5433,0.5821294157325982,0.7411791936828048,0.15904977795020658,True,False
5434,0.5644833664975297,0.7920597888267477,0.22757642232921793,True,False
5435,0.5488205014069361,0.6427375106797337,0.09391700927279767,True,False
5436,0.5418987719938501,0.6319197392042548,0.09002096721040476,True,False
5437,0.5459324523314476,0.8013854905493234,0.2554530382178758,True,False
5438,0.5660622964016818,0.6716793769658108,0.105617080564129,True,False
5439,0.5683851488333154,0.73939834241243,0.1710131935791146,True,False
5440,0.5846549302924704,0.7182809884586576,0.13362605816618722,True,False
5441,0.5596936559514378,0.6826858764841653,0.12299222053272751,True,False
5442,0.5657353546030921,0.7359139322958219,0.17017857769272982,True,False
5443,0.5283669853691605,0.5393410987483803,0.01097411337921983,True,False
5444,0.5685593564286813,0.6598365379009957,0.09127718147231445,True,False
5445,0.5323581827950846,0.7642172799895929,0.23185909719450826,True,False
5446,0.5498920300323643,0.8208631407738798,0.2709711107415155,True,False
5447,0.5709250250878992,0.7076964755935102,0.13677145050561101,True,False
5448,0.539614799598275,0.699255955456348,0.15964115585807304,True,False
5449,0.580288051401296,0.6507899908344695,0.07050193943317351,True,False
5450,0.5535214701361487,0.723552299812076,0.1700308296759273,True,False
5451,0.5377518285167366,0.7965582877384813,0.2588064592217446,True,False
5452,0.5368273079220112,0.769370667864973,0.23254335994296182,True,False
5453,0.5508299009228702,0.7609959352274777,0.21016603430460745,True,False
5454,0.5568654969252919,0.7998396726156984,0.24297417569040658,True,False
5455,0.54958454967806,0.4890751367247371,-0.060509412953322905,False,False
5456,0.5634537399023152,0.7685430789663238,0.2050893390640086,True,False
5457,0.532186242783729,0.715070320067274,0.18288407728354505,True,False
5458,0.529292843173848,0.7401370129197646,0.2108441697459167,True,False
5459,0.5550555789095741,0.5294705686738485,-0.02558501023572568,False,False
5460,0.5765426683627068,0.7551867340471049,0.17864406568439806,True,False
5461,0.6084250722127641,0.6653125576563832,0.0568874854436191,True,False
5462,0.5261892465191029,0.4328476007883599,-0.09334164573074305,False,False
5463,0.5745343252144296,0.7912755480326225,0.21674122281819286,True,False
5464,0.561034885519225,0.7725838818041296,0.21154899628490464,True,False
5465,0.5565423754352131,0.8451130868744394,0.2885707114392263,True,False
5466,0.543043813622056,0.745311712679751,0.20226789905769504,True,False
5467,0.5435198858468419,0.6824824799787007,0.13896259413185885,True,False
5468,0.5413633986835122,0.5848659752952428,0.043502576611730515,True,False
5469,0.5567881836752819,0.831449765110702,0.2746615814354201,True,False
5470,0.5330674414617055,0.7853083511936705,0.252240909731965,True,False
5471,0.5586727388721386,0.7602569906297538,0.20158425175761518,True,False
5472,0.5558537536259476,0.8028537426369154,0.24699998901096787,True,False
5473,0.5803257810166721,0.6582059529667561,0.07788017195008401,True,False
5474,0.5549540755667192,0.8305194840711655,0.27556540850444633,True,False
5475,0.5334253731733206,0.7468343324962391,0.21340895932291848,True,False
5476,0.5663010110080803,0.9268010534931591,0.36050004248507883,True,False
5477,0.558644088147472,0.7682365567762682,0.2095924686287962,True,False
5478,0.5463254623016357,0.6771082793456156,0.13078281704397987,True,False
5479,0.55525396413905,0.6995768160985869,0.14432285195953687,True,False
5480,0.574450806459483,0.6889805193927991,0.11452971293331615,True,False
5481,0.5366053200903348,0.5570595174714261,0.020454197381091332,True,False
5482,0.5565567742414934,0.7544325869616736,0.19787581272018018,True,False
5483,0.5429690535377957,0.6693374332032166,0.12636837966542092,True,False
5484,0.5377541701517196,0.7849178523341707,0.2471636821824511,True,False
5485,0.5679216493028464,0.8558254566546138,0.28790380735176746,True,False
5486,0.5545221540184437,0.7002664718372001,0.1457443178187564,True,False
5487,0.5472987483389344,0.6626333360774571,0.11533458773852268,True,False
5488,0.5583030039138749,0.7737438637564883,0.2154408598426134,True,False
5489,0.5446053225190827,0.734967504081369,0.19036218156228635,True,False
5490,0.5696180577031709,0.7447204572070077,0.17510239950383688,True,False
5491,0.548499446435152,0.722057733833105,0.17355828739795298,True,False
5492,0.5595625416923911,0.66234386428956,0.10278132259716899,True,False
5493,0.5658661068643154,0.772470909836976,0.2066048029726606,True,False
5494,0.5740432038490028,0.7349080216959393,0.16086481784693651,True,False
5495,0.5710933205958498,0.6668913894044675,0.09579806880861763,True,False
5496,0.5217515491136568,0.5372764740200207,0.015524924906363813,True,False
5497,0.5884023653755528,0.6152996653446019,0.026897299969049104,True,False
5498,0.5636671081316051,0.7132153736592691,0.14954826552766398,True,False
5499,0.5621471434048677,0.665992017579623,0.1038448741747553,True,False
5500,0.5781316510759759,0.7840186950944017,0.20588704401842584,True,False
5501,0.5289208896286433,0.5874064563010873,0.05848556667244409,True,False
5502,0.5654483052255903,0.6809163669884682,0.11546806176287794,True,False
5503,0.5622124382022978,0.7491383204727531,0.18692588227045526,True,False
5504,0.5409845580966823,0.6345030758542533,0.09351851775757092,True,False
5505,0.5469905442062271,0.635563192337313,0.0885726481310859,True,False
5506,0.6009005460072815,0.7272390632427701,0.1263385172354886,True,False
5507,0.5561903973394839,0.5308657463385468,-0.02532465100093717,False,False
5508,0.5736277964657297,0.6257754220369168,0.05214762557118713,True,False
5509,0.5688553709752115,0.6707681341518373,0.10191276317662579,True,False
5510,0.5379158067579242,0.8478218902231245,0.3099060834652003,True,False
5511,0.5689002757947172,0.6878251656666746,0.11892488987195737,True,False
5512,0.5506118400910183,0.5954961388421793,0.04488429875116107,True,False
5513,0.5343649365468844,0.7329035288258968,0.19853859227901238,True,False
5514,0.5573138666549304,0.43594434409023314,-0.1213695225646973,False,False
5515,0.5837946817415307,0.8657040280026682,0.2819093462611375,True,False
5516,0.5598734167461946,0.6251915705568616,0.06531815381066697,True,False
5517,0.503441435917757,0.8219020607059367,0.3184606247881797,True,False
5518,0.5858166624017496,0.5454845197971364,-0.04033214260461315,False,False
5519,0.5768871640152977,0.6980920940131694,0.12120492999787169,True,False
5520,0.5815314482755235,0.6991435001817542,0.1176120519062307,True,False
5521,0.5291872515229182,0.6419186766293103,0.11273142510639211,True,False
5522,0.5515222730908972,0.6704413923942872,0.11891911930339005,True,False
5523,0.557669779617743,0.7291059878734474,0.17143620825570438,True,False
5524,0.5471903170466121,0.5810971106242059,0.03390679357759374,True,False
5525,0.5176325943616639,0.6696271266319977,0.15199453227033388,True,False
5526,0.5373729332594751,0.752727330309522,0.2153543970500469,True,False
5527,0.5878589510129071,0.656636340555091,0.06877738954218393,True,False
5528,0.5710528925683301,0.8369365992628273,0.2658837066944971,True,False
5529,0.575627998479088,0.6721518799443154,0.09652388146522739,True,False
5530,0.5607914825572906,0.6833207399632168,0.12252925740592624,True,False
5531,0.5429051512834863,0.5132848708966659,-0.029620280386820408,False,False
5532,0.5444705522159794,0.44338129095425816,-0.10108926126172124,False,False
5533,0.5629226147887849,0.9469399964703898,0.38401738168160493,True,False
5534,0.5355799261440337,0.5018754190259181,-0.03370450711811557,False,False
5535,0.5533451831112066,0.8370308989417037,0.28368571583049706,True,False
5536,0.5422041946811642,0.6750615447871628,0.13285735010599864,True,False
5537,0.5494176063762816,0.819129527612332,0.2697119212360505,True,False
5538,0.5371903156384162,0.7427883007626324,0.20559798512421612,True,False
5539,0.5262600564739252,0.7716238265804494,0.24536377010652421,True,False
5540,0.5626751801585363,0.8626733626934023,0.299998182534866,True,False
5541,0.5930512248125401,0.8912977253911041,0.29824650057856394,True,False
5542,0.5655528800348765,0.8313703924186397,0.2658175123837633,True,False
5543,0.5563095549456084,0.6788015836902582,0.12249202874464982,True,False
5544,0.5598946013353131,0.7457747544600615,0.18588015312474837,True,False
5545,0.5678775566494708,0.6872302153130854,0.11935265866361455,True,False
5546,0.5610705439164093,0.6168554045696429,0.055784860653233626,True,False
5547,0.5868756443677628,0.6312748236606824,0.04439917929291959,True,False
5548,0.5661039440293352,0.6834887363216945,0.11738479229235932,True,False
5549,0.5639424420612809,0.6935475441771244,0.12960510211584353,True,False
5550,0.5482879364520347,0.6520708753620432,0.10378293891000856,True,False
5551,0.5582583381862833,0.49032335954634754,-0.0679349786399358,False,False
5552,0.5743669181582034,0.5632952614281374,-0.011071656730066048,False,False
5553,0.5257579583805104,0.6794364894271469,0.15367853104663642,True,False
5554,0.5893164787617541,0.6750159403678739,0.08569946160611985,True,False
5555,0.5470867252993413,0.6476297758453213,0.10054305054598,True,False
5556,0.5675248585453972,0.62347303448432,0.05594817593892276,True,False
5557,0.5318846874829481,0.7958304457591509,0.2639457582762027,True,False
5558,0.5472452026121688,0.647078888285823,0.09983368567365425,True,False
5559,0.5480333634667747,0.7325227262303153,0.18448936276354067,True,False
5560,0.5377942695434128,0.7171955311458938,0.17940126160248104,True,False
5561,0.5576363700470428,0.6429096055625283,0.08527323551548549,True,False
5562,0.5810397051538737,0.6959555380438535,0.11491583288997975,True,False
5563,0.5469988854961612,0.8914159513496251,0.344417065853464,True,False
5565,0.5637127814407347,0.6137666699246694,0.05005388848393477,True,False
5566,0.560097568994255,0.7574063562088179,0.1973087872145629,True,False
5567,0.5453630495992111,0.757934112070875,0.2125710624716639,True,False
5568,0.5938147955621683,0.5991563355163276,0.005341539954159313,True,False
5569,0.5702524234799454,0.6372389382315035,0.06698651475155804,True,False
5570,0.5582184874909444,0.7569535348939038,0.19873504740295944,True,False
5571,0.5340681975458114,0.7660990438028846,0.23203084625707326,True,False
5572,0.5513273242321294,0.8940913905559486,0.34276406632381917,True,False
5573,0.5505478840846143,0.7889539167608596,0.23840603267624527,True,False
5574,0.535484313244805,0.7357956165499161,0.20031130330511104,True,False
5575,0.5567022941340509,0.6442050412356579,0.08750274710160699,True,False
5576,0.5603667865166411,0.658703001786988,0.09833621527034697,True,False
5577,0.5775555006359283,0.8164735298703314,0.23891802923440308,True,False
5578,0.5739060263238461,0.7284179375421527,0.15451191121830654,True,False
5579,0.5396473456388446,0.47471992725191015,-0.0649274183869345,False,False
5580,0.5404873309867905,0.6360630051890571,0.09557567420226665,True,False
5581,0.5459867117131855,0.6892568422354891,0.14327013052230364,True,False
5582,0.5280671399406751,0.7986584777114234,0.2705913377707483,True,False
5583,0.546114242915512,0.722710166461873,0.176595923546361,True,False
5584,0.5069093816554774,0.5750027954922681,0.06809341383679068,True,False
5585,0.493776633812617,0.7266472923558998,0.23287065854328276,True,False
5586,0.5576949384643264,0.7934642961804805,0.23576935771615415,True,False
5587,0.5620483979438733,0.7731665153357132,0.21111811739183994,True,False
5588,0.5343975848775855,0.7490229866749104,0.21462540179732492,True,False
5589,0.5054020545008826,0.6333877239538168,0.12798566945293421,True,False
5590,0.5559262343404348,0.7789397906149208,0.22301355627448605,True,False
5591,0.5434591221968734,0.767274006865584,0.22381488466871058,True,False
5592,0.5347192834900981,0.8485673674490897,0.31384808395899155,True,False
5593,0.5986554055547164,0.6848356699095213,0.08618026435480486,True,False
5594,0.5460344066906676,0.7318836428603569,0.1858492361696893,True,False
5595,0.5543556593292124,0.7901705206394251,0.23581486131021268,True,False
5596,0.5269951425883395,0.7558712109213611,0.22887606833302165,True,False
5597,0.5274586114692622,0.8469794689601937,0.3195208574909315,True,False
5598,0.5209245532469647,0.6054024681019774,0.08447791485501266,True,False
5599,0.5476904875346463,0.6314299790669284,0.0837394915322821,True,False
5600,0.5437668277377641,0.5926745415764172,0.04890771383865311,True,False
5601,0.5256794814610936,0.7149535433928615,0.189274061931768,True,False
5602,0.5466632300526616,0.7761428947783074,0.22947966472564585,True,False
5603,0.52580653593131,0.6930811312750932,0.1672745953437832,True,False
5604,0.524997470844259,0.7131660978451927,0.18816862700093373,True,False
5605,0.532973574112023,0.6270914269947452,0.09411785288272223,True,False
5606,0.586079901669863,0.7153471298710297,0.12926722820116665,True,False
5607,0.5545546476754152,0.6052109983260578,0.05065635065064267,True,False
5608,0.566338082316033,0.8348821385518562,0.2685440562358232,True,False
5609,0.5635743784931423,0.801672501657894,0.23809812316475176,True,False
5610,0.5514891940690717,0.721520277949041,0.17003108387996924,True,False
5611,0.5587428651814998,0.8296596422704319,0.270916777088932,True,False
5612,0.5710891355621994,0.7560871919857457,0.18499805642354628,True,False
5613,0.5803088813118462,0.7254974344699959,0.1451885531581497,True,False
5614,0.5277902418916876,0.563951963557202,0.03616172166551446,True,False
5615,0.5314896926180013,0.7889110993010647,0.25742140668306346,True,False
5616,0.5798840555444972,0.7910432643759242,0.21115920883142703,True,False
5617,0.5407330634214861,0.6386717640212066,0.09793870059972054,True,False
5618,0.5456601444283044,0.6780567261600513,0.13239658173174695,True,False
5619,0.5722464423218824,0.6091521496185566,0.036905707296674195,True,False
5620,0.5684261692067423,0.6745365523092286,0.10611038310248633,True,False
5621,0.5664788969562364,0.721804513741255,0.15532561678501855,True,False
5622,0.5553200266583411,0.7435337752538866,0.18821374859554552,True,False
5623,0.5704125948781902,0.7549572495257073,0.18454465464751713,True,False
5624,0.5840099279248956,0.854895427962557,0.27088550003766143,True,False
5625,0.555461589732978,0.711016821312391,0.15555523157941298,True,False
5626,0.5962305096718136,0.5731959738966013,-0.023034535775212306,False,False
5627,0.5493241268788204,0.7374096443331093,0.18808551745428892,True,False
5628,0.5787096463483364,0.8566488695066502,0.27793922315831376,True,False
5629,0.5406121021409143,0.8382286186664925,0.2976165165255782,True,False
5630,0.541140886882556,0.8278103219901028,0.28666943510754683,True,False
5631,0.5397875466808941,0.7836749161364184,0.24388736945552425,True,False
5632,0.5780107948162628,0.816368849526383,0.23835805471012017,True,False
5633,0.5539945428959662,0.9018811707007988,0.3478866278048326,True,False
5634,0.5481476582130401,0.6232805276943635,0.07513286948132336,True,False
5635,0.5431397689614164,0.6125585520298071,0.06941878306839078,True,False
5636,0.5379013677341593,0.7564466205011833,0.21854525276702397,True,False
5637,0.5515611597900257,0.7616081600745582,0.2100470002845325,True,False
5638,0.562340697341591,0.5152379426027253,-0.047102754738865715,False,False
5639,0.5788962671441076,0.8511921852836761,0.27229591813956855,True,False
5640,0.5807825217074993,0.5830644280901344,0.002281906382635035,True,False
5641,0.5458605633890943,0.6257239240556572,0.07986336066656297,True,False
5642,0.5718746562841425,0.5858453204211795,0.01397066413703707,True,False
5643,0.5056979109926545,0.7108368939387466,0.20513898294609212,True,False
5644,0.522287811315173,0.6203858408824955,0.0980980295673225,True,False
5645,0.5572744629498251,0.6763689933429965,0.11909453039317142,True,False
5646,0.5077981415558093,0.8155670378256915,0.30776889626988224,True,False
5647,0.5557163837482871,0.6489444281480302,0.09322804439974308,True,False
5648,0.5307399105821431,0.6856054736679885,0.15486556308584543,True,False
5649,0.5479474097421585,0.563883270428404,0.01593586068624553,True,False
5650,0.5431574420805921,0.7716833091556696,0.2285258670750775,True,False
5651,0.5343895172529493,0.5682889832452264,0.03389946599227711,True,False
5652,0.5592576627855687,0.4530218593290156,-0.10623580345655304,False,False
5653,0.5270217525807301,0.7156528925681699,0.18863113998743974,True,False
5654,0.5597115832002885,0.7082057374942968,0.14849415429400836,True,False
5655,0.553285297368026,0.5569800807941016,0.003694783426075543,True,False
5656,0.5441919961986175,0.6992098737926588,0.1550178775940413,True,False
5657,0.5859316370645333,0.6152639266617695,0.029332289597236216,True,False
5658,0.553328108746835,0.6520563958399135,0.09872828709307846,True,False
5659,0.5659229589123672,0.5791784684823168,0.013255509569949586,True,False
5660,0.5628323862259079,0.6428956935497987,0.08006330732389078,True,False
5661,0.5587521077270378,0.7629439089078593,0.20419180118082159,True,False
5662,0.5241525155713791,0.6553279665996686,0.13117545102828954,True,False
5663,0.5788210869796764,0.7618337933668988,0.18301270638722245,True,False
5664,0.5463899955697689,0.6997980431243086,0.15340804755453974,True,False
5665,0.5316152181618875,0.7699977107729375,0.23838249261105005,True,False
5666,0.5407536932840601,0.7914379720863138,0.25068427880225375,True,False
5667,0.5763887923318718,0.7673235461673124,0.19093475383544056,True,False
5668,0.5727407058596173,0.6137732455756344,0.04103253971601706,True,False
5669,0.5493428397824904,0.7088973492875127,0.15955450950502226,True,False
5670,0.5582750562360621,0.7965779035722079,0.23830284733614582,True,False
5671,0.5898395440344886,0.7424304297462644,0.15259088571177581,True,False
5672,0.5374244402510024,0.5450213077118015,0.007596867460799017,True,False
5673,0.5890121324601282,0.7607000884288949,0.17168795596876674,True,False
5674,0.5562361760584262,0.8074934576031599,0.2512572815447337,True,False
5675,0.5346219748179702,0.7207792372054439,0.18615726238747365,True,False
5676,0.5485553441121264,0.4823993132412223,-0.06615603087090405,False,False
5677,0.5488136258610692,0.7705044432425339,0.22169081738146468,True,False
5678,0.5496803539551844,0.7721903028803137,0.2225099489251292,True,False
5679,0.5230397124893871,0.5241485279156884,0.0011088154263013683,True,False
5680,0.5796698786344965,0.6437333941292173,0.06406351549472078,True,False
5681,0.5663278499812041,0.4870487842141764,-0.0792790657670277,False,False
5682,0.5516829301433019,0.6765677065360168,0.12488477639271489,True,False
5683,0.5509045956481203,0.6628220957181729,0.11191750007005252,True,False
5684,0.5257981988471436,0.7145266509080261,0.1887284520608825,True,False
5685,0.534168019072652,0.7141954780769691,0.18002745900431716,True,False
5686,0.5113199180411387,0.8508969680646382,0.33957705002349947,True,False
5687,0.543968709885374,0.3926532012716013,-0.15131550861377274,False,False
5688,0.5593305122079104,0.696939713551396,0.13760920134348553,True,False
5689,0.5133510130619949,0.7437487072354753,0.23039769417348033,True,False
5690,0.554409008097294,0.8297878104059364,0.2753788023086424,True,False
5691,0.5549237499118084,0.6441358818280886,0.08921213191628019,True,False
5692,0.5606038260453854,0.7595550533638518,0.19895122731846637,True,False
5693,0.5911906086639303,0.8018677514955377,0.21067714283160743,True,False
5694,0.554096853732258,0.6794967583511985,0.12539990461894046,True,False
5695,0.5470078629306788,0.546446090131026,-0.0005617727996528599,False,False
5696,0.5541605407173581,0.7658912230872768,0.21173068236991865,True,False
5697,0.5300575639793248,0.5874187796891197,0.05736121570979491,True,False
5698,0.5288524991118442,0.6455524745674975,0.11669997545565336,True,False
5699,0.5725924253933798,0.8259584423679884,0.2533660169746086,True,False
5700,0.5622930965527237,0.6712132936843642,0.10892019713164047,True,False
5701,0.5344650150234449,0.7519181758804525,0.2174531608570076,True,False
5702,0.5414117663349527,0.6807507118442815,0.1393389455093288,True,False
5703,0.5605367956574994,0.7211316965541752,0.16059490089667583,True,False
5704,0.6084644188434396,0.7989462393039699,0.1904818204605303,True,False
5705,0.5952668408094519,0.7082532629889192,0.1129864221794673,True,False
5706,0.5593964928802765,0.6632010368594767,0.10380454397920025,True,False
5707,0.5864551618663076,0.6937159108447382,0.10726074897843052,True,False
5708,0.5853933732993787,0.7632685923991367,0.177875219099758,True,False
5709,0.5725545713275012,0.7878672028738272,0.21531263154632596,True,False
5710,0.5017527884442414,0.7971107162314784,0.295357927787237,True,False
5711,0.5621332933827372,0.4306413015576377,-0.13149199182509952,False,False
5712,0.5742179538438624,0.659055827904899,0.0848378740610366,True,False
5713,0.5817687172113066,0.7326610680291255,0.15089235081781882,True,False
5714,0.596558228221626,0.5171797478401887,-0.07937848038143724,False,False
5715,0.562792822967699,0.8255609166553718,0.26276809368767284,True,False
5716,0.5725283985665834,0.7085826060876314,0.1360542075210479,True,False
5717,0.5311484064998464,0.684560422831581,0.15341201633173462,True,False
5718,0.5722223853592194,0.6681814190413362,0.09595903368211678,True,False
5719,0.5771919625111845,0.6365744014175624,0.059382438906377844,True,False
5720,0.559930768037768,0.6309749746528878,0.07104420661511979,True,False
5721,0.5247307377582563,0.7843596421754693,0.259628904417213,True,False
5722,0.5411909969107892,0.8523730584304399,0.31118206151965067,True,False
5723,0.534892575509856,0.7536789261938798,0.21878635068402374,True,False
5724,0.6031923105031689,0.7552900989169927,0.15209778841382382,True,False
5725,0.5997068789434659,0.6460770720405813,0.04637019309711543,True,False
5726,0.5502612670659084,0.7974990773533077,0.24723781028739933,True,False
5727,0.5398762584666762,0.670422383775015,0.13054612530833876,True,False
5728,0.5569483686267945,0.4452185470650484,-0.11172982156174616,False,False
5729,0.602643710155434,0.28957130035104944,-0.3130724098043846,False,False
5730,0.5389784488856297,0.8624035843248267,0.32342513543919693,True,False
5731,0.5432432080399472,0.66708957744182,0.12384636940187277,True,False
5732,0.5449385302239504,0.8344980962046469,0.28955956598069643,True,False
5733,0.5761905152320876,0.7231751928500031,0.14698467761791545,True,False
5734,0.5660275849461859,0.7935720581484303,0.22754447320224447,True,False
5735,0.5843402125814297,0.8866302588815991,0.3022900463001694,True,False
5736,0.5491936243768148,0.7813258717076047,0.23213224733078985,True,False
5737,0.5460233572324543,0.7444532390167025,0.19842988178424814,True,False
5738,0.5439558700728266,0.6803216881272766,0.13636581805444992,True,False
5739,0.583123901651618,0.6479431150555596,0.06481921340394159,True,False
5740,0.5440893796392414,0.7295499210960369,0.18546054145679547,True,False
5741,0.5687993330829814,0.604931262462523,0.03613192937954168,True,False
5742,0.5783980206922876,0.7622301636443508,0.18383214295206318,True,False
5743,0.5760990864935651,0.8450775024138838,0.2689784159203187,True,False
5744,0.5329281197165746,0.7097792452288058,0.17685112551223114,True,False
5745,0.553118639856881,0.7579765682371795,0.20485792838029848,True,False
5746,0.5121226527409342,0.841057805128565,0.3289351523876308,True,False
5747,0.5425970979031364,0.7218851439433194,0.179288046040183,True,False
5748,0.6058321838724682,0.6618231767840848,0.05599099291161658,True,False
5749,0.5214675343364548,0.7467997008555748,0.22533216651912003,True,False
5750,0.5491045841003385,0.8417999281086432,0.29269534400830477,True,False
5751,0.5844663688601412,0.49473673489404607,-0.08972963396609518,False,False
5752,0.5480315006993015,0.6888598258846692,0.1408283251853677,True,False
5753,0.5558585304537995,0.6545896385137301,0.09873110805993057,True,False
5754,0.5373843563522206,0.7350700795746732,0.1976857232224526,True,False
5755,0.5534979324562839,0.5995790001990432,0.04608106774275933,True,False
5756,0.5888737240413833,0.6439624865535699,0.05508876251218664,True,False
5757,0.5700504364960944,0.8136781479837514,0.24362771148765694,True,False
5758,0.532145793154943,0.7850971185220257,0.25295132536708265,True,False
5759,0.5583070891946843,0.6836598328667588,0.1253527436720745,True,False
5760,0.5498032826887962,0.6879779023119783,0.13817461962318212,True,False
5761,0.5241411170501638,0.6867677461709187,0.16262662912075498,True,False
5762,0.5310607696557309,0.5841344729120617,0.05307370325633076,True,False
5763,0.5284203803646332,0.6744234659688485,0.14600308560421527,True,False
5764,0.5687631494915562,0.7682859863419663,0.19952283685041017,True,False
5765,0.5494810378378654,0.8124385823530436,0.26295754451517817,True,False
5766,0.5145876686266893,0.6309445242335948,0.11635685560690556,True,False
5767,0.5854892874625978,0.487156647012339,-0.09833264045025875,False,False
5768,0.5901816748477416,0.7023031087529366,0.11212143390519491,True,False
5769,0.5290515420408117,0.6563356179516341,0.12728407591082236,True,False
5770,0.543345784815281,0.7001443582194165,0.1567985734041355,True,False
5771,0.559003558885721,0.7468442517901209,0.18784069290439998,True,False
5772,0.5627056917457394,0.5751405528891281,0.012434861143388765,True,False
5773,0.5369565007165964,0.6495767112240252,0.11262021050742876,True,False
5774,0.5705091535765617,0.8081420783703408,0.23763292479377907,True,False
5775,0.5774283273010002,0.5771960726170046,-0.00023225468399568072,False,False
5776,0.5687943157359404,0.8086077034736797,0.2398133877377393,True,False
5777,0.567142165254908,0.8192557133661921,0.25211354811128406,True,False
5778,0.5556114547298818,0.6228379397704747,0.06722648504059292,True,False
5779,0.579540930418633,0.6289981010501496,0.04945717063151667,True,False
5780,0.5602364095383802,0.5477759425061495,-0.012460467032230693,False,False
5781,0.587801921290561,0.7043225335179167,0.11652061222735577,True,False
5782,0.5735631847435892,0.6128933995818624,0.03933021483827315,True,False
5783,0.5820811872920449,0.547138122412843,-0.03494306487920196,False,False
5784,0.5834346503641885,0.6953270915817963,0.11189244121760777,True,False
5785,0.5628021065382567,0.8183503774754941,0.2555482709372374,True,False
5786,0.536092585126468,0.7520265074451931,0.2159339223187251,True,False
5787,0.5675624997241485,0.7988154914029629,0.2312529916788144,True,False
5788,0.5215825630624511,0.6310723403473691,0.10948977728491804,True,False
5789,0.5213993079502849,0.6346720556404862,0.11327274769020135,True,False
5790,0.5490722704012929,0.7517022202253366,0.2026299498240437,True,False
5791,0.5191625377769888,0.7733622536183002,0.2541997158413114,True,False
5792,0.5701608642257847,0.7267501733258013,0.15658930910001656,True,False
5793,0.5872229560989548,0.8802105523447212,0.2929875962457664,True,False
5794,0.5156425933571165,0.4648238629112665,-0.05081873044585,False,False
5795,0.5165260084170228,0.6743603716331138,0.157834363216091,True,False
5796,0.5621141457828461,0.5321355421195312,-0.02997860366331495,False,False
5797,0.5788247589234957,0.715122682686952,0.13629792376345629,True,False
5798,0.5196602257554259,0.8074668959815258,0.28780667022609985,True,False
5799,0.5407006578078617,0.8296594795351961,0.28895882172733445,True,False
5800,0.5552454389250546,0.9128011694052109,0.3575557304801563,True,False
5801,0.5554755257571428,0.5736815440382855,0.018206018281142766,True,False
5802,0.5629635963172287,0.8422139987710996,0.2792504024538709,True,False
5803,0.5652669004923143,0.742285163975153,0.17701826348283867,True,False
5804,0.5541379385605343,0.7338448052717792,0.17970686671124492,True,False
5805,0.5044688662875061,0.7204654413760734,0.2159965750885673,True,False
5806,0.550572348037888,0.714015225825756,0.16344287778786803,True,False
5807,0.5170997709738278,0.812409634862738,0.29530986388891023,True,False
5808,0.56802756140678,0.8146856525423606,0.24665809113558057,True,False
5809,0.5675506295486585,0.6816613102412981,0.11411068069263952,True,False
5810,0.5493641435305454,0.752620074299274,0.2032559307687286,True,False
5811,0.5369627471201146,0.6761134326920178,0.13915068557190324,True,False
5812,0.520561850543114,0.6984027414070926,0.17784089086397858,True,False
5813,0.514693933240823,0.6666038099655327,0.15190987672470968,True,False
5814,0.5604647186809142,0.85132025807922,0.2908555393983058,True,False
5815,0.510597638125937,0.7433378934581302,0.23274025533219322,True,False
5816,0.5673402458954039,0.7201505149341378,0.15281026903873396,True,False
5817,0.55366597755654,0.4768194732195554,-0.07684650433698459,False,False
5818,0.5608647909960895,0.8539438846493859,0.2930790936532963,True,False
5819,0.5553149083123112,0.6908224155763066,0.1355075072639954,True,False
5820,0.5481401625539801,0.8449665423097151,0.296826379755735,True,False
5821,0.5323302164888036,0.810969850461307,0.27863963397250335,True,False
5822,0.5578815767653511,0.7856871401379778,0.2278055633726267,True,False
5823,0.5637322559756747,0.6951295827173745,0.1313973267416998,True,False
5824,0.5544822254535046,0.6276959580093447,0.07321373255584018,True,False
5825,0.5276885657944098,0.7321075179025657,0.20441895210815586,True,False
5826,0.5285367454867724,0.694473419992419,0.16593667450564653,True,False
5827,0.6033790041273044,0.49133741610278203,-0.11204158802452235,False,False
5828,0.596368920516586,0.4805293466142995,-0.11583957390228644,False,False
5829,0.5464782262234198,0.752082642458418,0.20560441623499826,True,False
5830,0.5658403720341493,0.8176071677353414,0.2517667957011921,True,False
5831,0.5803578164954389,0.6873636070536077,0.10700579055816872,True,False
5832,0.5546209818505575,0.7951899217750552,0.24056893992449768,True,False
5833,0.5960827936513661,0.6055428158631211,0.009460022211755015,True,False
5834,0.5574216438423296,0.8582849346170341,0.30086329077470453,True,False
5835,0.5628358007311501,0.8102739576518804,0.24743815692073023,True,False
5836,0.5714466021641396,0.8068867504465098,0.23544014828237025,True,False
5837,0.5646567649481407,0.47210452907854555,-0.0925522358695951,False,False
5838,0.5088775348705962,0.7060400239014316,0.19716248903083544,True,False
5839,0.5858519385457931,0.8078039187594497,0.22195198021365659,True,False
5840,0.5586638090206124,0.6791734247097939,0.1205096156891815,True,False
5841,0.5403809848224819,0.7206050027149046,0.1802240178924227,True,False
5842,0.5610016996236658,0.6873966404376334,0.12639494081396763,True,False
5843,0.5508062617695423,0.7042166987387091,0.15341043696916679,True,False
5844,0.5885414799464556,0.639924276798374,0.05138279685191849,True,False
5845,0.5159547746038249,0.800851471604007,0.28489669700018216,True,False
5846,0.5692749757900961,0.8308040166970887,0.2615290409069926,True,False
5847,0.5773070083423374,0.700580270882787,0.12327326254044957,True,False
5848,0.5774695910170988,0.7680098424063325,0.1905402513892337,True,False
5849,0.5639734341973417,0.7150487810837399,0.15107534688639823,True,False
5851,0.5700001368030976,0.6971022510703312,0.1271021142672336,True,False
5852,0.57428498225747,0.7331104721947499,0.15882548993727985,True,False
5853,0.5306414993138899,0.6978223872156192,0.16718088790172925,True,False
5854,0.6032367159101935,0.6481850414665601,0.04494832555636663,True,False
5855,0.5741575160037058,0.7522316592479535,0.17807414324424775,True,False
5856,0.5167484266948057,0.703892222522051,0.18714379582724527,True,False
5857,0.5548256402970143,0.5976958524179182,0.04287021212090392,True,False
5858,0.5753885244003781,0.6961843293126653,0.12079580491228714,True,False
5859,0.5861433740657165,0.7962454033671845,0.21010202930146804,True,False
5860,0.5413010695003448,0.6428137166822226,0.1015126471818778,True,False
5861,0.5135971154333885,0.7890679578316523,0.2754708423982638,True,False
5862,0.5731949994635701,0.657245757642319,0.08405075817874885,True,False
5863,0.5935906151342905,0.44650980289230646,-0.147080812241984,False,False
5864,0.5636503656377387,0.7251240000194846,0.1614736343817459,True,False
5865,0.5431309240777081,0.8820700343099798,0.33893911023227163,True,False
5866,0.5324246778939988,0.7717607291600346,0.23933605126603574,True,False
5867,0.5715715351159366,0.614955954671045,0.04338441955510841,True,False
5868,0.5802593264922007,0.8406064460734292,0.26034711958122847,True,False
5869,0.578224705417868,0.6589933194056518,0.08076861398778379,True,False
5870,0.5740992529956427,0.7801635378768712,0.20606428488122852,True,False
5871,0.5319676751814655,0.7523814946443359,0.22041381946287042,True,False
5872,0.5480173081137976,0.77989314247576,0.23187583436196246,True,False
5873,0.5940516196774889,0.7462931763092657,0.15224155663177685,True,False
5874,0.5527187504077219,0.7100270168584358,0.15730826645071394,True,False
5875,0.555744137786956,0.7964957543357362,0.2407516165487802,True,False
5876,0.5616225720626435,0.8313944709879297,0.2697718989252862,True,False
5877,0.5522899349429164,0.7703520456007302,0.21806211065781378,True,False
5878,0.5585101491754332,0.6381546774273378,0.0796445282519046,True,False
5879,0.5837298223821191,0.6546860813861526,0.07095625900403346,True,False
5880,0.5091204689408253,0.7024933648323283,0.19337289589150297,True,False
5881,0.567933665023239,0.6329666528114264,0.06503298778818734,True,False
5882,0.5584789871198993,0.6992125150278217,0.14073352790792237,True,False
5883,0.5678350298924871,0.759427015273124,0.19159198538063682,True,False
5884,0.5434425305049757,0.7395218314958306,0.1960793009908549,True,False
5885,0.5448540459989127,0.7011233354210263,0.1562692894221136,True,False
5886,0.5475998393256148,0.7895104862233494,0.24191064689773456,True,False
5887,0.5392027788895072,0.7098597121031204,0.1706569332136132,True,False
5888,0.5137859412292816,0.6951638815402367,0.1813779403109551,True,False
5889,0.5288762218609078,0.8167949356294042,0.2879187137684964,True,False
5890,0.5376380928128662,0.7166901441878113,0.17905205137494506,True,False
5891,0.5726124237437736,0.5900415243377942,0.017429100594020586,True,False
5892,0.5590809643277472,0.6874657336327641,0.12838476930501685,True,False
5893,0.547310402732002,0.6519094283189657,0.10459902558696366,True,False
5894,0.5723936880265506,0.6724281258773037,0.10003443785075317,True,False
5895,0.5370928875108493,0.6083657093810309,0.07127282187018158,True,False
5896,0.519504741482315,0.4319710764062645,-0.08753366507605048,False,False
5897,0.5411104515619468,0.5902835776470491,0.04917312608510227,True,False
5898,0.5663430935917273,0.6275303073351051,0.061187213743377766,True,False
5899,0.6079592886781205,0.6176164880082422,0.009657199330121657,True,False
5900,0.5598432388659939,0.6486716045472821,0.08882836568128827,True,False
5901,0.552890818061283,0.7506745629481961,0.19778374488691308,True,False
5902,0.5868709375048218,0.8544196129503693,0.2675486754455475,True,False
5903,0.5597948663283093,0.7730375906255534,0.2132427242972441,True,False
5904,0.5638076135860783,0.5197827335692671,-0.04402488001681126,False,False
5905,0.5778011718124734,0.5883553721646226,0.010554200352149268,True,False
5906,0.5449909050513897,0.7171459590122052,0.17215505396081554,True,False
5907,0.5764842704173553,0.8404376150804437,0.2639533446630884,True,False
5908,0.5516815603377239,0.7044240575504708,0.1527424972127469,True,False
5909,0.571169293505614,0.7558443557327331,0.18467506222711916,True,False
5910,0.5664630849869301,0.6847372556151684,0.1182741706282383,True,False
5911,0.5404246988542079,0.6717862811773881,0.1313615823231803,True,False
5912,0.593689844388507,0.6729096426554807,0.07921979826697367,True,False
5913,0.5522335276054083,0.6436306362874573,0.09139710868204898,True,False
5914,0.5760869429144269,0.7010680461115747,0.12498110319714784,True,False
5915,0.5686373379951102,0.558851126880405,-0.009786211114705234,False,False
5916,0.5567788821586434,0.6191827264110789,0.0624038442524355,True,False
5917,0.5404478873814712,0.79596621594677,0.25551832856529877,True,False
5918,0.5156159447296231,0.7426206310769858,0.2270046863473627,True,False
5919,0.5361996100380008,0.7219473254565163,0.18574771541851554,True,False
5920,0.5505937063497485,0.7513528982462776,0.20075919189652913,True,False
5921,0.559577944327629,0.8263877918252316,0.2668098474976026,True,False
5922,0.5121369141360809,0.749167308874158,0.2370303947380772,True,False
5923,0.5103238060093278,0.681137983780182,0.17081417777085417,True,False
5924,0.5768568875040938,0.5499378968902139,-0.026918990613879923,False,False
5925,0.5274986382040813,0.6763404878740427,0.1488418496699614,True,False
5926,0.5158567372192089,0.5888991466245277,0.07304240940531881,True,False
5927,0.5720506012091187,0.6759959347308653,0.10394533352174662,True,False
5928,0.5569919351704966,0.728472393679375,0.1714804585088784,True,False
5929,0.6084107935216624,0.47718682242623095,-0.13122397109543144,False,False
5930,0.5431525572587776,0.7057562046053134,0.16260364734653576,True,False
5931,0.588515953044134,0.7617506265553288,0.17323467351119481,True,False
5932,0.5401097301426995,0.7166055512777925,0.176495821135093,True,False
5933,0.5784067621247301,0.6517297652085906,0.07332300308386053,True,False
5934,0.5317363502937055,0.8491619228629324,0.3174255725692269,True,False
5935,0.5612803439513301,0.5878976452323058,0.026617301280975725,True,False
5936,0.5458269557698537,0.8322347905723565,0.28640783480250276,True,False
5937,0.5558447383698787,0.6548933200378922,0.09904858166801356,True,False
5938,0.544234577149632,0.7524572502664307,0.20822267311679876,True,False
5939,0.5294956410865435,0.7588583633525536,0.22936272226601018,True,False
5940,0.621070439160863,0.5789476240984616,-0.04212281506240145,False,False
5941,0.528298414923255,0.8125190553587376,0.28422064043548256,True,False
5942,0.5463180743844692,0.8515434128921786,0.3052253385077094,True,False
5943,0.5594452059380877,0.7780961633841189,0.21865095744603125,True,False
5944,0.4837654733960503,0.81412374839837,0.3303582750023197,True,False
5945,0.574001767037628,0.7790655190828941,0.20506375204526617,True,False
5946,0.5635847144281534,0.6786278655120807,0.11504315108392726,True,False
5947,0.5302616826318648,0.6420968636102812,0.11183518097841638,True,False
5948,0.5598881036761204,0.7490429217240556,0.1891548180479352,True,False
5949,0.5000201920166607,0.6822184008320495,0.18219820881538884,True,False
5950,0.5182333338443652,0.7742536977002548,0.25602036385588955,True,False
5951,0.5469124283564674,0.7905451929418699,0.2436327645854025,True,False
5952,0.5604781089151649,0.7281330858219398,0.1676549769067749,True,False
5953,0.5730118756405937,0.8606572552407021,0.2876453796001084,True,False
5954,0.5272761471277865,0.6859087315786996,0.1586325844509131,True,False
5955,0.5891330589738161,0.7397450119346913,0.15061195296087526,True,False
5956,0.549607572110423,0.764297988173713,0.21469041606328998,True,False
5957,0.5378664049772142,0.6435949982682674,0.10572859329105322,True,False
5958,0.5635235730662853,0.7930881217750299,0.22956454870874454,True,False
5959,0.5684777771911659,0.5688973768845037,0.0004195996933378243,True,False
5960,0.5639332850075301,0.5565380668283302,-0.007395218179199969,False,False
5961,0.5460689287499051,0.7610682303784098,0.21499930162850467,True,False
5962,0.515879342756077,0.8535752265301634,0.3376958837740863,True,False
5963,0.519309515749391,0.6862992338825131,0.16698971813312213,True,False
5964,0.5422115381025299,0.6500933190855248,0.10788178098299495,True,False
5965,0.5610131543687948,0.47077416921357285,-0.090238985155222,False,False
5966,0.5254547276495478,0.8642187957170683,0.33876406806752046,True,False
5967,0.5970360699406555,0.5199668257074702,-0.07706924423318529,False,False
5968,0.5444922780524435,0.8154131095930275,0.270920831540584,True,False
5969,0.5807177794369457,0.7133646451570982,0.1326468657201525,True,False
5970,0.5634257750465343,0.48188419749717015,-0.0815415775493642,False,False
5971,0.5525352601264453,0.7886895315539307,0.23615427142748546,True,False
5972,0.5532041586446759,0.686692771028854,0.13348861238417808,True,False
5973,0.5529126958319052,0.6480404799513746,0.09512778411946943,True,False
5974,0.5399852063203614,0.6387371643563232,0.09875195803596182,True,False
5975,0.5641672340880146,0.8133643877299268,0.2491971536419122,True,False
5976,0.5688654525573559,0.7250422290060492,0.15617677644869332,True,False
5977,0.5865439142237321,0.6772308899150266,0.09068697569129447,True,False
5978,0.5247939203405783,0.7211434566261881,0.1963495362856098,True,False
5979,0.5772363823024238,0.718888270477291,0.14165188817486718,True,False
5980,0.5604810189952807,0.72730197566089,0.16682095666560937,True,False
5981,0.5706474576102907,0.6360136152288894,0.06536615761859876,True,False
5982,0.5768403051550808,0.8158814458939379,0.23904114073885707,True,False
5983,0.5851492151670166,0.5939248340389057,0.008775618871889157,True,False
5984,0.5425223206353975,0.7179505105411742,0.1754281899057767,True,False
5985,0.5546489877756713,0.8439100235553322,0.2892610357796609,True,False
5986,0.5712854523156323,0.7994033869084716,0.22811793459283924,True,False
5987,0.5370576649323902,0.8713290446511206,0.33427137971873044,True,False
5988,0.5540176048862557,0.6374266471572755,0.08340904227101975,True,False
5989,0.5617846279649013,0.5119184856443842,-0.049866142320517004,False,False
5990,0.5517127856447088,0.7026198208353497,0.15090703519064086,True,False
5991,0.5562068849398093,0.687372681194233,0.1311657962544237,True,False
5992,0.5402303198662657,0.7049553697395889,0.16472504987332326,True,False
5993,0.5506660417807543,0.769823974793892,0.21915793301313768,True,False
5994,0.5507856972557946,0.6544275086386345,0.1036418113828399,True,False
5995,0.5563781863541665,0.648078860343186,0.09170067398901949,True,False
5996,0.5461021236659725,0.6703806337990111,0.12427851013303859,True,False
5997,0.5704303323889461,0.6152833660457305,0.04485303365678439,True,False
5998,0.5420944938451095,0.6524080982752165,0.11031360443010696,True,False
5999,0.5653841549443801,0.8147994637741345,0.24941530882975438,True,False
6000,0.5442609066267179,0.576526242188194,0.03226533556147615,True,False
6001,0.5897844605822068,0.7097818257434313,0.1199973651612245,True,False
6002,0.5572724523516116,0.750017361162698,0.1927449088110864,True,False
6003,0.5580980204266607,0.7228118292858866,0.16471380885922593,True,False
6004,0.5521073092961999,0.6484791079696839,0.096371798673484,True,False
6005,0.5584437699671878,0.383363727390261,-0.17508004257692683,False,False
6006,0.5612347836371702,0.6746011455667367,0.1133663619295665,True,False
6007,0.5459120484495468,0.5578629522476127,0.01195090379806596,True,False
6008,0.5700768694574425,0.6289208160624374,0.05884394660499492,True,False
6009,0.5703177140887202,0.6350559430166541,0.0647382289279339,True,False
6010,0.5654772316043821,0.7506672400349583,0.1851900084305762,True,False
6011,0.5581917980477182,0.7383375046371282,0.18014570658940998,True,False
6012,0.5465787070411865,0.524183463067244,-0.022395243973942547,False,False
6013,0.5530834272397713,0.6742313052003799,0.12114787796060855,True,False
6014,0.5537259217992707,0.7486724700425942,0.19494654824332347,True,False
6015,0.5832081794779598,0.7771115737675236,0.19390339428956382,True,False
6016,0.5212181314329518,0.7238353268687362,0.20261719543578438,True,False
6017,0.5351333776848434,0.5747237194697989,0.039590341784955574,True,False
6018,0.5330578910124785,0.7082303382628056,0.1751724472503271,True,False
6019,0.507367089876725,0.5210402657539958,0.013673175877270793,True,False
6020,0.5865098041317662,0.7383278871045805,0.1518180829728143,True,False
6021,0.5425768447913147,0.6770287599565054,0.13445191516519062,True,False
6022,0.5733386222971745,0.8097144996390665,0.23637587734189203,True,False
6023,0.5811588915582326,0.6628867697813701,0.08172787822313743,True,False
6024,0.5627142284443302,0.6153675509595087,0.05265332251517851,True,False
6025,0.5485127790522387,0.6846537608909503,0.1361409818387116,True,False
6026,0.5761217940629394,0.8755630314194547,0.2994412373565153,True,False
6027,0.5625838682634662,0.6909448112337664,0.1283609429703002,True,False
6028,0.5800857711401827,0.6959802775935463,0.11589450645336363,True,False
6029,0.5281242608541702,0.8195924063199986,0.29146814546582844,True,False
6030,0.5535628477328371,0.5686128836787162,0.015050035945879059,True,False
6031,0.5771020947779095,0.7584154350582742,0.18131334028036472,True,False
6032,0.5525486002377163,0.7039721696740432,0.15142356943632684,True,False
6033,0.5306654723821491,0.6522766897220824,0.1216112173399333,True,False
6034,0.5822167280667717,0.8358632082833103,0.2536464802165386,True,False
6035,0.5619125410816728,0.4385403981964883,-0.12337214288518444,False,False
6036,0.5329278316713717,0.6897104103890195,0.15678257871764778,True,False
6037,0.5399728145433338,0.7695902937955375,0.22961747925220366,True,False
6038,0.567873258448431,0.72012027593815,0.15224701748971903,True,False
6039,0.5435948503416248,0.8923702718313687,0.34877542148974394,True,False
6040,0.5522247487729076,0.7892258641278077,0.2370011153549001,True,False
