userId,neg_mean,pos_mean,delta,pos_gt_neg,pos_eq_neg
1,0.8606164021164021,0.7864609053497943,-0.07415549676660782,False,False
2,0.6093394136418557,0.7064161828068477,0.09707676916499197,True,False
3,0.7209414183102685,0.5940176830966305,-0.12692373521363798,False,False
4,0.768170634920635,0.7252380952380952,-0.04293253968253974,False,False
5,0.4960446771726793,0.4208300131224366,-0.07521466405024269,False,False
6,0.6049291514826338,0.6079166001489996,0.0029874486663657995,True,False
7,0.8176428571428572,0.7950897867564534,-0.022553070386403862,False,False
8,0.7106714955509661,0.6961325345712698,-0.014538960979696314,False,False
9,0.6433187924310271,0.6863655892472879,0.04304679681626078,True,False
10,0.7568413664767116,0.7742314902669947,0.01739012379028304,True,False
11,0.5182880001978348,0.49846676312193555,-0.01982123707589928,False,False
12,0.5718194444444444,0.70625,0.1344305555555556,True,False
13,0.4520329128132536,0.5306332682715247,0.0786003554582711,True,False
14,0.41915277777777776,0.4625,0.04334722222222226,True,False
15,0.5088947058376406,0.5111955149319279,0.002300809094287315,True,False
16,0.3681164021164021,0.4510582010582011,0.08294179894179898,True,False
17,0.8447238083112033,0.8525635161601548,0.007839707848951494,True,False
18,0.5755518799143915,0.6227249760126919,0.04717309609830045,True,False
19,0.6133374285035491,0.6747904063604441,0.061452977856894964,True,False
20,0.7710255847953217,0.7642857142857142,-0.0067398705096074485,False,False
21,0.18895230314347963,0.2592592592592593,0.07030695611577967,True,False
22,0.4707088790739239,0.42683561754074284,-0.04387326153318105,False,False
23,0.4798353720475643,0.4572230238242224,-0.022612348223341905,False,False
24,0.8084088693957114,0.7615452895058158,-0.046863579889895646,False,False
25,0.686910393577721,0.7387832125603865,0.05187281898266549,True,False
26,0.2757405757478573,0.33423777703207314,0.058497201284215816,True,False
27,0.6991777777777777,0.731043956043956,0.031866178266178324,True,False
28,0.7167949961182252,0.6733818242748287,-0.043413171843396436,False,False
29,0.4610070915397002,0.4900466772447449,0.029039585705044668,True,False
30,0.4671356209150327,0.5538997417148678,0.08676412079983509,True,False
31,0.6315043864988327,0.645630081300813,0.014125694801980337,True,False
32,0.6752998762932974,0.4836182336182336,-0.19168164267506377,False,False
33,0.4691700249770219,0.554270638368039,0.0851006133910171,True,False
34,0.7613754085148859,0.7248070328295522,-0.036568375685333776,False,False
35,0.6617437403323565,0.6441762893968777,-0.017567450935478846,False,False
36,0.8690080731487528,0.8502848052409993,-0.018723267907753582,False,False
37,0.6426582892416225,0.7518861454046638,0.10922785616304131,True,False
38,0.5223658584978706,0.36675888286660646,-0.1556069756312642,False,False
39,0.5939046848811989,0.6478273450080515,0.05392266012685265,True,False
40,0.5241003214944417,0.6401414803209419,0.11604115882650012,True,False
41,0.5045416666666667,0.38888888888888884,-0.11565277777777783,False,False
42,0.6164848683668253,0.6344523620478294,0.017967493681004143,True,False
43,0.7360327903091062,0.7726608187134503,0.03662802840434409,True,False
44,0.7154290137477791,0.6849724124688172,-0.03045660127896188,False,False
45,0.36060913487949536,0.36695676925813914,0.006347634378643774,True,False
46,1.0,1.0,0.0,False,True
47,0.6045457516339869,0.6837254901960785,0.0791797385620916,True,False
48,0.3185886789276301,0.3801884604829106,0.06159978155528051,True,False
49,0.5672520969734227,0.5679486917694465,0.0006965947960237973,True,False
50,0.414990522875817,0.2727272727272727,-0.1422632501485443,False,False
51,0.6898968855218856,0.7304994388327722,0.04060255331088669,True,False
52,0.5553561636320257,0.5002493215596664,-0.055106842072359274,False,False
53,0.8227800529672866,0.8792497567055398,0.05646970373825322,True,False
54,0.8199024470899471,0.7866591080876795,-0.03324333900226761,False,False
55,0.7980555555555555,0.8416666666666667,0.043611111111111156,True,False
56,0.7869659587006285,0.8631368631368631,0.07617090443623464,True,False
57,0.3760622950034715,0.3891819291819292,0.013119634178457684,True,False
58,0.843907764972939,0.8244389179883518,-0.019468846984587174,False,False
59,0.45106551578435616,0.5350427351744731,0.08397721939011693,True,False
60,0.5025535714285714,0.5219387755102041,0.01938520408163269,True,False
61,0.4943293650793651,0.4444444444444444,-0.04988492063492067,False,False
62,0.46144763382819604,0.4630118895593527,0.0015642557311566496,True,False
63,0.5545697163460321,0.5341291992607782,-0.020440517085253962,False,False
64,0.895515873015873,0.8563492063492064,-0.03916666666666657,False,False
65,0.9024980121647321,0.901820026449822,-0.0006779857149101787,False,False
66,0.5994285714285714,0.8266666666666665,0.22723809523809513,True,False
67,0.7654148049463688,0.7833688217834559,0.017954016837087083,True,False
68,0.6970357142857142,0.7443181818181818,0.047282467532467565,True,False
69,0.7851209096459096,0.8679629629629629,0.0828420533170533,True,False
70,0.5528197674418605,0.6177648578811369,0.06494509043927643,True,False
71,0.5929541062801933,0.5856884057971015,-0.00726570048309183,False,False
72,0.6363213088654266,0.7166132478632479,0.08029193899782128,True,False
73,0.5313774604502505,0.5243354955435959,-0.007041964906654541,False,False
74,0.6944607843137254,0.7187091503267974,0.02424836601307201,True,False
75,0.7880031011748531,0.8025940992289757,0.014590998054122672,True,False
76,0.9201429695161818,0.9063862781954887,-0.013756691320693126,False,False
77,0.3036900330851944,0.32692307692307687,0.023233043837882494,True,False
78,0.6860353383597503,0.6161720822281168,-0.06986325613163347,False,False
79,0.5293105158730159,0.7410714285714286,0.21176091269841268,True,False
80,0.7493195766078893,0.7430168768065439,-0.006302699801345346,False,False
81,0.8613365612618459,0.9107876104987449,0.049451049236899025,True,False
82,0.7490512500042642,0.7139836122292262,-0.03506763777503796,False,False
83,0.6624822297516126,0.7730693909265337,0.11058716117492107,True,False
84,0.7960504948268107,0.8428250112460639,0.04677451641925323,True,False
85,0.35405453149001537,0.501984126984127,0.1479295954941116,True,False
86,0.8814039074960128,0.8573372615039282,-0.024066645992084634,False,False
87,0.3894626182033097,0.5326495726495726,0.1431869544462629,True,False
88,0.7530889200757086,0.8211910041178334,0.06810208404212481,True,False
89,0.7517916666666666,1.0,0.24820833333333336,True,False
90,0.485740877166312,0.5227233708320664,0.03698249366575446,True,False
91,0.9102897639994414,0.9757544725286661,0.0654647085292247,True,False
92,0.31810019320715,0.345744928857057,0.027644735649906993,True,False
93,0.44796956861217446,0.45154666390262604,0.003577095290451582,True,False
94,0.8598888888888889,0.7795138888888888,-0.08037500000000009,False,False
95,0.47022402536944363,0.5257329483918113,0.05550892302236765,True,False
96,0.6622242558854401,0.7100911555955416,0.047866899710101496,True,False
97,0.9360993889154579,0.9052120669056153,-0.030887322009842566,False,False
98,0.641795634920635,0.7916666666666666,0.14987103174603167,True,False
99,0.4998474467335535,0.5156833698938962,0.015835923160342658,True,False
100,0.28717316017316014,0.32716450216450216,0.03999134199134202,True,False
101,0.9248728835978836,0.9351811979443558,0.01030831434647228,True,False
102,0.3599703446913813,0.4218933393115036,0.061922994620122296,True,False
103,0.7650199040973368,0.8022820129840846,0.03726210888674786,True,False
104,0.541233691077441,0.6413690476190477,0.10013535654160666,True,False
105,0.8156445707070707,0.8248216745375836,0.009177103830512845,True,False
106,0.8535384759759759,0.8733051801801801,0.019766704204204233,True,False
107,0.6047908353723571,0.6215705468616959,0.016779711489338767,True,False
108,0.426217579116286,0.375,-0.051217579116285994,False,False
109,0.7576125775570677,0.8551897621331216,0.09757718457605391,True,False
110,0.5159824704991646,0.7083333333333334,0.1923508628341688,True,False
111,0.6935379144159965,0.7894088896828623,0.09587097526686572,True,False
112,0.6321693121693122,0.8366402116402116,0.20447089947089947,True,False
113,0.5917331248997916,0.6831093674843675,0.09137624258457588,True,False
114,0.6782459000014147,0.6795321916645446,0.0012862916631298793,True,False
115,0.7166507936507936,0.6007142857142856,-0.115936507936508,False,False
116,0.6711047979797979,0.7029052486588371,0.03180045067903914,True,False
117,0.3813288457483345,0.4271253877555345,0.045796542007200014,True,False
118,0.686945761543969,0.7165605012112832,0.029614739667314205,True,False
119,0.5140424873737374,0.5022156919726365,-0.011826795401100876,False,False
120,0.6531479492729493,0.6043560606060606,-0.04879188866688866,False,False
121,0.8878303786856417,0.8713156288156289,-0.01651474987001289,False,False
123,0.4901753018120503,0.5161642498900926,0.02598894807804225,True,False
124,0.7628034188034188,0.9094017094017094,0.14659829059829055,True,False
125,0.8194695767195768,0.890109126984127,0.07063955026455027,True,False
126,0.7530757575757576,0.8089962121212121,0.05592045454545447,True,False
127,0.6026164557803569,0.6555563763846242,0.05293992060426722,True,False
128,0.7984957983193277,0.9666666666666666,0.16817086834733885,True,False
129,0.8469064893614735,0.8993922813921912,0.05248579203071768,True,False
130,0.8406044482140633,0.9024297095684092,0.06182526135434585,True,False
131,0.5903489179653718,0.6249184658058755,0.0345695478405037,True,False
132,0.6312877353051113,0.7078006383712906,0.0765129030661793,True,False
133,0.7005908917633701,0.7589279634644865,0.05833707170111646,True,False
134,0.3813447326429587,0.34471085176533567,-0.03663388087762304,False,False
135,0.6032034832451498,0.6815549676660787,0.07835148442092887,True,False
136,0.44007303972459433,0.3970107396620253,-0.043062300062569,False,False
137,0.5722003991670102,0.6353675249276212,0.06316712576061101,True,False
138,0.8571786471698236,0.8758293240193692,0.018650676849545578,True,False
139,0.7069132759341851,0.6499543084350464,-0.056958967499138646,False,False
140,0.6338603595478596,0.5733057426112982,-0.06055461693656139,False,False
141,0.5364907407407408,0.6466666666666667,0.11017592592592595,True,False
142,0.35481963456963456,0.4793905965334537,0.12457096196381912,True,False
143,0.43664660016053203,0.41195581546458737,-0.024690784695944656,False,False
144,0.5136984126984128,0.5694444444444444,0.055746031746031655,True,False
145,0.3160960701484895,0.3264208909370199,0.01032482078853042,True,False
146,0.6448498533336672,0.6609458079811662,0.016095954647499022,True,False
147,0.4842795616482522,0.5079676676394773,0.023688105991225117,True,False
148,0.6223773936858137,0.6018291132888611,-0.020548280396952556,False,False
149,0.7483009547518823,0.7603673597834117,0.012066405031529448,True,False
150,0.7820156659346067,0.8209965624654867,0.038980896530879994,True,False
151,0.6090788732803312,0.612174478856381,0.0030956055760498202,True,False
152,0.8724018379281537,0.899122807017544,0.026720969089390256,True,False
153,0.7053174603174602,0.6532738095238095,-0.0520436507936507,False,False
154,0.2915738705738706,0.3351159951159951,0.04354212454212453,True,False
155,0.4504024929748614,0.6078118049452635,0.15740931197040214,True,False
156,0.8030815727763349,0.862524712270429,0.05944313949409419,True,False
157,0.605017411451824,0.6410258813369881,0.03600846988516415,True,False
158,0.7939591503267974,0.9236111111111112,0.12965196078431374,True,False
159,0.4960205722639933,0.5476608187134503,0.05164024644945697,True,False
160,0.4708953373015873,0.6666666666666666,0.19577132936507935,True,False
161,0.8892422245888026,0.9188761657864817,0.029633941197679037,True,False
162,0.7824107757601031,0.8422780321351058,0.059867256375002675,True,False
163,0.13788195980042087,0.12239560307987031,-0.015486356720550556,False,False
164,0.9435777777777777,0.9500000000000001,0.006422222222222329,True,False
165,0.8113659027590916,0.7621201585871046,-0.049245744171987016,False,False
166,0.5838709370263977,0.5873531842825729,0.003482247256175186,True,False
167,0.2662821309125657,0.2369505494505494,-0.029331581462016282,False,False
168,0.8098425925925926,0.8273809523809524,0.017538359788359825,True,False
169,0.6701742943622638,0.700244392350226,0.03007009798796212,True,False
170,0.7655512812104684,0.746373997875012,-0.01917728333545643,False,False
171,0.7675536758563074,0.7488721804511279,-0.018681495405179493,False,False
172,0.5332731481481481,0.7125,0.17922685185185194,True,False
173,0.711400055375575,0.7284907937618592,0.017090738386284166,True,False
174,0.5158076342526471,0.6049697744710533,0.08916214021840618,True,False
175,0.7284353389990073,0.7516833610772589,0.023248022078251607,True,False
176,0.651505556004707,0.6244331065759637,-0.027072449428743317,False,False
177,0.8418763888888888,0.7158564814814814,-0.12601990740740743,False,False
178,0.6197148501468868,0.49978755309791234,-0.11992729704897442,False,False
180,0.6204278050554647,0.5566557555919258,-0.06377204946353887,False,False
181,0.6405842230422357,0.6750544561756743,0.034470233133438555,True,False
182,0.6755244016249451,0.5684458218549128,-0.10707857977003232,False,False
183,0.7198561681982735,0.7888264370075515,0.06897026880927803,True,False
184,0.7056287175787176,0.9015973655973656,0.195968648018648,True,False
185,0.5127701388888889,0.5075038580246913,-0.005266280864197559,False,False
186,0.8746002664370061,0.8512267058921363,-0.02337356054486972,False,False
187,0.7584378070239417,0.7840484643855328,0.02561065736159107,True,False
188,0.4779677287581699,0.5416666666666667,0.06369893790849684,True,False
189,0.6673746392496391,0.621830550401979,-0.04554408884766015,False,False
190,0.5830172903220342,0.5729872577214962,-0.01003003260053803,False,False
191,0.5039099326599327,0.5492424242424242,0.04533249158249153,True,False
192,0.44618622695964744,0.42666915662963945,-0.01951707033000799,False,False
193,0.6837361546860905,0.7270964557032004,0.04336030101710986,True,False
194,0.7658721884147416,0.8337226635098975,0.06785047509515596,True,False
195,0.7356332135932598,0.7427056392019082,0.007072425608648403,True,False
196,0.7589061904761906,0.690936507936508,-0.06796968253968261,False,False
197,0.6821688034188034,0.6965811965811964,0.014412393162393067,True,False
198,0.6161367707447628,0.5862136682858335,-0.029923102458929263,False,False
199,0.42325051177735484,0.4390789626077768,0.015828450830421947,True,False
200,0.7328888888888889,0.7916666666666666,0.05877777777777771,True,False
201,0.7490699216242694,0.7194905788655789,-0.029579342758690563,False,False
202,0.45771185526109825,0.44684764166135305,-0.01086421359974521,False,False
203,0.154062134624207,0.18402188266364838,0.029959748039441375,True,False
204,0.47184016751182334,0.5216989388729552,0.049858771361131815,True,False
205,0.7579684051328788,0.7534160065081118,-0.0045523986247669734,False,False
206,0.33563401875901877,0.6875270562770563,0.3518930375180376,True,False
207,0.782703373015873,0.7653439153439153,-0.01735945767195768,False,False
208,0.5893110440631055,0.5792493970983673,-0.010061646964738213,False,False
209,0.4534188034188034,0.5,0.04658119658119658,True,False
210,0.7908962891397102,0.7487464916036345,-0.04214979753607573,False,False
211,0.504854797979798,0.890625,0.38577020202020196,True,False
212,0.6854734898315543,0.7102496816206493,0.02477619178909496,True,False
213,0.8585710784313726,0.8391666666666667,-0.019404411764705864,False,False
214,0.5021799594740771,0.4793771043771044,-0.02280285509697272,False,False
215,0.9929498456790123,0.9647505144032923,-0.028199331275720052,False,False
216,0.46631834185162346,0.49756583636500046,0.031247494513376994,True,False
217,0.5594166666666667,0.5555555555555555,-0.003861111111111204,False,False
218,0.38239945038621515,0.3855360072026739,0.0031365568164587465,True,False
219,0.37639285714285714,0.3678571428571429,-0.008535714285714258,False,False
220,0.8714891627735846,0.9030793517039961,0.031590188930411545,True,False
221,0.497016139657444,0.3896574440052701,-0.10735869565217393,False,False
222,0.839748699518683,0.8503560097310098,0.010607310212326748,True,False
223,0.48467397191703293,0.46276326958218766,-0.021910702334845267,False,False
224,0.4616088666622247,0.48825338714094696,0.026644520478722233,True,False
225,0.5792825541170316,0.5889046930789891,0.009622138961957516,True,False
226,0.29978472222222224,0.4575,0.15771527777777777,True,False
227,0.4683874458874459,0.4696969696969697,0.001309523809523816,True,False
228,0.9219498015873016,0.9920634920634921,0.07011369047619054,True,False
229,0.383665531413787,0.43484968462909634,0.051184153215309336,True,False
230,0.7553101073762838,0.7682142857142857,0.012904178338001948,True,False
231,0.8737313799946628,0.9303598353645791,0.05662845536991634,True,False
232,0.6339933228197612,0.6951170298627927,0.061123707043031494,True,False
233,0.9006351190476191,0.9192640692640693,0.01862895021645028,True,False
234,0.6940942028985507,0.967391304347826,0.2732971014492753,True,False
235,0.8185167061527729,0.8344278760507258,0.015911169897952826,True,False
236,0.7239683879612451,0.8821885521885523,0.15822016422730723,True,False
237,0.5994334714244846,0.6203709211034544,0.02093744967896982,True,False
238,0.6051093584604194,0.5876161920309814,-0.01749316642943799,False,False
239,0.8051981688809274,0.790949395432154,-0.0142487734487734,False,False
240,0.5211470515061499,0.5412767379679144,0.020129686461764495,True,False
241,0.7638635005973715,0.7388888888888889,-0.024974611708482586,False,False
242,0.3873675367447831,0.3567331453968822,-0.030634391347900858,False,False
243,0.7200304487179487,0.6181891025641025,-0.10184134615384621,False,False
244,0.8893648309789866,0.8599975636610677,-0.029367267317918833,False,False
245,0.23642208006996396,0.1912190568617581,-0.04520302320820585,False,False
246,0.7469927536231884,0.7135416666666666,-0.03345108695652177,False,False
247,0.36692929292929294,0.47525252525252526,0.10832323232323232,True,False
248,0.7556477272727272,0.7670033670033669,0.011355639730639688,True,False
249,0.6664373623452571,0.7038364919943868,0.037399129649129725,True,False
250,0.5904333333333334,0.8500000000000001,0.2595666666666667,True,False
251,0.571539179830762,0.5055969989401669,-0.06594218089059511,False,False
252,0.8576596921596922,0.7869688953022287,-0.07069079685746349,False,False
253,0.8053530427905428,0.9084249084249084,0.10307186563436566,True,False
254,0.81949044011544,0.7982954545454546,-0.021194985569985447,False,False
255,0.8302164240775027,0.8576493090401619,0.027432884962659165,True,False
256,0.653176689051689,0.5889575702075702,-0.0642191188441188,False,False
257,0.7462025534851623,0.4587301587301587,-0.2874723947550036,False,False
258,0.5444087278262925,0.5800764174040828,0.03566768957779032,True,False
259,0.7810641406557511,0.7990459554285495,0.017981814772798366,True,False
260,0.6964525245518958,0.5325029490283728,-0.16394957552352296,False,False
261,0.6934066451878956,0.6616355249443668,-0.031771120243528794,False,False
262,0.42322415390430096,0.5269486728861729,0.1037245189818719,True,False
263,0.7737308127900393,0.7837200199945298,0.00998920720449048,True,False
264,0.22005937694897199,0.1854031072526388,-0.034656269696333175,False,False
265,0.8912902969171351,0.8976622846108141,0.006371987693678971,True,False
266,0.8834903846153845,0.9236492673992674,0.04015888278388291,True,False
267,0.48870252709406026,0.4682318834159032,-0.02047064367815704,False,False
268,0.4785490693919353,0.5487470761468229,0.07019800675488763,True,False
269,0.6144907407407407,0.6018518518518519,-0.012638888888888866,False,False
270,0.7961674108299108,0.8708819792536897,0.07471456842377888,True,False
271,0.8287153008558914,0.8088365437825581,-0.01987875707333331,False,False
272,0.6473106527611199,0.6114777655914917,-0.03583288716962818,False,False
273,0.6088275784660109,0.6510104814504536,0.042182902984442716,True,False
274,0.8171248363736369,0.8160253720915486,-0.0010994642820882916,False,False
275,0.7643948300608048,0.73942325218641,-0.024971577874394746,False,False
276,0.5586574074074074,0.6092592592592593,0.05060185185185184,True,False
277,0.769640989729225,0.8624999999999999,0.09285901027077492,True,False
278,0.8692910197466415,0.774520697167756,-0.09477032257888551,False,False
279,0.39449126886626884,0.443001443001443,0.04851017413517417,True,False
280,0.637047619047619,0.6567460317460317,0.01969841269841277,True,False
281,0.6867957462029496,0.6930555364480153,0.006259790245065733,True,False
282,0.697027093012505,0.631578947368421,-0.06544814564408397,False,False
283,1.0,1.0,0.0,False,True
284,0.38507825713466376,0.396617825270124,0.011539568135460254,True,False
285,0.824985906674817,0.8828665605747792,0.05788065389996222,True,False
286,0.7502558613771849,0.6378033486121721,-0.11245251276501278,False,False
287,0.5403760392264939,0.6145155943733426,0.07413955514684867,True,False
288,0.8905203349282297,0.9613071504518872,0.07078681552365751,True,False
289,0.7364260354938073,0.750409510605589,0.013983475111781773,True,False
290,0.4382314560439561,0.33035714285714285,-0.10787431318681323,False,False
291,0.835167528565123,0.9024407964534432,0.06727326788832022,True,False
292,0.7865124007936508,0.721494708994709,-0.06501769179894179,False,False
293,0.6207171347171347,0.7198377085877086,0.09912057387057382,True,False
294,0.49726827291482467,0.4643383436486885,-0.03292992926613619,False,False
295,0.6125341383762436,0.6238606045906556,0.011326466214412023,True,False
296,0.5932681642188221,0.6793149751483085,0.0860468109294864,True,False
297,0.6897327932608092,0.6952779842272595,0.005545190966450342,True,False
298,0.8199140211640211,0.8343253968253969,0.014411375661375736,True,False
299,0.7062270114942528,0.7640181992337165,0.05779118773946368,True,False
300,0.8633991871671681,0.8920359818155937,0.028636794648425612,True,False
301,0.7240684919231378,0.7375950881010004,0.01352659617786256,True,False
302,0.33903819945586855,0.2964475201771924,-0.04259067927867616,False,False
303,0.6651927544621411,0.6548332730661336,-0.010359481396007508,False,False
304,0.5050443510737628,0.5882352941176471,0.0831909430438843,True,False
305,0.37726849816849817,0.18010204081632653,-0.19716645735217164,False,False
306,0.7741389291653867,0.8034540382904447,0.02931510912505797,True,False
307,0.9070852433406312,0.9283584856501523,0.0212732423095211,True,False
308,0.617700981782651,0.619638792155146,0.0019378103724949636,True,False
309,0.8124194788346574,0.7662113019255876,-0.046208176909069754,False,False
310,0.5554657974215205,0.5388965535103696,-0.016569243911150888,False,False
311,0.9231041666666667,0.8201388888888889,-0.10296527777777786,False,False
312,0.6130886243386243,0.673721340388007,0.060632716049382696,True,False
313,0.8714444444444445,0.8902777777777778,0.01883333333333337,True,False
314,0.5881566725972686,0.6505467212580583,0.06239004866078979,True,False
315,0.6002271241830066,0.6238095238095238,0.023582399626517203,True,False
316,0.8788115407744398,0.8739397256042353,-0.004871815170204519,False,False
317,0.6949143518518518,0.6698148148148148,-0.025099537037037045,False,False
318,0.7520932539682539,0.7023809523809523,-0.049712301587301555,False,False
319,0.3914806169565616,0.4304752790027299,0.038994662046168305,True,False
320,0.8996527777777777,0.9296875,0.030034722222222254,True,False
321,0.48805121374973337,0.4256802999843808,-0.06237091376535259,False,False
322,0.853925925925926,0.8412698412698413,-0.012656084656084698,False,False
323,0.6797472235259491,0.5729675328369644,-0.10677969068898463,False,False
324,0.48983997113997113,0.5553628820674276,0.06552291092745643,True,False
325,0.7593029998324116,0.7307692307692308,-0.028533769063180725,False,False
326,0.3695041253808408,0.37529454628787207,0.005790420907031246,True,False
327,0.5583670573253907,0.6334433686584224,0.07507631133303172,True,False
328,0.3242524042034009,0.30564784053156147,-0.018604563671839436,False,False
329,0.2987691878530467,0.27514994055541175,-0.023619247297634927,False,False
330,0.7607964927792514,0.8653621017126764,0.10456560893342493,True,False
331,0.647145144505441,0.6655362440271919,0.018391099521750887,True,False
332,0.8925043416057566,0.8439553645626758,-0.04854897704308081,False,False
333,0.4440409557977627,0.49516234772716006,0.05112139192939735,True,False
334,0.6761122732631354,0.7256128928542721,0.04950061959113672,True,False
335,0.26570484302263964,0.2650329828901257,-0.0006718601325139129,False,False
336,0.7904746899880817,0.8126090853136679,0.022134395325586254,True,False
337,0.6221696460463143,0.564023240080081,-0.05814640596623333,False,False
338,0.614394082411867,0.6314373022716518,0.017043219859784853,True,False
339,0.8079074893360608,0.8343046834118263,0.026397194075765462,True,False
340,0.4962547988187523,0.5204095287428621,0.024154729924109775,True,False
341,0.8829592592592593,0.782253086419753,-0.10070617283950634,False,False
342,0.7170578512364666,0.6795287925984763,-0.037529058637990276,False,False
343,0.7915719238350227,0.8046156888460212,0.013043765010998465,True,False
344,0.4630604003696109,0.36004253056884633,-0.10301786980076455,False,False
345,0.654250730994152,0.7359649122807018,0.08171418128654984,True,False
346,0.9083911398751464,0.8969003996893012,-0.011490740185845172,False,False
347,0.6743853628164928,0.7837281962979527,0.1093428334814599,True,False
348,0.6827944170771757,0.8352380952380953,0.15244367816091964,True,False
349,0.42829801433203696,0.4287256543285085,0.0004276399964715516,True,False
350,0.7562329704609116,0.8134609988776655,0.057228028416753896,True,False
351,0.6759029901829401,0.6472178615035757,-0.028685128679364347,False,False
352,0.5902179420880177,0.5929071625722171,0.002689220484199395,True,False
353,0.6573175888439046,0.8141025641025642,0.15678497525865964,True,False
354,0.6185669692626214,0.5749615119180337,-0.04360545734458776,False,False
355,0.5842939362230459,0.578545040285391,-0.00574889593765493,False,False
356,0.9716714015151515,0.9947916666666666,0.023120265151515107,True,False
357,0.6676407004830918,0.38888888888888884,-0.2787518115942029,False,False
358,0.6591056166056165,0.7847603785103784,0.12565476190476188,True,False
359,0.700715404965405,0.7143467643467644,0.013631359381359398,True,False
360,0.5143779544471367,0.6065465258647076,0.09216857141757084,True,False
361,0.5292666666666667,0.6233333333333333,0.09406666666666663,True,False
362,0.4878939879564879,0.32720797720797723,-0.1606860107485107,False,False
363,0.7362230561921739,0.7638199219081572,0.0275968657159833,True,False
364,0.5022685185185185,0.5162037037037037,0.013935185185185217,True,False
365,0.4682087087087087,0.4817708333333333,0.013562124624624639,True,False
366,0.6638624362489293,0.7281813383278444,0.06431890207891511,True,False
367,0.8602398989898989,0.8661616161616162,0.0059217171717173,True,False
368,0.65837175076634,0.6671467828038247,0.008775032037484642,True,False
369,0.4257985232301089,0.4167401809208532,-0.00905834230925573,False,False
370,0.5386432158119658,0.5574786324786325,0.01883541666666666,True,False
371,0.5050071684587814,0.5437037037037037,0.03869653524492234,True,False
372,0.9092019301119767,0.8989820891504681,-0.01021984096150863,False,False
373,0.3224667277167277,0.5589285714285714,0.23646184371184376,True,False
374,0.862716107063668,0.9060373772568895,0.04332127019322152,True,False
375,0.7929958333333333,0.7546296296296297,-0.038366203703703694,False,False
376,0.7616049205991655,0.7518200496569196,-0.009784870942245893,False,False
377,0.6924601147476533,0.6035788708195828,-0.08888124392807051,False,False
378,0.6558006008855155,0.7352941176470589,0.07949351676154337,True,False
379,0.8579971988795517,0.8205047675635911,-0.037492431315960584,False,False
380,0.6923588927822409,0.6742931124296958,-0.018065780352545135,False,False
381,0.7988823260073261,0.8802873168498169,0.08140499084249075,True,False
382,0.6412139328063242,0.6291007905138339,-0.012113142292490275,False,False
383,0.7069715277777777,0.7665509259259259,0.059579398148148166,True,False
384,0.6745436507936508,0.7436974789915967,0.06915382819794591,True,False
385,0.6961600666220059,0.6946306345762762,-0.0015294320457297506,False,False
386,0.4962503258818476,0.40882508236976833,-0.08742524351207925,False,False
387,0.4438960648148148,0.5197259883891828,0.07582992357436802,True,False
388,0.7350916069155431,0.7501068376068376,0.015015230691294512,True,False
389,0.5779193215633704,0.7397763303005238,0.16185700873715336,True,False
390,0.5848404209635251,0.585558934193919,0.0007185132303939579,True,False
391,0.6367478012591983,0.4539420648795649,-0.18280573637963338,False,False
392,0.5657918950920906,0.49952374722946735,-0.06626814786262325,False,False
393,0.48997291391518083,0.5124402507215007,0.02246733680631985,True,False
394,0.18569259259259258,0.24222222222222223,0.05652962962962965,True,False
395,0.6679968013468013,0.6515151515151516,-0.01648164983164968,False,False
396,0.7100298332194019,0.6411002070112986,-0.06892962620810339,False,False
397,0.7855123716153127,0.7555555555555555,-0.029956816059757196,False,False
398,0.7218124061647824,0.6919945306092931,-0.029817875555489315,False,False
399,0.6879488888888889,0.7212962962962962,0.03334740740740727,True,False
400,0.79203125,0.8446428571428571,0.052611607142857175,True,False
401,0.7259948924731182,0.7135243841126194,-0.012470508360498789,False,False
402,0.7096399270098176,0.6552821246220268,-0.054357802387790755,False,False
403,0.6615488013343958,0.7012842535425506,0.03973545220815489,True,False
404,0.8234207722832723,0.8594845630559916,0.03606379077271937,True,False
405,0.6629999999999999,0.6697530864197531,0.00675308641975314,True,False
406,0.4418059531778238,0.4281341279071399,-0.01367182527068389,False,False
407,0.6287755555555555,0.8194444444444443,0.19066888888888878,True,False
408,0.7089543201896142,0.8021219148928127,0.09316759470319846,True,False
409,0.7018624448236384,0.7511024286535981,0.049239983829959755,True,False
410,0.6804785107746535,0.7140780552460437,0.03359954447139024,True,False
411,0.440566780199531,0.45060443678818213,0.010037656588651134,True,False
412,0.8610283160208145,0.8548076981279027,-0.006220617892911839,False,False
413,0.938264670616332,0.9591271554945079,0.02086248487817588,True,False
414,0.40229629629629626,0.4107142857142857,0.008417989417989435,True,False
415,0.7689067974070657,0.7758896013867939,0.006982803979728169,True,False
416,0.6136782549130764,0.5121996323782038,-0.10147862253487261,False,False
417,0.7308849789915967,0.4246031746031746,-0.30628180438842206,False,False
418,0.4643571852983618,0.4918014175367117,0.027444232238349908,True,False
419,0.7169688134154976,0.67793122266058,-0.03903759075491753,False,False
420,0.7331970121381886,0.6373461505814446,-0.09585086155674394,False,False
421,0.7077361111111111,0.9583333333333334,0.25059722222222225,True,False
422,0.398115990990991,0.49000000000000005,0.09188400900900906,True,False
423,0.2004867477293948,0.21432205457940753,0.013835306850012746,True,False
424,0.6439884787713427,0.6588543687060254,0.014865889934682741,True,False
425,0.6734152490527195,0.6622835116508186,-0.011131737401900987,False,False
426,0.6944967592390492,0.740553728792819,0.04605696955376981,True,False
427,0.87,0.8869047619047619,0.016904761904761867,True,False
428,0.67875,0.6287037037037037,-0.05004629629629631,False,False
429,0.47475412669579975,0.4970971053994566,0.02234297870365687,True,False
430,0.6992000772430184,0.6831415761897045,-0.016058501053313856,False,False
431,0.6142595001963865,0.6041170634920635,-0.010142436704323021,False,False
432,0.3914747498935717,0.3657407407407407,-0.025734009152831028,False,False
433,0.6011018518518518,0.5041666666666667,-0.09693518518518518,False,False
434,0.6593082740788623,0.5180010893246187,-0.14130718475424353,False,False
435,0.6444172358906948,0.7362035589347233,0.09178632304402856,True,False
436,0.6254278901482929,0.7218913368595669,0.09646344671127394,True,False
437,0.6748622483546264,0.8685876623376623,0.1937254139830359,True,False
438,0.6025850676258685,0.6021733610779652,-0.0004117065479033455,False,False
439,0.6582131226158725,0.7281770298828755,0.06996390726700297,True,False
440,0.5819223027375201,0.45138888888888884,-0.13053341384863126,False,False
441,0.6174104246530717,0.6704463885836435,0.05303596393057175,True,False
442,0.7408309827775851,0.7376384662794547,-0.003192516498130349,False,False
443,0.6544174760424761,0.9126068376068377,0.25818936156436156,True,False
444,0.7992704991087344,0.8435852331363167,0.04431473402758235,True,False
445,0.5398208030576263,0.4841441297427842,-0.05567667331484205,False,False
446,0.9244628427128427,0.9696989374262102,0.045236094713367425,True,False
447,1.0,1.0,0.0,False,True
448,0.6693849206349206,0.5029761904761905,-0.16640873015873014,False,False
449,0.6035358478161146,0.7818690372554942,0.1783331894393796,True,False
450,0.8563253968253969,0.8110615079365079,-0.04526388888888899,False,False
451,0.9337782361980476,0.9468082654345885,0.013030029236540952,True,False
452,0.8850621901232865,0.9094163371276035,0.02435414700431704,True,False
453,0.63637419859104,0.6579639303717795,0.02158973178073942,True,False
454,0.5928379860836713,0.5540038460087499,-0.038834140074921475,False,False
455,0.8157753968253968,0.8497474747474747,0.0339720779220779,True,False
456,0.4883638555567289,0.5018111986332054,0.013447343076476548,True,False
457,0.7328543366813141,0.7700597034530651,0.037205366771751014,True,False
458,0.6371522076779429,0.5642857142857143,-0.07286649339222862,False,False
459,0.49099111111111104,0.4334545454545454,-0.05753656565656562,False,False
460,0.3968970588235294,0.5046685340802988,0.10777147525676939,True,False
461,0.4183016700077593,0.49003976302845687,0.07173809302069756,True,False
462,0.5754927436895856,0.5471354301407767,-0.028357313548808882,False,False
463,0.42852441592798735,0.4431818181818182,0.014657402253830831,True,False
464,0.605090739669687,0.5757205513784461,-0.02937018829124083,False,False
465,0.45575466155810984,0.6240740740740741,0.16831941251596427,True,False
466,0.8712152937686846,0.8921129051663526,0.020897611397667992,True,False
467,0.4650434973710836,0.5305918379194241,0.06554834054834052,True,False
468,0.5328619281045751,0.3604108309990663,-0.17245109710550882,False,False
469,0.8054026844615081,0.812851563831956,0.007448879370447914,True,False
470,0.6790589668684777,0.7869117056230582,0.10785273875458057,True,False
471,0.6400835868232408,0.4471486175115207,-0.19293496931172016,False,False
472,0.6643508504586092,0.7611952861952862,0.096844435736677,True,False
473,0.836576923076923,0.8927309727309728,0.0561540496540498,True,False
474,0.5336429252467741,0.5464043513140318,0.012761426067257609,True,False
475,0.7158704995085985,0.7435068208173302,0.027636321308731726,True,False
476,0.6719149347082154,0.6869758808643025,0.015060946156087107,True,False
477,0.6172590977448955,0.5933877454084364,-0.023871352336459095,False,False
478,0.6667171717171718,0.5800505050505051,-0.08666666666666667,False,False
479,0.704325345562632,0.6995082021078226,-0.004817143454809436,False,False
480,0.5383077044056394,0.5885690446391322,0.050261340233492824,True,False
481,0.5485842293617569,0.5709347213566774,0.022350491994920563,True,False
482,0.41984702082126624,0.45442301847128863,0.034575997650022394,True,False
483,0.2721932898019855,0.4330327281414238,0.1608394383394383,True,False
484,0.725452380952381,0.7948412698412699,0.06938888888888894,True,False
485,0.8007799422799422,0.7053571428571428,-0.09542279942279941,False,False
486,0.8593212224108658,0.8678362573099415,0.00851503489907568,True,False
487,0.46796229628214925,0.5058356676003735,0.037873371318224214,True,False
488,0.6258055555555555,0.6773611111111111,0.05155555555555558,True,False
489,0.3337113617376775,0.3868421052631579,0.05313074352548036,True,False
490,0.741829975991366,0.6612404883752132,-0.08058948761615281,False,False
491,0.7091617063492063,0.8065476190476191,0.09738591269841279,True,False
492,0.7893566666666666,0.8859999999999999,0.0966433333333333,True,False
493,0.6734969521062014,0.7352844665654263,0.061787514459224924,True,False
494,0.7628708897054097,0.7917545388525781,0.028883649147168344,True,False
495,0.6785561830713146,0.7520534290271133,0.07349724595579865,True,False
496,0.7904702247812806,0.8301413236065033,0.039671098825222684,True,False
497,0.5748357699805068,0.7689181286549707,0.19408235867446388,True,False
498,0.6183935063534794,0.6704546459981243,0.05206113964464487,True,False
499,0.6067403172225415,0.6879563513530056,0.08121603413046408,True,False
500,0.5041585885246428,0.5199835545364001,0.015824966011757313,True,False
501,0.5607208572966065,0.39583333333333337,-0.1648875239632731,False,False
502,0.7598596491228071,0.8166666666666667,0.05680701754385953,True,False
503,0.8670105676328502,0.9625,0.0954894323671498,True,False
504,0.6820526947212994,0.7878935185185185,0.10584082379721915,True,False
505,0.8219102784355634,0.7931775195348661,-0.028732758900697264,False,False
506,0.4956639724310776,0.5306797085305857,0.03501573609950803,True,False
507,0.7250471690590112,0.8398026315789473,0.11475546251993607,True,False
508,0.5660407153488163,0.5995450341036009,0.03350431875478466,True,False
509,0.4657855614023918,0.47807433485611694,0.012288773453725144,True,False
510,0.6262280187391412,0.7040690115708731,0.07784099283173185,True,False
511,0.5560674603174603,0.5103174603174603,-0.04575000000000007,False,False
512,0.6517038070017278,0.5713053740014524,-0.08039843300027538,False,False
513,0.5461213938024917,0.4727051543494825,-0.07341623945300918,False,False
514,0.7992267732267733,0.8047573366804136,0.005530563453640336,True,False
515,0.5732502416097273,0.5944765314077751,0.02122628979804786,True,False
516,0.29477677331575797,0.33548641044833905,0.04070963713258108,True,False
517,0.732824570447218,0.7602938708983144,0.0274693004510963,True,False
518,0.8383942918663487,0.8457493563298657,0.007355064463516969,True,False
519,0.5353955026455026,0.5440793650793652,0.008683862433862544,True,False
520,0.6736052005340604,0.6691910771739411,-0.00441412336011926,False,False
521,0.6948680555555555,0.8432539682539683,0.14838591269841273,True,False
522,0.6541265617191404,0.7579273855135925,0.1038008237944521,True,False
523,0.7890788331032895,0.8105089237788513,0.021430090675561786,True,False
524,0.7429112446908445,0.7109747469430622,-0.03193649774778229,False,False
525,0.8319551282051282,0.8247863247863247,-0.007168803418803438,False,False
526,0.574791374421969,0.7545316316762395,0.17974025725427045,True,False
527,0.8054199134199135,0.8246753246753247,0.019255411255411192,True,False
528,0.5245567857273206,0.5432023040317799,0.018645518304459374,True,False
529,0.8418643898958207,0.7853684677092101,-0.05649592218661059,False,False
530,0.674416305186042,0.6871676788124156,0.012751373626373574,True,False
531,0.367502396945044,0.3728396373274747,0.005337240382430719,True,False
532,0.7969911297852473,0.6351686507936508,-0.16182247899159652,False,False
533,0.5195208970075942,0.5129202262144813,-0.006600670793112884,False,False
534,0.6802502789099509,0.6069767222860529,-0.073273556623898,False,False
535,0.8434333333333334,0.6979166666666667,-0.14551666666666663,False,False
536,0.655392919172664,0.8604825777356985,0.20508965856303452,True,False
537,0.8867862050803227,0.8941868105266797,0.0074006054463570115,True,False
538,0.9707094943240455,0.9901960784313726,0.019486584107327065,True,False
539,0.7374956320885494,0.6608679912563152,-0.07662764083223417,False,False
540,0.3216845878136201,0.21851851851851853,-0.10316606929510155,False,False
541,0.414824484666444,0.436416876531185,0.02159239186474099,True,False
542,0.6727902837902837,0.751571268237935,0.07878098444765125,True,False
543,0.8320682661531369,0.8084823618692493,-0.023585904283887626,False,False
544,0.7157571798450089,0.8739285800589628,0.15817140021395393,True,False
545,0.5573740510697032,0.5264550264550264,-0.03091902461467677,False,False
546,0.5331024697929848,0.5811681882586274,0.04806571846564256,True,False
547,0.7835446535244922,0.743110826847386,-0.040433826677106155,False,False
548,0.44648505228266516,0.3170731707317073,-0.12941188155095784,False,False
549,0.6883633985480596,0.7016755441014914,0.013312145553431742,True,False
550,0.5225588513093254,0.5214832353745092,-0.0010756159348161987,False,False
551,0.7698106728291738,0.7979728603474876,0.028162187518313786,True,False
552,0.7566753968537856,0.7531808967476881,-0.003494500106097531,False,False
553,0.8385153743315508,0.8523433346624136,0.013827960330862865,True,False
554,0.3291451525054466,0.3451354847494553,0.015990332244008698,True,False
555,0.5856026149776149,0.7964268755935423,0.2108242606159274,True,False
556,0.5507671418058323,0.5703301547396538,0.019563012933821455,True,False
557,0.7516624788255223,0.6424367902628773,-0.10922568856264503,False,False
558,0.5140503535570677,0.6197075944366088,0.10565724087954109,True,False
560,0.7540627555927177,0.7412361041088936,-0.012826651483824114,False,False
561,0.6256330891330891,0.5842592592592593,-0.04137382987382987,False,False
562,0.6561540982484948,0.8091666666666666,0.1530125684181718,True,False
564,0.7831222222222222,0.6920634920634922,-0.09105873015873,False,False
565,0.6755277777777777,0.84375,0.16822222222222227,True,False
566,0.2279511270157359,0.20233328134671272,-0.02561784566902317,False,False
567,1.0,1.0,0.0,False,True
568,1.0,1.0,0.0,False,True
569,0.5372802389621225,0.5596977798211483,0.02241754085902581,True,False
570,0.5317905944230914,0.5448186898792452,0.013028095456153799,True,False
571,0.5129647310430924,0.5690931547994434,0.056128423756351076,True,False
572,0.37116666666666664,0.3958333333333333,0.02466666666666667,True,False
573,0.7144588815789474,0.655811403508772,-0.05864747807017545,False,False
574,0.7347585227272728,0.8295454545454546,0.09478693181818176,True,False
575,0.5636087101595723,0.6098092339094494,0.046200523749877154,True,False
576,0.6564021942110178,0.6517609710550888,-0.004641223155928964,False,False
577,0.865192613180157,0.8396530360974379,-0.025539577082719145,False,False
578,0.8413545621045622,0.8636141636141635,0.02225960150960138,True,False
579,0.8304439033189033,0.8398709786945082,0.009427075375604943,True,False
580,0.4668373737373737,0.6889057239057239,0.2220683501683502,True,False
581,0.620888711928766,0.5902471405228759,-0.03064157140589019,False,False
582,0.8187287808754601,0.831691069314409,0.012962288438948866,True,False
583,0.8190274849582289,0.8545398843520534,0.035512399393824556,True,False
584,0.873642021720969,0.9247389306599832,0.051096908939014196,True,False
585,0.5775696006199014,0.6197377918019564,0.04216819118205506,True,False
586,0.8626309523809523,0.729591836734694,-0.13303911564625837,False,False
587,0.3818050184268154,0.3746239660924684,-0.007181052334347016,False,False
588,0.8213280374253787,0.8438056359989287,0.022477598573549917,True,False
589,0.686574074074074,0.6311728395061729,-0.055401234567901136,False,False
590,0.7598983309674366,0.7983600502867102,0.03846171931927356,True,False
591,0.5157187307207792,0.5764075241837079,0.06068879346292866,True,False
592,0.6945648148148148,0.8386111111111111,0.14404629629629628,True,False
593,0.48518781938226385,0.5690731000560061,0.08388528067374224,True,False
594,0.7880689640677165,0.8525623048048298,0.06449334073711321,True,False
595,0.6327711697722568,0.7676751207729469,0.13490395100069008,True,False
596,0.3983591686091686,0.3568181818181818,-0.04154098679098678,False,False
597,0.8981521164021165,0.8226544153014742,-0.07549770110064224,False,False
598,0.47093732193732196,0.3866809116809117,-0.08425641025641029,False,False
599,0.5427519841269841,0.6548611111111111,0.112109126984127,True,False
600,0.6592037037037037,0.6851851851851851,0.025981481481481383,True,False
601,0.42380368559068593,0.4007196006381246,-0.023084084952561312,False,False
602,0.6122272768948919,0.5253683456982773,-0.08685893119661459,False,False
603,0.5340177536231884,0.6939009661835748,0.1598832125603864,True,False
604,0.32212591903505156,0.3988536915346872,0.07672777249963564,True,False
605,0.7629594835524762,0.7441604631366561,-0.018799020415820156,False,False
606,0.6194846880172967,0.6406769558943471,0.02119226787705042,True,False
607,0.7766666666666667,0.7395833333333333,-0.03708333333333347,False,False
608,0.32332706758662133,0.32033746984682504,-0.0029895977397962903,False,False
609,0.8341345176503714,0.8473295454545454,0.013195027804174031,True,False
610,0.5517941381904148,0.5695271910254179,0.01773305283500315,True,False
611,0.7715770711143695,0.8002507150356613,0.02867364392129179,True,False
613,0.5580977124727124,0.5412904403289018,-0.016807272143810614,False,False
614,0.5992664835164835,0.6639804639804641,0.06471398046398058,True,False
615,0.8828797387186036,0.8959012523059458,0.01302151358734216,True,False
616,0.7711031746031746,0.6027210884353742,-0.16838208616780037,False,False
617,0.7688343253968255,0.6388888888888888,-0.12994543650793666,False,False
618,0.48770538720538725,0.6363636363636364,0.1486582491582491,True,False
619,0.7107259570494864,0.8253968253968254,0.11467086834733897,True,False
620,0.5810176656920079,0.5555555555555556,-0.025462110136452276,False,False
621,0.4649638458689261,0.45516405391357645,-0.009799791955349635,False,False
622,0.8316158234126984,0.8359375,0.004321676587301648,True,False
623,0.8191536388588514,0.8122917189979947,-0.006861919860856713,False,False
624,0.557648353761816,0.6189231111433257,0.06127475738150967,True,False
625,0.7644409722222223,0.7997767857142858,0.035335813492063495,True,False
626,0.7297357064733225,0.7104072398190046,-0.019328466654317977,False,False
627,0.49496523809523807,0.5006984126984128,0.005733174603174684,True,False
628,0.6898924190557695,0.7214104027005183,0.03151798364474878,True,False
629,0.3733546909278616,0.5703866889892963,0.19703199806143473,True,False
630,0.8659436220098391,0.8308792315333927,-0.03506439047644638,False,False
631,0.6216710736503406,0.6395787544303503,0.017907680780009705,True,False
632,0.6877124683689901,0.7615187198067632,0.07380625143777308,True,False
633,0.5740816003168945,0.6054169142404436,0.03133531392354916,True,False
634,0.8379736239140214,0.8762701955782313,0.038296571664209855,True,False
635,0.8350777491426551,0.9399155432410612,0.1048377940984061,True,False
636,0.7320570846675922,0.6941110588942371,-0.03794602577335515,False,False
637,0.6228684122264827,0.6211867985624954,-0.0016816136639873358,False,False
638,0.8457945491059526,0.8748325678150239,0.0290380187090713,True,False
639,0.6953653324018216,0.6869608054546444,-0.008404526947177193,False,False
640,0.7203750000000001,0.8914930555555556,0.17111805555555548,True,False
641,0.7074565968333956,0.7348180415577952,0.02736144472439961,True,False
642,0.7129788359788359,0.6489858906525573,-0.06399294532627864,False,False
643,0.27282988721804513,0.22660818713450293,-0.046221700083542205,False,False
644,0.4427068492070564,0.4123383050538223,-0.03036854415323409,False,False
645,0.9411188141923437,0.9338235294117646,-0.007295284780579059,False,False
646,0.7366907058355261,0.6817180376918486,-0.05497266814367752,False,False
647,0.5082559937925053,0.4636418900249152,-0.04461410376759012,False,False
648,0.6798857937273994,0.7055428644545633,0.025657070727163833,True,False
649,0.7118278943278944,0.6973899116756259,-0.014437982652268477,False,False
650,0.6752097288676235,0.6659584567479304,-0.009251272119693121,False,False
651,0.7190774008137317,0.6554966107286031,-0.06358079008512862,False,False
652,0.3554789833567967,0.42807217943087505,0.07259319607407838,True,False
653,0.7362379807692307,0.7698317307692308,0.03359375000000009,True,False
654,0.6071316977490758,0.665805306557339,0.05867360880826322,True,False
655,0.2485830058142004,0.2708032157492722,0.02222020993507179,True,False
656,0.6939806900152645,0.6885967920967921,-0.00538389791847238,False,False
657,0.6684225042511717,0.5750821432356832,-0.09334036101548848,False,False
658,0.3471260578760579,0.33125,-0.015876057876057892,False,False
659,0.6148253367003367,0.6290444839551982,0.014219147254861508,True,False
660,0.29860126520889957,0.3029893156339895,0.00438805042508994,True,False
661,0.8872746963684464,0.9309298340548341,0.043655137686387735,True,False
662,0.4979735994999984,0.39555890672661836,-0.10241469277338006,False,False
663,0.46086019908240244,0.7028616392127423,0.2420014401303398,True,False
664,0.7651078637125148,0.7746757478192468,0.009567884106731928,True,False
665,0.5273993055555555,0.5833333333333334,0.055934027777777895,True,False
666,0.5883595686670047,0.6427757381657556,0.054416169498750944,True,False
667,0.5167492721443114,0.4947444404088889,-0.02200483173542256,False,False
668,0.5524024725274725,0.60625,0.05384752747252741,True,False
669,0.7582707885522381,0.7366646550313096,-0.02160613352092844,False,False
670,0.39779635642135647,0.4619801915256461,0.06418383510428965,True,False
671,0.886720652958153,0.9083996212121213,0.0216789682539682,True,False
672,0.7119663688413688,0.7022937380080237,-0.00967263083334502,False,False
673,0.3746060397072355,0.4287203438837043,0.054114304176468786,True,False
674,0.8196431242368741,0.8010460273853132,-0.018597096851560968,False,False
675,0.4750479797979798,0.5133838383838384,0.038335858585858584,True,False
676,0.38458362824874714,0.3548092998415319,-0.029774328407215223,False,False
677,0.733925873712058,0.7506963054002528,0.01677043168819481,True,False
678,0.6709839091032339,0.6686681010396885,-0.002315808063545366,False,False
679,0.8374690188483292,0.8397502880261501,0.0022812691778208993,True,False
680,0.6446873728123728,0.42857142857142855,-0.2161159442409442,False,False
681,0.7893550724637681,0.8061231884057971,0.016768115942028983,True,False
682,0.9490595238095239,0.9507991242474001,0.001739600437876243,True,False
683,0.4711248059006211,0.8087797619047619,0.33765495600414075,True,False
684,0.7809992063492064,0.7863247863247863,0.005325579975579919,True,False
685,0.4515278373528519,0.5000058280055092,0.04847799065265729,True,False
686,0.6607474747474746,0.7683080808080808,0.10756060606060613,True,False
687,0.6405659464406435,0.6828690079457342,0.04230306150509078,True,False
688,0.6418571428571428,0.7009259259259258,0.05906878306878305,True,False
689,0.5653266615047103,0.6574274824274824,0.09210082092277205,True,False
690,0.9653002071285017,0.9642350596569377,-0.001065147471564054,False,False
691,0.9312859713386029,0.9368463540249713,0.005560382686368381,True,False
692,0.7328789523931469,0.7224728066858128,-0.010406145707334113,False,False
693,0.8101025132275133,0.812037037037037,0.0019345238095237471,True,False
694,0.7304905889249639,0.4706709956709957,-0.2598195932539682,False,False
695,0.5774025027057571,0.5366135996265955,-0.04078890307916161,False,False
696,0.6621528923180868,0.6707519350017447,0.008599042683657854,True,False
697,0.635186600221484,0.6715274692510829,0.03634086902959888,True,False
698,0.5929457967990376,0.5790983784179353,-0.013847418381102261,False,False
699,0.43537328763698274,0.403413435515344,-0.031959852121638765,False,False
700,0.7134972222222222,0.8645833333333334,0.15108611111111114,True,False
701,0.4600725974113071,0.5683818899544706,0.10830929254316346,True,False
702,0.5312713776906786,0.5830979716947691,0.05182659400409051,True,False
703,0.8628061868686869,1.0,0.13719381313131307,True,False
704,0.2909302610651754,0.33026192933313675,0.03933166826796136,True,False
705,0.4957669198856699,0.5747044374276518,0.07893751754198186,True,False
706,0.6466456626706626,0.6385941219274552,-0.008051540743207353,False,False
707,0.7228656365089292,0.8665242165242164,0.1436585800152872,True,False
708,0.5643517857142857,0.685515873015873,0.12116408730158734,True,False
709,0.3799140676949026,0.4090191212961612,0.02910505360125859,True,False
710,0.5754506436040832,0.5682447767561655,-0.007205866847917686,False,False
711,0.7196128797526904,0.6865991214111796,-0.03301375834151077,False,False
712,0.5574244097392522,0.5436692002682667,-0.013755209470985519,False,False
713,0.46871886523223594,0.5723090704074311,0.10359020517519513,True,False
714,0.855885224975877,0.7826670638515377,-0.07321816112433932,False,False
715,0.6747031746031746,0.6166004738015608,-0.05810270080161384,False,False
716,0.8721222887106134,0.8209531346641498,-0.051169154046463605,False,False
717,0.3382528161802355,0.48571428571428565,0.14746146953405015,True,False
718,0.7443165031597371,0.7300420719916755,-0.014274431168061597,False,False
719,0.5277339826839826,0.5878787878787879,0.06014480519480525,True,False
720,0.3504209591062532,0.35753228933375997,0.0071113302275067625,True,False
721,0.5359732248432714,0.5465879972264831,0.010614772383211735,True,False
722,0.7413583869833871,0.7006512006512007,-0.040707186332186396,False,False
723,0.6286912768031189,0.4222222222222222,-0.20646905458089665,False,False
724,0.6401739413850646,0.5644478844169246,-0.07572605696813994,False,False
725,0.6773710317460317,0.7273940826330533,0.050023050887021525,True,False
726,0.7661722099942936,0.7958431836091411,0.029670973614847496,True,False
727,0.5511508219449396,0.6464981849747474,0.09534736302980784,True,False
728,0.4406433201058201,0.4264531684236545,-0.014190151682165586,False,False
729,0.6599850901301214,0.6688540607449549,0.008868970614833493,True,False
730,0.7683677248677249,0.8246248812915479,0.05625715642382301,True,False
731,0.66447143683996,0.6787217418704782,0.014250305030518162,True,False
732,0.5482108661610057,0.5768951056276429,0.02868423946663723,True,False
733,0.7778497466836282,0.7655502392344498,-0.012299507449178404,False,False
734,0.5909780844155844,0.46249999999999997,-0.12847808441558445,False,False
735,0.541723944176955,0.5314683608481637,-0.010255583328791285,False,False
736,0.6958410149618436,0.7256124412861065,0.029771426324262884,True,False
737,0.5723467816625616,0.5641710536494416,-0.008175728013119943,False,False
738,0.45000763125763127,0.6456807081807082,0.19567307692307695,True,False
739,0.9049531973618433,0.9405462037941619,0.03559300643231855,True,False
740,0.8812747300592129,0.9048701298701299,0.023595399810917073,True,False
741,0.42260441089471146,0.5087392031836476,0.08613479228893617,True,False
742,0.5301709401709401,0.6552617521367521,0.12509081196581195,True,False
743,0.4335666735453263,0.4855855478762611,0.05201887433093483,True,False
744,0.4490995556249466,0.3574123309199003,-0.09168722470504626,False,False
745,0.29585768398268397,0.39015151515151514,0.09429383116883117,True,False
746,0.2715629941085439,0.23241345542614117,-0.03914953868240273,False,False
747,0.7705190476190477,0.7316402116402116,-0.03887883597883601,False,False
748,0.7926872977891201,0.8446710524350276,0.05198375464590754,True,False
749,0.4593041324876232,0.42936942718095167,-0.029934705306671527,False,False
750,0.8928553391053391,0.8984126984126984,0.005557359307359344,True,False
751,0.8171190476190476,0.7857142857142857,-0.031404761904761935,False,False
752,0.3821218596066781,0.4031489754113148,0.021027115804636676,True,False
753,0.6416716840102593,0.6658452775549402,0.02417359354468085,True,False
754,0.5829817704778193,0.6964926837356304,0.11351091325781115,True,False
755,0.8196023613530404,0.8336096429335417,0.01400728158050124,True,False
756,0.5705556409964305,0.604831206804891,0.03427556580846047,True,False
757,0.389421996386623,0.39123211389499407,0.0018101175083710674,True,False
758,0.715265867707172,0.582051282051282,-0.13321458565589006,False,False
759,0.6240285865833811,0.6163926940639269,-0.007635892519454179,False,False
760,0.8413240740740742,0.8853395061728394,0.04401543209876524,True,False
761,0.9459062500000001,0.9441358024691358,-0.0017704475308643053,False,False
762,0.5730225893997446,0.5631226053639847,-0.009899984035759868,False,False
763,0.615776388888889,0.5409722222222222,-0.07480416666666678,False,False
764,0.8952135260347537,0.8832849411174221,-0.01192858491733162,False,False
765,0.5370168096976724,0.5639597344288623,0.026942924731189866,True,False
766,0.7306270913770914,0.6830357142857143,-0.04759137709137706,False,False
767,0.8125813790632531,0.85211106618646,0.039529687123206925,True,False
768,0.9016104427736006,0.9567260164299638,0.055115573656363215,True,False
769,0.6807165292323208,0.7537458652306889,0.07302933599836803,True,False
770,0.3602104223779154,0.37027812283638306,0.010067700458467665,True,False
771,0.6754768518518519,0.7986111111111112,0.12313425925925925,True,False
772,0.7143780195030195,0.5500723938223938,-0.16430562568062568,False,False
773,0.4767845927220927,0.4380354020979021,-0.03874919062419063,False,False
774,0.37362734528824343,0.3880534408459941,0.014426095557750651,True,False
775,0.6607870370370371,0.5666666666666667,-0.09412037037037047,False,False
776,0.5536972814523627,0.6575248438615249,0.10382756240916213,True,False
777,0.10272901317022036,0.0983953532930141,-0.004333659877206256,False,False
778,0.5560759803775586,0.5809702891367818,0.02489430875922327,True,False
779,0.4638552754435107,0.5900871459694988,0.12623187052598817,True,False
780,0.5771845406212561,0.54799741496204,-0.029187125659216107,False,False
781,0.4167001173793373,0.45776329891400597,0.04106318153466865,True,False
783,0.6047609841743138,0.5455627329506727,-0.059198251223641085,False,False
784,0.684888888888889,0.6240740740740741,-0.06081481481481488,False,False
785,0.521861457061457,0.45997702991452993,-0.0618844271469271,False,False
786,0.6813433171756301,0.7064426664663311,0.025099349290701012,True,False
787,0.6770442054958185,0.6615999634502925,-0.015444242045525969,False,False
788,0.6141023582373674,0.575427976663913,-0.038674381573454375,False,False
789,0.24391358122080628,0.27292823189882015,0.02901465067801387,True,False
790,0.7881712962962963,0.8374999999999999,0.04932870370370357,True,False
791,0.8161489651487899,0.8419891228113714,0.02584015766258152,True,False
792,0.3609907381266077,0.4675091575091575,0.1065184193825498,True,False
793,0.5649463332006435,0.7520423584504045,0.187096025249761,True,False
794,0.7005188950132024,0.7099078341013825,0.00938893908818006,True,False
795,0.5702139603781664,0.5741836758603649,0.003969715482198488,True,False
796,0.3569938200075149,0.413683058767075,0.05668923875956011,True,False
797,0.7525042151696744,0.7653122416999586,0.012808026530284233,True,False
798,0.4278152321511556,0.4944967939147221,0.06668156176356654,True,False
799,0.6486995851370851,0.690625,0.0419254148629149,True,False
800,0.5985900026178184,0.6471201113035913,0.0485301086857729,True,False
801,0.6556352508181014,0.6970711243552554,0.041435873537154055,True,False
802,0.812006730747909,0.8077235767750016,-0.00428315397290735,False,False
803,0.5831783074648929,0.5591489077769566,-0.02402939968793627,False,False
804,0.5005257936507936,0.4537037037037037,-0.04682208994708992,False,False
805,0.6337780581698559,0.6442082019287902,0.010430143758934363,True,False
806,0.8415352258852259,0.7436469780219781,-0.09788824786324779,False,False
807,0.7258338675213675,0.7051388888888889,-0.0206949786324786,False,False
808,0.5277297453713178,0.5373103560068901,0.009580610635572362,True,False
809,0.693612950937951,0.7813636363636364,0.08775068542568543,True,False
810,0.6505192869017903,0.6305444895243243,-0.01997479737746599,False,False
811,0.750066170388751,0.7566515026192445,0.0065853322304935125,True,False
812,0.6169970570949577,0.6551969637139382,0.03819990661898054,True,False
813,0.4899858456532985,0.5096854665250892,0.01969962087179067,True,False
814,0.7316397907647908,0.7926731601731601,0.06103336940836934,True,False
815,0.7948461538461538,0.7767558528428093,-0.01809030100334441,False,False
816,0.6247297275844519,0.4836735411481174,-0.1410561864363345,False,False
817,0.8505088399584951,0.8519399599675695,0.0014311200090744158,True,False
818,0.616873674547993,0.6888702519204208,0.07199657737242782,True,False
819,0.44455316429602143,0.47134894867037724,0.026795784374355813,True,False
820,0.5043237508459909,0.5443723414683668,0.04004859062237587,True,False
821,0.3564285714285714,0.2857142857142857,-0.07071428571428567,False,False
822,0.5960691513460166,0.614555980214611,0.01848682886859443,True,False
823,0.6265013353011455,0.5821939715252887,-0.044307363775856756,False,False
824,0.5585058804193986,0.5829748611024955,0.024468980683096886,True,False
825,0.4208261183261183,0.47261904761904766,0.051792929292929335,True,False
826,0.41472619047619047,0.6339285714285715,0.21920238095238104,True,False
827,0.6625285947712419,0.6979575163398692,0.035428921568627314,True,False
828,0.4367601581294373,0.3936333075349093,-0.04312685059452798,False,False
829,0.8668916301055595,0.8676773307561507,0.0007857006505912478,True,False
830,0.46593086180470883,0.5725439798135781,0.10661311800886925,True,False
831,0.915324074074074,0.9604938271604938,0.045169753086419795,True,False
832,0.7693614015411461,0.7165794960443485,-0.05278190549679762,False,False
833,0.68825,0.775,0.08675,True,False
834,0.7946206037970743,0.7571020074696546,-0.03751859632741972,False,False
836,0.2705187465790914,0.1797847108191936,-0.09073403575989783,False,False
837,0.4219388528138528,0.3150252525252525,-0.10691360028860031,False,False
838,0.7838138578434167,0.8650910572360322,0.08127719939261546,True,False
839,0.7979957064571853,0.8236982609195175,0.02570255446233216,True,False
840,0.8612826283823103,0.8556076378011768,-0.005674990581133521,False,False
841,0.4360146103896103,0.48051948051948046,0.044504870129870144,True,False
842,0.5863578789927675,0.5890589464625975,0.0027010674698300097,True,False
843,0.8137896011396012,0.8438492063492062,0.030059605209605045,True,False
844,0.5794288267345822,0.5994180939833114,0.01998926724872918,True,False
845,0.6412350860521592,0.7470975993703266,0.10586251331816743,True,False
846,0.7173100132390415,0.7460486240864836,0.028738610847442114,True,False
847,0.4487005108202701,0.535649585921325,0.08694907510105493,True,False
848,0.8316940025252525,0.8365555555555556,0.004861553030303112,True,False
849,0.41197357144226215,0.3784069346213559,-0.03356663682090627,False,False
850,0.5696565001254941,0.6009151402260997,0.03125864010060564,True,False
851,0.5822891414141413,0.5934103655243086,0.01112122411016725,True,False
852,0.8408836553945249,0.9089673913043478,0.06808373590982286,True,False
853,0.7736762173136836,0.7787642436429498,0.005088026329266193,True,False
854,0.33022000503479354,0.35449798968558066,0.02427798465078712,True,False
855,0.58256776242583,0.6036682436518681,0.021100481226038137,True,False
856,0.4933115887943474,0.7241379310344828,0.23082634224013537,True,False
857,0.7790419011544012,0.8064419707276851,0.02740006957328389,True,False
858,0.7792141007686985,0.8813068964900861,0.10209279572138763,True,False
859,0.574780847721256,0.4043946511215227,-0.17038619659973336,False,False
860,0.20443620920989342,0.5138680033416876,0.30943179413179417,True,False
861,0.6788209485407066,0.5811528301447656,-0.09766811839594103,False,False
862,0.5933168238993711,0.6496287561146051,0.056311932215234006,True,False
863,0.8518209061402338,0.9319411764705883,0.08012027033035451,True,False
864,0.7385984380227442,0.7358269292544264,-0.0027715087683177764,False,False
865,0.6753150252525252,0.7118055555555555,0.03649053030303029,True,False
866,0.5183760822510822,0.5249999999999999,0.006623917748917685,True,False
867,0.5746329365079366,0.467063492063492,-0.10756944444444455,False,False
868,0.4645563492063492,0.525,0.06044365079365083,True,False
869,0.6428583925459084,0.6593529305125136,0.01649453796660527,True,False
870,0.4106227106227106,0.6047880690737834,0.19416535845107274,True,False
871,0.696186391223156,0.6878251300520208,-0.008361261171135115,False,False
872,0.574447463768116,0.6228860813099943,0.04843861754187839,True,False
873,0.7987723037115896,0.8214156936471073,0.022643389935517733,True,False
874,0.5932623556998557,0.41904761904761906,-0.1742147366522367,False,False
875,0.7077291666666666,0.7274249124746637,0.019695745807997045,True,False
876,0.786612687690988,0.8549953909138943,0.0683827032229063,True,False
877,0.49246170409347867,0.4883176139402928,-0.004144090153185842,False,False
878,0.7993168313168313,0.8093915343915343,0.01007470307470304,True,False
879,0.5875455447330448,0.7174845553751803,0.12993901064213553,True,False
880,0.538253768078551,0.5507712393373316,0.012517471258780666,True,False
881,0.2765718526537259,0.27547354929530204,-0.0010983033584238688,False,False
882,0.7882510568989239,0.8349262051613705,0.046675148262446564,True,False
883,0.5519916426166426,0.5492424242424242,-0.0027492183742183762,False,False
884,0.7965565128186742,0.8346575805905949,0.03810106777192068,True,False
885,0.7744328898225957,0.8064529914529914,0.0320201016303957,True,False
886,0.5061111111111112,0.5104166666666666,0.0043055555555554514,True,False
887,0.49168302217218623,0.3738413547237077,-0.11784166744847852,False,False
888,0.5920609095258218,0.5300102298906126,-0.06205067963520916,False,False
889,0.228245527468383,0.2678833471296469,0.039637819661263896,True,False
890,0.6658175558605778,0.7425551422598137,0.07673758639923589,True,False
891,0.6583036861308174,0.7022312136623128,0.043927527531495425,True,False
892,0.6267045855379189,0.6151207177596066,-0.011583867778312218,False,False
893,0.39063361987307,0.3972415052977713,0.00660788542470131,True,False
894,0.8918245444642503,0.9056637806637806,0.013839236199530314,True,False
895,0.7987787456008044,0.7758974358974359,-0.022881309703368546,False,False
896,0.6608349888673417,0.7364129697463031,0.07557798087896139,True,False
897,0.5823955862146399,0.5696872883253957,-0.012708297889244213,False,False
898,0.8618915470494417,0.9084688995215311,0.046577352472089384,True,False
899,0.5234413835753849,0.5186539022782521,-0.004787481297132801,False,False
900,0.4509166666666667,0.26666666666666666,-0.18425000000000002,False,False
901,0.5330021367521368,0.5643696581196581,0.0313675213675213,True,False
902,0.8575,0.8583333333333334,0.0008333333333333526,True,False
903,0.47037740907868025,0.4835882635882636,0.01321085450958337,True,False
904,0.5012043881506091,0.45271766436979616,-0.048486723780812924,False,False
905,0.6445187952055258,0.7823834829494128,0.13786468774388705,True,False
906,0.7273164682539682,0.8842592592592593,0.15694279100529107,True,False
907,0.931775462962963,0.937037037037037,0.005261574074074016,True,False
908,0.5245760220961834,0.6944444444444443,0.16986842234826094,True,False
909,0.7398843253968254,0.585,-0.1548843253968254,False,False
910,0.5921919742093655,0.6003288157092505,0.008136841499884917,True,False
911,0.733769474839225,0.7542739564546543,0.020504481615429282,True,False
912,0.6083627450980392,0.7529411764705882,0.144578431372549,True,False
913,0.6252782446311858,0.6349789915966387,0.009700746965452978,True,False
914,0.9066900234025234,0.902514880952381,-0.004175142450142388,False,False
916,0.7881754449254449,0.8541405122655122,0.06596506734006735,True,False
917,0.8162851484796818,0.7851851851851852,-0.031099963294496602,False,False
918,0.3257904395704246,0.4066697191697191,0.08087927959929453,True,False
919,0.7751121027443701,0.7863899931368833,0.011277890392513146,True,False
920,0.46856717714782226,0.4996238425925925,0.03105666544477026,True,False
921,0.6237895515989779,0.5987421671882054,-0.025047384410772477,False,False
922,0.5629885301702318,0.5853149779587833,0.02232644778855153,True,False
923,0.3994502145106984,0.48866739592546043,0.08921718141476204,True,False
924,0.8693842303385654,0.8627039621450439,-0.006680268193521521,False,False
925,0.4688555323769092,0.46736254888428796,-0.0014929834926212249,False,False
926,0.8518532865572339,0.8657398493418231,0.013886562784589218,True,False
927,0.5278561784452517,0.49491636197321814,-0.032939816472033534,False,False
928,0.8419166342916342,0.8684305068828878,0.026513872591253596,True,False
929,0.6941615427843262,0.6748534547695294,-0.019308088014796776,False,False
930,0.3747181030770802,0.35825358851674644,-0.016464514560333765,False,False
931,0.6938684225796385,0.7757020172250058,0.08183359464536721,True,False
932,0.763707175925926,0.8518518518518519,0.0881446759259259,True,False
933,0.5979499653124654,0.7100973100973101,0.11214734478484478,True,False
934,0.3270635131489732,0.3142516773677806,-0.012811835781192604,False,False
935,0.47569984165301504,0.5391760853650072,0.06347624371199212,True,False
936,0.5885872989096673,0.5939492159886897,0.005361917079022338,True,False
937,0.7535427489084868,0.7720911595467678,0.018548410638280943,True,False
938,0.7202298976608187,0.7037037037037036,-0.016526193957115076,False,False
939,0.676746573643025,0.6843053585252721,0.007558784882247038,True,False
940,0.528364030485736,0.5559249471458774,0.027560916660141377,True,False
942,0.861875,0.8640625,0.002187500000000009,True,False
943,0.876494448561704,0.8989763859329076,0.02248193737120363,True,False
944,0.682,0.7396825396825396,0.05768253968253956,True,False
945,0.5449321813452248,0.5705545125834981,0.025622331238273288,True,False
946,0.681241452991453,0.7422771672771672,0.06103571428571419,True,False
947,0.4832550747863248,0.6125,0.12924492521367525,True,False
948,0.5884778572728873,0.6146408615734255,0.026163004300538195,True,False
949,0.7374229397083839,0.7843253719469809,0.046902432238597025,True,False
951,0.9208750000000001,0.7683333333333333,-0.1525416666666668,False,False
952,0.743858839091192,0.8175210084033614,0.0736621693121694,True,False
953,0.942663585104254,0.9156514560975572,-0.027012129006696806,False,False
954,0.634515170940171,0.6837505623031939,0.04923539136302291,True,False
955,0.5627417208318211,0.5717031511688336,0.008961430337012577,True,False
956,0.7132602284672565,0.8163096540778202,0.10304942561056374,True,False
957,0.8292520702117413,0.8314208542506077,0.0021687840388664448,True,False
958,0.6947424731814266,0.8195116394425987,0.12476916626117218,True,False
959,0.6700366055474603,0.718204395285735,0.048167789738274736,True,False
960,0.7643038901720532,0.7218555323818483,-0.04244835779020495,False,False
961,0.7022388468013468,0.7143434343434343,0.01210458754208743,True,False
962,0.8032606837606838,0.9433333333333334,0.14007264957264953,True,False
963,0.5610323338970353,0.6099362460948223,0.048903912197787,True,False
964,0.5134374609304201,0.7432834537323701,0.22984599280195006,True,False
965,0.7480706387582878,0.7859477124183006,0.037877073660012806,True,False
966,0.4706018604967203,0.6429244690926933,0.17232260859597298,True,False
967,0.6172328855784738,0.7102372935706269,0.09300440799215315,True,False
968,0.7443531746031746,0.8936838624338624,0.1493306878306878,True,False
969,0.8387388888888888,0.8402777777777777,0.0015388888888888674,True,False
970,0.4567353675420518,0.43789061273003455,-0.01884475481201725,False,False
971,0.42491751691022484,0.4547083708147816,0.02979085390455677,True,False
972,0.6633544973544975,0.7338624338624339,0.07050793650793641,True,False
973,0.43710359640255625,0.456865435031402,0.01976183862884573,True,False
974,0.5692376230185561,0.6506717501815541,0.08143412716299803,True,False
975,0.4314377062620758,0.5082851513609266,0.07684744509885078,True,False
976,0.2916066919191919,0.3314393939393939,0.039832702020202004,True,False
977,0.6388921376580976,0.7088323957729123,0.06994025811481475,True,False
978,0.7376001984126984,0.6541046626984127,-0.0834955357142857,False,False
979,0.6437951853937024,0.7300026896180742,0.08620750422437184,True,False
980,0.568156048166393,0.5905628534938879,0.02240680532749495,True,False
981,0.5058265395271593,0.5207993850702979,0.014972845543138602,True,False
982,0.8073565867003367,0.8595657091750841,0.052209122474747405,True,False
983,0.7690488992036939,0.7261142401542212,-0.04293465904947269,False,False
984,0.6125794816741514,0.6197752789604517,0.007195797286300265,True,False
985,0.8350598931064833,0.8486784319210277,0.013618538814544334,True,False
986,0.635275,0.5666666666666667,-0.06860833333333338,False,False
987,0.7771454257527097,0.8326057435294584,0.05546031777674865,True,False
988,0.8291129584017516,0.8486950549450549,0.01958209654330334,True,False
989,0.9327460317460318,0.9509700176366843,0.01822398589065255,True,False
990,0.5133623047875064,0.4454939000393546,-0.06786840474815187,False,False
991,0.5087329996392497,0.5639550264550265,0.055222026815776815,True,False
992,0.4636725427350427,0.4334935897435898,-0.0301789529914529,False,False
993,0.43007740970784447,0.40449735449735447,-0.025580055210490005,False,False
994,0.7289845958837017,0.8265916149068323,0.09760701902313063,True,False
995,0.6432405982905983,0.6323333333333332,-0.010907264957265128,False,False
996,0.8323351799418398,0.8136988276074024,-0.01863635233443739,False,False
997,0.6773232323232324,0.8943181818181818,0.21699494949494935,True,False
998,0.8091087145878813,0.8487271186790418,0.039618404091160575,True,False
999,0.43852404097369396,0.48953841086543076,0.0510143698917368,True,False
1000,0.795724384385299,0.8279428762308481,0.032218491845549035,True,False
1001,0.7064627525252526,0.7092878656355218,0.0028251131102692284,True,False
1002,0.769221250971251,0.8122646584185046,0.043043407447253546,True,False
1003,0.663736736542443,0.667609126984127,0.0038723904416839705,True,False
1004,0.49363398428553706,0.49258360786107513,-0.0010503764244619296,False,False
1005,0.7823034479510104,0.7604996915520686,-0.02180375639894172,False,False
1006,0.35325922619047617,0.319047619047619,-0.03421160714285715,False,False
1007,0.845111507936508,0.7814285714285715,-0.06368293650793655,False,False
1008,0.7067777777777777,0.6659722222222222,-0.04080555555555554,False,False
1009,0.513118499161182,0.5444621886695058,0.03134368950832378,True,False
1010,0.24596816406465916,0.26625014154535404,0.02028197748069488,True,False
1011,0.7811943780995505,0.6766203703703704,-0.10457400772918013,False,False
1012,0.31957247073913736,0.4228395061728395,0.10326703543370214,True,False
1013,0.7740185185185186,0.7143246187363834,-0.05969389978213513,False,False
1014,0.5241939324116743,0.6096176821983273,0.08542374978665301,True,False
1015,0.6556351893301406,0.6769307717430195,0.021295582412878877,True,False
1016,0.7158859381359381,0.7069071218230881,-0.008978816312850024,False,False
1017,0.5044933105733201,0.48455280066781514,-0.019940509905505,False,False
1018,0.7668641895600388,0.8233877459029589,0.05652355634292017,True,False
1019,0.4494099739549328,0.4913283538599993,0.04191837990506647,True,False
1020,0.7961268430802914,0.8191881394467602,0.02306129636646881,True,False
1021,0.9355622895622896,0.9342495543672014,-0.0013127351950882327,False,False
1022,0.4473749082195255,0.6253806634101884,0.17800575519066286,True,False
1023,0.8055084325396825,0.8063949938949939,0.0008865613553113993,True,False
1024,0.5757360703812316,0.6629961857665841,0.0872601153853525,True,False
1025,0.8367948717948718,0.7770655270655271,-0.05972934472934466,False,False
1026,0.5902679615705931,0.5241228070175439,-0.06614515455304926,False,False
1027,0.5559323593073593,0.7094356261022928,0.15350326679493353,True,False
1028,0.7246395502645503,0.7965167548500882,0.07187720458553792,True,False
1029,0.45144945445698675,0.5064931408681409,0.05504368641115415,True,False
1030,0.7137932037972267,0.6859887120903033,-0.02780449170692334,False,False
1031,0.7497040687868045,0.8196589384274172,0.0699548696406127,True,False
1032,0.8162927597927597,0.8024806753230768,-0.013812084469682961,False,False
1033,0.45359891944406683,0.42593589730159603,-0.027663022142470794,False,False
1034,0.5900686254038183,0.6159182386346386,0.025849613230820245,True,False
1035,0.6493484193390909,0.6560089388914015,0.0066605195523106175,True,False
1036,0.854923611111111,0.888888888888889,0.033965277777777914,True,False
1038,0.7087655491677924,0.6905088024266947,-0.018256746741097785,False,False
1039,0.468103354978355,0.7142857142857143,0.24618235930735932,True,False
1040,0.8089035547641533,0.8210819253964418,0.012178370632288438,True,False
1041,0.9151627532509886,0.9457231957231957,0.030560442472207128,True,False
1043,0.7460026917526917,0.7517560217560217,0.005753330003330004,True,False
1044,0.7388213959574474,0.7517263520531718,0.012904956095724396,True,False
1045,0.5956145320197045,0.5812925170068027,-0.014322015012901756,False,False
1046,0.5536666666666666,0.4104938271604938,-0.14317283950617282,False,False
1047,0.7483811943476577,0.7857477887965694,0.03736659444891166,True,False
1048,0.8222679093567251,0.7913533834586467,-0.030914525898078415,False,False
1049,0.6688363590600432,0.7583935354768688,0.08955717641682559,True,False
1050,0.29235652089603137,0.2713625892835492,-0.020993931612482142,False,False
1051,0.6345174918415561,0.6385067846992313,0.003989292857675131,True,False
1052,0.8829583333333333,0.8370370370370371,-0.045921296296296155,False,False
1053,0.4182310499865382,0.5808773526504619,0.16264630266392371,True,False
1054,0.8301325142090132,0.7286013449860315,-0.10153116922298178,False,False
1055,0.47291148233486946,0.47403950216450214,0.001128019829632676,True,False
1056,0.6396880089717046,0.49185321773636986,-0.14783479123533477,False,False
1057,0.6724784430347194,0.6937716311444532,0.021293188109733796,True,False
1058,0.7143227528947304,0.7574378699049733,0.043115117010242954,True,False
1059,0.30771149727025693,0.31585658962504437,0.008145092354787442,True,False
1060,0.5449816017316017,0.4986291486291486,-0.04635245310245312,False,False
1061,0.6283795995670995,0.6778472222222222,0.04946762265512261,True,False
1062,0.9537766433929409,0.9694333834629193,0.015656740069978414,True,False
1063,0.8472445081121056,0.8203316902154983,-0.026912817896607266,False,False
1064,0.6209053493508524,0.6725312314717802,0.05162588212092778,True,False
1065,0.5950955531923274,0.6564006909629029,0.061305137770575446,True,False
1066,0.6511589429096339,0.641934018745613,-0.009224924164020987,False,False
1067,0.7888772066068118,0.793335587085587,0.004458380478775226,True,False
1068,0.6183909332488888,0.5498833353878652,-0.06850759786102367,False,False
1069,0.4507464818662582,0.4566675331443417,0.005921051278083511,True,False
1070,0.581,0.5,-0.08099999999999996,False,False
1071,0.8172432284182389,0.8824265951319523,0.06518336671371339,True,False
1072,0.8167399698865901,0.8374635634493871,0.02072359356279696,True,False
1073,0.7670554644027664,0.7548906263572924,-0.012164838045473969,False,False
1074,0.5628298955770406,0.5902187450065538,0.02738884942951325,True,False
1075,0.7976861111111111,0.8419642857142857,0.044278174603174625,True,False
1076,0.43562596450617286,0.5851851851851851,0.14955922067901228,True,False
1077,0.6701378207815858,0.7189923565508715,0.04885453576928567,True,False
1078,0.7096769600352227,0.7246801163090455,0.01500315627382276,True,False
1079,0.5742538939634994,0.4449273324921367,-0.12932656147136268,False,False
1080,0.7151953623250136,0.8255620155038759,0.1103666531788623,True,False
1081,0.7782335858585858,0.7968885281385282,0.018654942279942355,True,False
1082,0.8719136081670564,0.8228533091777606,-0.04906029898929587,False,False
1083,0.6755252525252525,0.6642929292929293,-0.01123232323232326,False,False
1084,0.403767211954712,0.5025446775446775,0.09877746558996547,True,False
1085,0.43904166666666666,0.3190476190476191,-0.11999404761904758,False,False
1086,0.8103334699404905,0.8010881236100544,-0.009245346330436055,False,False
1087,0.7339768384217377,0.7497535850985786,0.015776746676840925,True,False
1088,0.611241514724677,0.6222579843905535,0.011016469665876438,True,False
1089,0.8437123294346978,0.7979292929292928,-0.04578303650540494,False,False
1090,0.4609882769151013,0.4922077922077922,0.031219515292690903,True,False
1092,0.7317202380952381,0.8416975308641974,0.10997729276895929,True,False
1093,0.5220101703235721,0.5270213045439645,0.005011134220392344,True,False
1094,0.5318544833559147,0.5726068425495906,0.040752359193675924,True,False
1095,0.7227931096681097,0.8768939393939393,0.1541008297258296,True,False
1096,0.35224833771545155,0.29584316037735847,-0.05640517733809308,False,False
1097,0.5698255904285755,0.5597345422365061,-0.010091048192069407,False,False
1098,0.8294125,0.8571428571428571,0.0277303571428571,True,False
1099,0.7120974953854499,0.5946717043791512,-0.11742579100629869,False,False
1100,0.3842582673810357,0.3948598130841121,0.01060154570307642,True,False
1101,0.5203433766792246,0.533205237187501,0.012861860508276424,True,False
1102,0.2926484126984127,0.26666666666666666,-0.025981746031746022,False,False
1103,0.4641337301587301,0.2994047619047619,-0.1647289682539682,False,False
1104,0.6762137902896777,0.5815789473684211,-0.09463484292125657,False,False
1105,0.6633314234722281,0.7038561383628433,0.040524714890615265,True,False
1106,0.5944194740326454,0.71917854098161,0.12475906694896466,True,False
1107,0.7267630344257152,0.6921247967827501,-0.03463823764296514,False,False
1108,0.8185499999999999,0.8370238095238095,0.018473809523809614,True,False
1109,0.4262443099280381,0.3985448943496115,-0.02769941557842659,False,False
1110,0.8068987956487956,0.7717128550461884,-0.03518594060260727,False,False
1111,0.6118568376068376,0.592948717948718,-0.01890811965811967,False,False
1112,0.5383213675352447,0.5650034359882062,0.026682068452961505,True,False
1113,0.7435822465821171,0.800891730632764,0.05730948405064684,True,False
1114,0.5380880572327108,0.5808695174197624,0.042781460187051645,True,False
1115,0.24829675012369848,0.22009484068512478,-0.028201909438573702,False,False
1116,0.764378968564954,0.7210343870390599,-0.043344581525894155,False,False
1117,0.6748748097592331,0.6904645209246734,0.015589711165440279,True,False
1118,0.6125859788359789,0.685626102292769,0.07304012345679012,True,False
1119,0.7577138163749622,0.8427249792450489,0.0850111628700867,True,False
1120,0.7242275249147023,0.7297999337943231,0.005572408879620738,True,False
1121,0.69498096760222,0.7963074112170148,0.10132644361479481,True,False
1122,0.3733710527460527,0.42642214038745135,0.05305108764139865,True,False
1123,0.3535244708994709,0.3333333333333333,-0.020191137566137607,False,False
1124,0.536852836611639,0.5410701497141135,0.004217313102474529,True,False
1125,0.3848381995616692,0.40116439703441586,0.016326197472746662,True,False
1126,0.5908125000000001,0.8166666666666668,0.2258541666666667,True,False
1127,0.5392897740550966,0.6313027636299526,0.09201298957485604,True,False
1128,0.5148046192609671,0.7160259841791494,0.20122136491818232,True,False
1129,0.7638490149963192,0.8207790060468632,0.05692999105054397,True,False
1130,0.7473693338240841,0.7218132446512568,-0.025556089172827257,False,False
1131,0.9748369526458422,0.9752993595098858,0.0004624068640435297,True,False
1132,0.8742825937626726,0.9008902795832573,0.026607685820584703,True,False
1133,0.5824184483309264,0.5669208242737654,-0.01549762405716093,False,False
1134,0.8928950934399851,0.8829235214103635,-0.009971572029621623,False,False
1135,0.7099381935826345,0.7303590711953964,0.0204208776127619,True,False
1136,0.4718877933595676,0.5782779944070267,0.10639020104745905,True,False
1137,0.6168066716877396,0.633633265586059,0.01682659389831942,True,False
1138,0.7201101812897588,0.8012687234518221,0.08115854216206331,True,False
1139,0.6499562856595377,0.6404113407670319,-0.009544944892505791,False,False
1140,0.6367039416388287,0.613992365190184,-0.022711576448644744,False,False
1141,0.46021305480130764,0.4823206984925426,0.02210764369123497,True,False
1142,0.4532486475781774,0.4754272905525479,0.0221786429743705,True,False
1143,0.9524722222222222,0.967022792022792,0.01455056980056979,True,False
1144,0.6863195767195768,0.5547619047619048,-0.13155767195767198,False,False
1145,0.4880588624338625,0.51877035002035,0.030711487586487507,True,False
1146,0.3239148604783024,0.344988120239769,0.021073259761466567,True,False
1147,0.46756581095464084,0.49254387156785273,0.024978060613211894,True,False
1148,0.7665916792033813,0.6940964610645463,-0.07249521813883508,False,False
1149,0.48858101980595725,0.5066164594354129,0.01803543962945564,True,False
1150,0.19235310838133476,0.2111547014939186,0.018801593112583836,True,False
1151,0.7048605178751356,0.623406833828345,-0.08145368404679054,False,False
1152,0.22298790655010703,0.24308648318312015,0.02009857663301312,True,False
1153,0.3951440170940171,0.42291666666666666,0.027772649572649577,True,False
1154,0.5378045112781955,0.606547619047619,0.0687431077694235,True,False
1155,0.40707041510067354,0.36950300646946427,-0.037567408631209276,False,False
1156,0.5079657583279874,0.5005961844197139,-0.00736957390827353,False,False
1157,0.7427728174603174,0.873389355742297,0.1306165382819796,True,False
1158,0.46807648749154834,0.36318377925883,-0.10489270823271835,False,False
1160,0.21293657423116627,0.18834558288586234,-0.02459099134530393,False,False
1161,0.6171569978619889,0.6743267311098528,0.057169733247863896,True,False
1162,0.581093393836773,0.6562697779435166,0.07517638410674354,True,False
1163,0.6869402699064122,0.7857142857142857,0.09877401580787348,True,False
1164,0.48275214032173625,0.4855683831377335,0.0028162428159972386,True,False
1165,0.586960874454578,0.5696774995555484,-0.017283374899029647,False,False
1166,0.5307674603174604,0.47390873015873014,-0.05685873015873022,False,False
1167,0.4578752035002035,0.48823938407271744,0.030364180572513944,True,False
1168,0.5088996901633255,0.5803996040184929,0.07149991385516741,True,False
1169,0.30703956494069135,0.32785547785547786,0.020815912914786516,True,False
1170,0.7364022566527687,0.7597084772146961,0.023306220561927438,True,False
1171,0.9011060606060606,0.9,-0.001106060606060555,False,False
1172,0.5827748693131737,0.5699995657392813,-0.012775303573892338,False,False
1173,0.36595168514266807,0.40258926837598025,0.036637583233312176,True,False
1174,0.31366819827346143,0.4444444444444444,0.130776246170983,True,False
1175,0.7711597435897436,0.8533566433566434,0.08219689976689981,True,False
1176,0.8366449331672746,0.8471509215105766,0.010505988343301964,True,False
1177,0.6575645604395604,0.7331746031746031,0.07561004273504279,True,False
1178,0.47295634920634916,0.5560515873015872,0.08309523809523806,True,False
1179,0.6517343748859564,0.6649786802278592,0.013244305341902796,True,False
1180,0.9541877394636015,0.9572884012539185,0.003100661790316983,True,False
1181,0.21416669426136384,0.21919917781925802,0.0050324835578941796,True,False
1182,0.4544837966417842,0.5237507941745472,0.069266997532763,True,False
1183,0.6166297272993385,0.5977007565993373,-0.018928970700001213,False,False
1184,0.5494842303002145,0.5348684224640352,-0.014615807836179329,False,False
1185,0.5753595328282828,0.566702178030303,-0.0086573547979798,False,False
1186,0.8188631817584211,0.8369274931327432,0.018064311374322073,True,False
1187,0.42451388888888886,0.38888888888888884,-0.03562500000000002,False,False
1188,0.9462710317460318,0.9511904761904761,0.004919444444444365,True,False
1189,0.6963353535353535,0.7686868686868688,0.07235151515151528,True,False
1190,0.7623859126984126,0.7214781746031745,-0.040907738095238066,False,False
1191,0.8030794832163366,0.8921532349901223,0.08907375177378574,True,False
1192,1.0,1.0,0.0,False,True
1193,0.26133048946494175,0.3038809486223085,0.04255045915736677,True,False
1194,0.46339537621714405,0.5886529117977313,0.12525753558058722,True,False
1195,0.7099474161316266,0.6500952750952751,-0.0598521410363515,False,False
1196,0.7767767213723096,0.7645725298666475,-0.012204191505662099,False,False
1197,0.6686303258145364,0.764235588972431,0.09560526315789464,True,False
1198,0.6066628849545517,0.653824866653814,0.047161981699262334,True,False
1199,0.5558388286670264,0.6054625502702426,0.049623721603216264,True,False
1200,0.3309503722084367,0.2833333333333333,-0.04761703887510338,False,False
1201,0.5086524864024864,0.5462260424760425,0.03757355607355606,True,False
1202,0.6751786589363954,0.6642076432738666,-0.010971015662528782,False,False
1203,0.6879215719039655,0.6722867444418273,-0.01563482746213818,False,False
1204,0.46902943890500765,0.5334106648135971,0.06438122590858947,True,False
1205,0.6273857499140008,0.6676836085311317,0.04029785861713098,True,False
1206,0.6215083324958965,0.6932408949354483,0.07173256243955173,True,False
1207,0.16141586105382955,0.12633713927923046,-0.035078721774599086,False,False
1208,0.8443256578947369,0.8250000000000001,-0.019325657894736836,False,False
1209,0.5071499123823631,0.5378363721626241,0.030686459780261077,True,False
1210,0.7533361734455353,0.6623964803312629,-0.09093969311427241,False,False
1211,0.6021097735878144,0.5908043321923832,-0.011305441395431215,False,False
1212,0.6382290891369838,0.7621913580246913,0.12396226888770745,True,False
1213,0.7143011695906432,0.7361111111111112,0.021809941520468,True,False
1214,0.3648796296296296,0.3857142857142857,0.020834656084656067,True,False
1215,0.8070663019548889,0.7349331150599266,-0.07213318689496229,False,False
1216,0.6996016163199734,0.6847759058923697,-0.014825710427603722,False,False
1217,0.8917737394957983,0.9155514057474841,0.02377766625168576,True,False
1218,0.5734568787230708,0.5515938987309451,-0.02186297999212572,False,False
1219,0.6619907855050138,0.6536035339947305,-0.0083872515102833,False,False
1220,0.478860914355854,0.4884094667561072,0.009548552400253207,True,False
1221,0.7001086743561828,0.6920648355764165,-0.008043838779766332,False,False
1222,0.44089358137695284,0.408625730994152,-0.03226785038280083,False,False
1223,0.7414252623383057,0.6900749178781215,-0.05135034446018427,False,False
1224,0.7997870940084979,0.8057155780101395,0.005928484001641587,True,False
1225,0.8112010281385281,0.7946428571428572,-0.016558170995670918,False,False
1227,0.6655897188660015,0.7475197984654796,0.08193007959947807,True,False
1228,0.7402169474477516,0.7448892899032947,0.004672342455543155,True,False
1229,0.595016339869281,0.6721132897603486,0.07709694989106752,True,False
1230,0.7723845982956322,0.7903474420227387,0.017962843727106437,True,False
1231,0.7772947573260073,0.7478739316239316,-0.029420825702075715,False,False
1232,0.9247757285974499,0.8929151487553126,-0.031860579842137304,False,False
1233,0.6218892496392496,0.7539069264069264,0.13201767676767673,True,False
1234,0.9323807435254804,0.9238095238095237,-0.008571219715956646,False,False
1235,0.5299258241758241,0.5150106837606837,-0.014915140415140415,False,False
1236,0.41109419381787804,0.41250000000000003,0.0014058061821219936,True,False
1237,0.723949074074074,0.953125,0.22917592592592595,True,False
1238,0.6150497076023391,0.555921052631579,-0.05912865497076014,False,False
1239,0.8092510626754813,0.7879457364341085,-0.021305326241372824,False,False
1240,0.3416305916305916,0.2619047619047619,-0.0797258297258297,False,False
1241,0.8517279643175096,0.854663903274386,0.0029359389568763827,True,False
1242,0.6235890034346266,0.6520677912760512,0.028478787841424547,True,False
1243,0.5876124235353324,0.6247312364336253,0.037118812898292886,True,False
1244,0.5864407091288186,0.6236226743559977,0.03718196522717909,True,False
1245,0.8921031746031746,0.9594080687830688,0.06730489417989427,True,False
1246,0.6577404010402514,0.6584039136620162,0.0006635126217647835,True,False
1247,0.6710119047619046,0.6599206349206349,-0.011091269841269735,False,False
1248,0.6402854225023343,0.6172969187675069,-0.022988503734827415,False,False
1249,0.7204916666666666,0.7190972222222223,-0.0013944444444443649,False,False
1250,0.7052232142857143,0.6800595238095238,-0.025163690476190492,False,False
1251,0.5873416666666667,0.6921296296296297,0.104787962962963,True,False
1252,0.8526146279372459,0.9004261891490153,0.04781156121176944,True,False
1253,0.492501875645465,0.6197132616487455,0.12721138600328052,True,False
1254,0.8580213915960513,0.8833285923473104,0.02530720075125914,True,False
1255,0.6255075299276794,0.6069057481345618,-0.018601781793117667,False,False
1256,0.7559012477718361,0.8769162210338681,0.12101497326203203,True,False
1257,0.5583943833943834,0.5854166666666667,0.027022283272283287,True,False
1258,0.6126632395382395,0.8262235449735449,0.21356030543530535,True,False
1259,0.6465553936803937,0.8539337687775188,0.2073783750971251,True,False
1260,0.7043444848092127,0.7112291505613264,0.006884665752113661,True,False
1261,0.6513191886494212,0.6531989692816105,0.0018797806321892985,True,False
1262,0.524612493987494,0.5540043290043289,0.029391835016834955,True,False
1263,0.5283545882562388,0.5784203986123563,0.05006581035611746,True,False
1264,0.5721287455185866,0.6412732294566325,0.06914448393804584,True,False
1265,0.5616531398706539,0.6086217238833517,0.04696858401269777,True,False
1266,0.5670641475604888,0.5794332496077209,0.012369102047232072,True,False
1267,0.5138469721668747,0.5609832068894205,0.0471362347225458,True,False
1268,0.8157982215656936,0.8274078101768966,0.011609588611202981,True,False
1269,0.6777991452991453,0.5401709401709401,-0.13762820512820517,False,False
1270,0.5209782608695652,0.2613526570048309,-0.2596256038647343,False,False
1271,0.8748000930724235,0.8442616856276847,-0.03053840744473879,False,False
1272,0.5981509020517284,0.657359106162636,0.05920820411090766,True,False
1273,0.8429394645402338,0.8055452075142413,-0.03739425702599253,False,False
1274,0.6344710776606018,0.6440701263375062,0.00959904867690431,True,False
1275,0.8044821428571428,0.9583333333333334,0.15385119047619056,True,False
1276,0.8748580246913581,0.8593705727585509,-0.015487451932807206,False,False
1277,0.4699273946360153,0.5073333333333333,0.03740593869731801,True,False
1278,0.7903486546287601,0.8116267715359002,0.0212781169071401,True,False
1279,0.27429259948852386,0.3048596812739217,0.030567081785397854,True,False
1280,0.6975723039215685,0.7157407407407407,0.01816843681917213,True,False
1281,0.463265035011057,0.4537563575985248,-0.009508677412532196,False,False
1282,0.7012657828282828,0.6825757575757576,-0.018690025252525166,False,False
1283,0.5233935185185186,0.6465277777777778,0.12313425925925925,True,False
1284,0.5101806825403622,0.5445443808741622,0.03436369833380004,True,False
1285,0.6730437127458617,0.6531871507769662,-0.019856561968895514,False,False
1286,0.5281056379878843,0.7211050724637682,0.19299943447588386,True,False
1287,0.6663099534452475,0.7015243652498554,0.03521441180460794,True,False
1288,0.750065393112689,0.6432529000208074,-0.10681249309188168,False,False
1289,0.8194190532106242,0.8388294711824124,0.019410417971788108,True,False
1290,0.8787761544011543,0.8401582792207792,-0.03861787518037507,False,False
1291,0.6242348813933306,0.6419853013388899,0.01775041994555926,True,False
1292,0.5972444996523945,0.6646853146853148,0.06744081503292032,True,False
1293,0.545681216931217,0.5625,0.01681878306878304,True,False
1294,0.7455389451583966,0.7291767118502871,-0.016362233308109486,False,False
1295,0.5164397321428571,0.5666666666666667,0.05022693452380955,True,False
1296,0.6345544875446191,0.7002502705627706,0.06569578301815149,True,False
1297,0.5496266169110506,0.5876910815340285,0.038064464622977856,True,False
1298,0.752690990784631,0.7258442345938313,-0.02684675619079968,False,False
1299,0.6801604381779787,0.6596928163379321,-0.02046762184004658,False,False
1300,0.6008228225993446,0.5663550257981461,-0.03446779680119849,False,False
1301,0.7351573924469108,0.7674794502026054,0.03232205775569463,True,False
1302,0.8736040903540904,0.9755314685314687,0.10192737817737829,True,False
1303,0.4867690111707627,0.508609486973112,0.021840475802349324,True,False
1304,0.700556757503957,0.5877059032532169,-0.11285085425074004,False,False
1305,0.9195833333333333,0.99375,0.07416666666666671,True,False
1306,0.8449505134958092,0.8508732103459576,0.005922696850148457,True,False
1307,0.9355173611111112,0.996875,0.06135763888888879,True,False
1308,0.49426804255017287,0.5882290020458917,0.09396095949571881,True,False
1309,0.6070054302422723,0.6965329991645781,0.08952756892230584,True,False
1310,0.8613377192982457,0.8416666666666666,-0.01967105263157909,False,False
1311,0.5279894792259048,0.5269983963711207,-0.0009910828547841088,False,False
1313,0.6722661605705084,0.5542328042328042,-0.11803335633770418,False,False
1314,0.5148782544728434,0.36338732744022473,-0.15149092703261868,False,False
1315,0.8528555028959441,0.931539856772055,0.07868435387611084,True,False
1316,0.48392380952380953,0.14583333333333331,-0.3380904761904762,False,False
1317,0.6806929978747953,0.7050542236054094,0.024361225730614056,True,False
1318,0.34798611111111105,0.40625,0.05826388888888895,True,False
1319,0.32412175324675324,0.4796536796536796,0.15553192640692637,True,False
1320,0.7643384973752496,0.7316880271856303,-0.03265047018961931,False,False
1321,0.42111489920246536,0.4494037513137683,0.028288852111302942,True,False
1322,0.7582457981151343,0.7546332134825263,-0.0036125846326079403,False,False
1323,0.6047014172880169,0.6846985901673401,0.07999717287932329,True,False
1324,0.6785660632781139,0.6967612756484708,0.018195212370356928,True,False
1325,0.8096711510359205,0.7807124392480997,-0.028958711787820723,False,False
1326,0.6877998680757301,0.6339119054636296,-0.05388796261210049,False,False
1327,0.6134834267040149,0.2419417388167388,-0.3715416878872761,False,False
1328,0.661002515798146,0.6414750382921645,-0.019527477505981494,False,False
1329,0.5282530886128921,0.5127958995824081,-0.015457189030483987,False,False
1330,0.7852427248677248,0.802116402116402,0.016873677248677166,True,False
1331,0.8593613862988864,0.8539935507326812,-0.005367835566205126,False,False
1332,0.40489786967418545,0.4045112781954887,-0.0003865914786967406,False,False
1333,0.6870471627850497,0.6552792719894092,-0.031767890795640574,False,False
1334,0.7596538691726505,0.7339962121212121,-0.02565765705143841,False,False
1335,0.43589610724672645,0.4243782871114067,-0.011517820135319767,False,False
1336,0.6625462962962964,0.6578703703703703,-0.004675925925926028,False,False
1337,0.7680971204721204,0.716817384004884,-0.05127973646723638,False,False
1338,0.8275324262081228,0.8008328754149189,-0.026699550793203963,False,False
1339,0.4275441129531523,0.4620152062432261,0.034471093290073807,True,False
1340,0.19984850009450394,0.2170483980195934,0.01719989792508947,True,False
1341,0.6555534128097241,0.3649193548387097,-0.29063405797101444,False,False
1342,0.48330615728439413,0.43875113718005576,-0.04455502010433837,False,False
1343,0.833610458270649,0.7986917541936656,-0.03491870407698339,False,False
1344,0.7909802867383513,0.7293402777777778,-0.061640008960573534,False,False
1345,0.6196701089248251,0.6299448668817871,0.010274757956961977,True,False
1346,0.5123908730158729,0.5714285714285714,0.05903769841269846,True,False
1347,0.6530500809758328,0.6722143975126975,0.01916431653686468,True,False
1348,0.7873037462926313,0.7267358708098182,-0.06056787548281317,False,False
1349,0.8819353213507626,0.9527263374485597,0.07079101609779714,True,False
1350,0.6107685287517857,0.6358133844384584,0.025044855686672696,True,False
1351,0.839787037037037,0.7864583333333333,-0.053328703703703795,False,False
1352,0.4786173850304285,0.5474724274316666,0.06885504240123808,True,False
1353,0.37045416122004354,0.41782407407407407,0.04736991285403053,True,False
1354,0.49866416027018984,0.475142997783207,-0.023521162486982827,False,False
1355,0.8520426225962648,0.8642197073732042,0.012177084776939351,True,False
1356,0.29255741828899606,0.33481858570598144,0.04226116741698538,True,False
1358,0.4598312975905493,0.4585756121570075,-0.00125568543354182,False,False
1359,0.4903294277360067,0.4114736245375343,-0.07885580319847241,False,False
1360,0.5693047940850163,0.654778154077723,0.08547335999270667,True,False
1361,0.8421858966071528,0.8425970546915064,0.0004111580843535467,True,False
1362,0.5038269494791131,0.5471990523796348,0.043372102900521736,True,False
1363,0.9188541666666667,0.9125,-0.006354166666666772,False,False
1364,0.7312503885003885,0.7037878787878787,-0.02746250971250974,False,False
1365,0.6000455757308422,0.5976648097555423,-0.0023807659752999033,False,False
1366,0.513642568796423,0.5120835165667509,-0.0015590522296721199,False,False
1367,0.7186587705515154,0.6445225953609641,-0.07413617519055127,False,False
1368,0.6845895989974937,0.7483959899749373,0.06380639097744356,True,False
1369,0.6513081883170935,0.6984187983546595,0.047110610037566,True,False
1370,0.5326789587577694,0.43531220206847443,-0.09736675668929495,False,False
1371,0.8392050264550264,0.8109788359788359,-0.02822619047619046,False,False
1372,0.5849107507960449,0.6608440170940171,0.07593326629797215,True,False
1373,0.8062485914696674,0.7810289423740511,-0.02521964909561636,False,False
1374,0.5457218037621553,0.6377310924369748,0.0920092886748195,True,False
1375,0.7072083968980423,0.7038025821397293,-0.0034058147583129195,False,False
1376,0.7710730619283251,0.885844954266007,0.11477189233768181,True,False
1377,0.22932777345577654,0.31845283797423074,0.0891250645184542,True,False
1378,0.9047035659801678,0.937396117104355,0.03269255112418723,True,False
1379,0.5138712121212121,0.4105050505050505,-0.10336616161616163,False,False
1380,0.42023422461187177,0.4390770566190734,0.01884283200720166,True,False
1381,0.49353106250474676,0.5826719576719577,0.08914089516721091,True,False
1382,0.7339388888888889,0.7895833333333333,0.055644444444444385,True,False
1383,0.509670305650141,0.5273302219018886,0.017659916251747565,True,False
1384,0.6968016339869281,0.7973856209150326,0.10058398692810455,True,False
1385,0.7015441176470588,0.625,-0.07654411764705882,False,False
1386,0.7681141497391498,0.7785409035409034,0.010426753801753619,True,False
1387,0.5528754376191081,0.5784806949872198,0.0256052573681117,True,False
1388,0.6926719576719575,0.7360166288737717,0.04334467120181418,True,False
1389,0.6851814799510839,0.7246438236388096,0.03946234368772572,True,False
1390,0.7241252248081165,0.7063136546587954,-0.01781157014932111,False,False
1391,0.4747262304765178,0.4908769564308668,0.01615072595434902,True,False
1392,0.5327715266459373,0.5251175932506291,-0.007653933395308177,False,False
1393,0.6955668839210127,0.8094169250688648,0.11385004114785202,True,False
1394,0.38749603174603175,0.5,0.11250396825396825,True,False
1395,0.7365967111120336,0.7048664515347983,-0.0317302595772353,False,False
1396,0.7286115416746997,0.6518767672386093,-0.07673477443609034,False,False
1397,0.5278730158730159,0.4281440781440781,-0.09972893772893782,False,False
1398,0.5722777777777778,0.6401785714285714,0.0679007936507936,True,False
1399,0.7798761353548315,0.7864631064715134,0.006586971116681939,True,False
1400,0.7709952302126216,0.6724638083333736,-0.09853142187924802,False,False
1401,0.7313712444962445,0.7051913364413365,-0.026179908054907997,False,False
1402,0.8530069972668657,0.855756816283132,0.002749819016266364,True,False
1403,0.5976874658601632,0.7334172771672771,0.13572981130711392,True,False
1404,0.2955453995221309,0.30046267979010594,0.004917280267975055,True,False
1405,0.7910029761904762,0.9680555555555556,0.17705257936507934,True,False
1406,0.7325,0.6944444444444445,-0.03805555555555551,False,False
1407,0.7846477697646054,0.7937791802893223,0.009131410524716888,True,False
1408,0.5461854144915739,0.5291580400276052,-0.017027374463968625,False,False
1409,0.9240510501521696,0.8860524891774891,-0.03799856097468046,False,False
1410,0.7463982787803946,0.8527299002038091,0.10633162142341457,True,False
1411,0.49588789682539686,0.4164862914862914,-0.07940160533910545,False,False
1412,0.5303621553884712,0.5659147869674186,0.03555263157894739,True,False
1413,0.6813519762196647,0.6521739148531002,-0.029178061366564534,False,False
1414,0.49880608545843397,0.6335729024412855,0.13476681698285153,True,False
1415,0.5783916472678264,0.5955737405501557,0.017182093282329225,True,False
1416,0.5563146591970122,0.7589285714285714,0.20261391223155922,True,False
1417,0.6834089712622321,0.48148148148148145,-0.20192748978075065,False,False
1418,0.47030428299913596,0.41872373949579833,-0.05158054350333763,False,False
1419,0.3724691951566952,0.375,0.0025308048433048125,True,False
1420,0.5299789946686883,0.5527846042135595,0.022805609544871208,True,False
1421,0.5388667819753346,0.6675422400281423,0.12867545805280778,True,False
1422,0.29409460603270937,0.3408106791843604,0.04671607315165105,True,False
1423,0.8585652839187751,0.8610087611561451,0.0024434772373700397,True,False
1424,0.5884905273937532,0.5057108721624851,-0.08277965523126807,False,False
1425,0.6721525584060043,0.6656936907557908,-0.006458867650213529,False,False
1426,0.531953387463062,0.5128982319257421,-0.019055155537319846,False,False
1427,0.6920164605247905,0.6894867640481676,-0.0025296964766229335,False,False
1428,0.8829344903064416,0.9337606837606838,0.05082619345424222,True,False
1429,0.44407236842105263,0.19093567251461988,-0.25313669590643273,False,False
1430,0.8728921917856701,0.8586916374688114,-0.014200554316858738,False,False
1431,0.5898363095238095,0.6190476190476191,0.02921130952380957,True,False
1432,0.6044626984126984,0.7368055555555555,0.1323428571428571,True,False
1433,0.5069369987705966,0.41384335154826957,-0.09309364722232705,False,False
1434,0.33082366816645126,0.33208358160782564,0.0012599134413743829,True,False
1435,0.6344760101010101,0.7,0.06552398989898989,True,False
1436,0.8008726999121736,0.7582820715130656,-0.04259062839910799,False,False
1437,0.932204786832673,0.9539722390266855,0.021767452194012438,True,False
1438,0.47967777777777776,0.4658730158730158,-0.01380476190476193,False,False
1439,0.590949074074074,0.6342592592592593,0.04331018518518526,True,False
1440,0.44082145054378025,0.4203032976010917,-0.02051815294268855,False,False
1441,0.5890729222665497,0.6198529411764706,0.03078001890992088,True,False
1442,0.562606618095863,0.4677248677248677,-0.09488175037099528,False,False
1443,0.8252613629426129,0.7999809218559218,-0.02528044108669103,False,False
1444,0.8293495514147687,0.38888888888888884,-0.4404606625258799,False,False
1445,0.36229365079365083,0.3647486772486772,0.0024550264550263767,True,False
1446,0.744727935952936,0.8465643420906579,0.10183640613772194,True,False
1447,0.5202121629645262,0.5173833408224374,-0.002828822142088794,False,False
1448,0.6600979358945177,0.6582132032152451,-0.0018847326792725827,False,False
1449,0.3528777047851166,0.4115376235050295,0.058659918719912885,True,False
1450,0.4410821018062397,0.22568542568542563,-0.21539667612081406,False,False
1451,0.7207864195798027,0.7260907672752437,0.00530434769544097,True,False
1452,0.7723159722222221,0.8402777777777778,0.06796180555555564,True,False
1453,0.6264267676767676,1.0,0.37357323232323236,True,False
1454,0.6346944444444444,0.563834422657952,-0.07086002178649242,False,False
1455,0.49339880952380955,0.5722883597883598,0.07888955026455025,True,False
1456,0.8056388888888888,0.7999999999999999,-0.00563888888888886,False,False
1457,0.7014864089149708,0.7621275710096239,0.06064116209465309,True,False
1458,0.7985202613744281,0.8048381344228384,0.00631787304841025,True,False
1459,0.776577380952381,0.7916666666666666,0.015089285714285583,True,False
1460,0.43272997835497834,0.42857142857142855,-0.004158549783549792,False,False
1461,0.5432640993265994,0.7867798353909465,0.24351573606434718,True,False
1462,0.5846511904761905,0.5654761904761905,-0.019175000000000053,False,False
1463,0.6567263336357815,0.7657990689514758,0.10907273531569428,True,False
1464,0.752213773404764,0.7728636230392995,0.020649849634535422,True,False
1465,0.5936215195323802,0.6178069070392663,0.024185387506886147,True,False
1466,0.6385524823011597,0.6929331984063339,0.054380716105174254,True,False
1467,0.48708516483516484,0.49743589743589745,0.010350732600732604,True,False
1468,0.41510103331286197,0.4917240938667373,0.07662306055387536,True,False
1469,0.7586031746031746,0.8104761904761905,0.05187301587301585,True,False
1470,0.29157220021209446,0.3124070069815512,0.02083480676945676,True,False
1471,0.6968888888888888,0.6472222222222223,-0.049666666666666526,False,False
1472,0.5180687804510569,0.6437507576898835,0.12568197723882668,True,False
1473,0.3670971684168636,0.34787700159047996,-0.01922016682638361,False,False
1474,0.680874319229158,0.673631476050831,-0.007242843178327019,False,False
1475,0.7240664414414414,0.6557414557414557,-0.06832498569998569,False,False
1476,0.6629841435430006,0.6532557594611706,-0.009728384081829966,False,False
1477,0.6864151404151404,0.9118001046572476,0.2253849642421072,True,False
1478,0.7703166666666666,0.7217777777777779,-0.0485388888888888,False,False
1479,0.7659810258179823,0.7157433950912212,-0.05023763072676113,False,False
1480,0.5190190631808279,0.37222222222222223,-0.14679684095860568,False,False
1481,0.8725755127116014,0.8482398388648388,-0.024335673846762607,False,False
1482,0.37162500000000004,0.4138888888888889,0.04226388888888888,True,False
1483,0.5214161888823124,0.5532995069372778,0.03188331805496536,True,False
1484,0.6009469579859007,0.6430675271905063,0.04212056920460561,True,False
1485,0.7455138888888889,0.9,0.1544861111111111,True,False
1486,0.5313796091822407,0.6019404572036151,0.07056084802137441,True,False
1487,0.4369206609362859,0.375,-0.0619206609362859,False,False
1488,0.7502020502645503,0.888888888888889,0.13868683862433862,True,False
1489,0.23646871677799366,0.226576397771211,-0.009892319006782668,False,False
1490,0.8888437430373611,0.8877011871096455,-0.001142555927715616,False,False
1491,0.46602573815073817,0.4701358826358827,0.004110144485144518,True,False
1493,0.8562442307692308,0.5192307692307692,-0.3370134615384617,False,False
1494,0.7703539186647546,0.6987162827650996,-0.071637635899655,False,False
1495,0.33854722898703626,0.16554309364156564,-0.17300413534547063,False,False
1496,0.3404090479929392,0.3309004117132576,-0.00950863627968157,False,False
1497,0.7186754708807677,0.7953391545449648,0.07666368366419718,True,False
1498,0.8398995996759315,0.9095430282479953,0.06964342857206374,True,False
1499,0.7991829238584067,0.7365124136327393,-0.06267051022566739,False,False
1500,0.8036230791862932,0.8062363834422658,0.002613304255972615,True,False
1501,0.8215884967060556,0.7785706801909618,-0.04301781651509384,False,False
1502,0.5951670780688143,0.6436190075455637,0.04845192947674937,True,False
1503,0.5425603322026685,0.5801383315029223,0.03757799930025374,True,False
1504,0.5637432795698925,0.5444444444444444,-0.019298835125448055,False,False
1505,0.6625097460197348,0.6541387839115941,-0.0083709621081407,False,False
1506,0.767741452991453,0.8174916904083571,0.0497502374169041,True,False
1507,0.7907840495154009,0.8158336365368956,0.025049587021494624,True,False
1508,0.5951986714975845,0.41111111111111115,-0.1840875603864734,False,False
1509,0.3432540528091195,0.3453809576861048,0.0021269048769852472,True,False
1511,0.8362408804460435,0.8763874050332383,0.04014652458719481,True,False
1513,0.8345613652884534,0.8910573826334697,0.0564960173450163,True,False
1514,0.6590635683760684,0.7864226299494156,0.1273590615733472,True,False
1515,0.7527649122807017,0.6696783625730994,-0.08308654970760232,False,False
1516,0.4168697483130289,0.5006200331115083,0.08375028479847935,True,False
1517,0.5267671568627451,0.5800925925925926,0.05332543572984749,True,False
1518,0.9786342592592593,0.9637037037037037,-0.014930555555555558,False,False
1519,0.5255901811594204,0.4915555555555555,-0.03403462560386483,False,False
1520,0.8162962962962962,0.8576388888888888,0.04134259259259265,True,False
1521,0.4978918196760016,0.47428183229813664,-0.02360998737786496,False,False
1522,0.6261604112074938,0.5611111111111111,-0.06504930009638266,False,False
1523,0.6963335830045001,0.7272617659388739,0.030928182934373827,True,False
1524,0.696839837294791,0.689837841109665,-0.0070019961851260915,False,False
1525,0.7754090231663762,0.6420898273839449,-0.13331919578243123,False,False
1526,0.8958888888888888,0.9291666666666668,0.03327777777777796,True,False
1527,0.35261579941700427,0.40877388604661324,0.05615808662960897,True,False
1528,0.6566595228601808,0.7097101728680676,0.05305065000788678,True,False
1529,0.5620534722222222,0.6119791666666667,0.0499256944444445,True,False
1530,0.795472074556372,0.7808203466576547,-0.014651727898717382,False,False
1531,0.6131052227342549,0.875,0.26189477726574506,True,False
1532,0.7075062280486809,0.7446996923412017,0.037193464292520795,True,False
1533,0.6414726430976431,0.6923706764615856,0.050898033363942496,True,False
1534,0.6614657738095238,0.6882440476190477,0.02677827380952391,True,False
1535,0.748305152979066,0.7462962962962962,-0.002008856682769733,False,False
1536,0.9199047619047619,0.9360119047619048,0.016107142857142875,True,False
1537,0.8074123931623931,0.7045787545787546,-0.10283363858363848,False,False
1538,0.7046609016911648,0.6937624007936508,-0.010898500897513985,False,False
1539,0.7350099206349207,0.890625,0.15561507936507935,True,False
1540,0.8117299191908077,0.7345637652885552,-0.07716615390225257,False,False
1541,0.9429166666666667,0.9395833333333333,-0.0033333333333334103,False,False
1542,0.6258834484945005,0.6516078754186486,0.025724426924148114,True,False
1543,0.4873320450505233,0.5215384031173504,0.03420635806682715,True,False
1544,0.6398886480007449,0.673314474831489,0.03342582683074413,True,False
1545,0.34642140542608907,0.4186740949858973,0.07225268955980824,True,False
1546,0.700091598819302,0.6959182376892014,-0.0041733611301006945,False,False
1547,0.6137667575677797,0.6926606352572162,0.07889387768943656,True,False
1548,0.6490131578947369,0.7027777777777777,0.05376461988304082,True,False
1549,0.6614868055555556,0.44638888888888884,-0.21509791666666678,False,False
1550,0.6137312801932368,0.59375,-0.01998128019323675,False,False
1551,0.7458531497342973,0.7266986596993724,-0.019154490034924865,False,False
1552,0.7428862207343666,0.8168154661073915,0.07392924537302492,True,False
1553,0.5775159994553377,0.575925925925926,-0.0015900735294117618,False,False
1554,0.41470996732026144,0.518954248366013,0.10424428104575156,True,False
1555,0.8499103313840156,0.8819103313840155,0.03199999999999992,True,False
1556,0.4074877626834531,0.41135337005000355,0.00386560736655045,True,False
1557,0.7871966169795117,0.8313909774436091,0.044194360464097415,True,False
1558,0.9009146825396825,0.8499404761904762,-0.05097420634920635,False,False
1559,0.6425878692944482,0.6499368686868686,0.007348999392420397,True,False
1560,0.6564866984399842,0.7087387288474245,0.05225203040744031,True,False
1561,0.7010955871327389,0.7419771819120374,0.040881594779298536,True,False
1562,0.26687037037037037,0.2962962962962963,0.02942592592592591,True,False
1563,0.6864240858143973,0.6500506633735473,-0.036373422440849956,False,False
1564,0.41138911996901856,0.41071980228606736,-0.0006693176829511982,False,False
1565,0.653370007708243,0.7880121336003689,0.13464212589212587,True,False
1566,0.6449184210526316,0.609122807017544,-0.035795614035087686,False,False
1567,0.5991597247253261,0.7380042617580099,0.13884453703268385,True,False
1568,0.8460181818181818,0.7883838383838384,-0.05763434343434337,False,False
1569,0.9363240740740741,0.9559791817961751,0.019655107722100995,True,False
1570,0.4745499438832772,0.6158810325476992,0.141331088664422,True,False
1571,0.6937790422614508,0.7535947493899439,0.059815707128493045,True,False
1572,0.31653263403263404,0.5020881895881896,0.18555555555555553,True,False
1573,0.6968804347826086,0.7,0.003119565217391318,True,False
1574,0.5967168435223313,0.4472417027417028,-0.14947514078062857,False,False
1575,0.8176312138550511,0.7791666666666667,-0.038464547188384435,False,False
1576,0.7460728004652154,0.7628475464259777,0.01677474596076234,True,False
1577,0.7790307158119658,0.7959004552211073,0.016869739409141493,True,False
1578,0.7703564814814814,0.8536111111111111,0.0832546296296297,True,False
1579,0.5692324831136026,0.5805387104848811,0.01130622737127851,True,False
1580,0.6641056166056165,0.9583333333333333,0.29422771672771675,True,False
1581,0.5733102766798419,0.6140549516908212,0.040744675010979337,True,False
1582,0.4958496732026144,0.4444444444444445,-0.05140522875816994,False,False
1583,0.6988489506667412,0.6905414438502674,-0.008307506816473853,False,False
1584,0.5016963421692882,0.47669287820242534,-0.025003463966862816,False,False
1585,0.5775041618120793,0.5892525997530731,0.011748437940993783,True,False
1586,0.8734669377987453,0.8421996359389093,-0.03126730185983595,False,False
1587,0.4765539028728867,0.47977580723104246,0.0032219043581557805,True,False
1588,0.7842537537537537,0.8361111111111111,0.051857357357357414,True,False
1589,0.7083434202271159,0.7274242424242424,0.01908082219712648,True,False
1590,0.6852200332125604,0.6879442719116632,0.0027242386991027656,True,False
1591,0.8127099779305662,0.8280689090661517,0.015358931135585507,True,False
1592,0.5367619968833869,0.5321910495930103,-0.004570947290376548,False,False
1593,0.3979023805786811,0.37402531522487664,-0.02387706535380446,False,False
1594,0.6562693277592841,0.6676624335138828,0.01139310575459862,True,False
1595,0.7448109395845245,0.7727180979834282,0.027907158398903675,True,False
1596,0.6191111111111112,0.375,-0.24411111111111117,False,False
1597,0.5770336531020107,0.6559791425454852,0.07894548944347446,True,False
1598,0.6269275442344485,0.6872868117306785,0.060359267496229996,True,False
1599,0.4540424576459516,0.46734761012763587,0.01330515248168429,True,False
1600,0.5845654241531295,0.6276502472854144,0.0430848231322849,True,False
1601,0.7139565429423789,0.7123798269795931,-0.0015767159627857463,False,False
1602,0.754491505022755,0.7928489988272596,0.038357493804504594,True,False
1603,0.6084887853692201,0.737111801242236,0.12862301587301583,True,False
1604,0.8930497076023391,0.915,0.021950292397660887,True,False
1605,0.45287528709044994,0.4914801717491651,0.038604884658715144,True,False
1606,0.5632476588127742,0.561408430010156,-0.0018392288026182202,False,False
1607,0.41049463740393977,0.37515439986370214,-0.03534023754023763,False,False
1608,0.10340326792772445,0.07738954167525595,-0.02601372625246849,False,False
1609,0.4788953210825229,0.43639102919514755,-0.04250429188737537,False,False
1610,0.5062749368686869,0.6107638888888889,0.10448895202020203,True,False
1611,0.6476597666939766,0.6435290943355626,-0.004130672358414023,False,False
1612,0.48489814814814813,0.6851851851851851,0.20028703703703699,True,False
1613,0.5209193434130018,0.5237856803766419,0.002866336963640026,True,False
1614,0.5564518227222969,0.5223089769425976,-0.03414284577969928,False,False
1615,0.34598958333333335,0.5,0.15401041666666665,True,False
1616,0.5122064231334597,0.5173819004306638,0.005175477297204134,True,False
1617,0.3772986751760118,0.42839096598202825,0.05109229080601646,True,False
1618,0.8130998296922715,0.8539595683234534,0.040859738631181974,True,False
1619,0.6392623560014864,0.7826086956521738,0.14334633965068744,True,False
1620,0.7973174603174603,0.8126587301587301,0.015341269841269822,True,False
1622,0.6478,0.6708333333333334,0.02303333333333335,True,False
1623,0.8307174645130466,0.8822749830814348,0.051557518568388194,True,False
1624,0.4310264310308149,0.40168669729554535,-0.029339733735269546,False,False
1625,0.5476088394294916,0.47832796564680624,-0.06928087378268533,False,False
1626,0.6201130084584521,0.6360555468142782,0.015942538355826152,True,False
1627,0.3347221272879167,0.48358070500927647,0.14885857772135974,True,False
1628,0.6200001248357588,0.6489554247121266,0.0289552998763678,True,False
1629,0.5557559228211403,0.6371165066817241,0.08136058386058387,True,False
1631,0.7472191620108286,0.7354805363577294,-0.011738625653099244,False,False
1632,0.2508761242254998,0.2815575000260291,0.030681375800529265,True,False
1633,0.2952106481481481,0.42500000000000004,0.12978935185185192,True,False
1634,0.5355506408115805,0.6240039447731756,0.08845330396159501,True,False
1635,0.7397165913854762,0.7114032955540049,-0.02831329583147124,False,False
1636,0.3419352708445201,0.34340313123207855,0.0014678603875584728,True,False
1637,0.8526041921041921,0.8635037348272642,0.010899542723072031,True,False
1638,0.8912748138957817,0.8854819016109339,-0.005792912284847795,False,False
1639,0.729395048380147,0.7009074955201036,-0.028487552860043452,False,False
1641,0.4420271702432521,0.4401125643916214,-0.001914605851630724,False,False
1642,0.661935606060606,0.6846320346320347,0.02269642857142873,True,False
1643,0.844034122492305,0.9506225330332035,0.10658841054089851,True,False
1644,0.40548830409356723,0.34259259259259256,-0.06289571150097467,False,False
1645,0.7591628776159258,0.74003503560773,-0.01912784200819584,False,False
1646,0.5784378478664193,0.5698412698412698,-0.00859657802514946,False,False
1647,0.4725055357425388,0.44190144979759616,-0.030604085944942627,False,False
1648,0.49869592495651544,0.552351219584455,0.053655294627939554,True,False
1649,0.5255888867467815,0.7687590187590189,0.24317013201223736,True,False
1650,0.549060009674681,0.5895893108214574,0.04052930114677633,True,False
1652,0.32009027777777777,0.5666666666666667,0.2465763888888889,True,False
1653,0.6944141414141414,0.7196022727272727,0.025188131313131357,True,False
1654,0.7091452991452991,0.7012721182721182,-0.007873180873180896,False,False
1655,0.6179367456986052,0.6057825430157024,-0.012154202682902793,False,False
1656,0.37720238095238096,0.544345238095238,0.1671428571428571,True,False
1657,0.6782272727272728,0.6720959595959596,-0.00613131313131321,False,False
1658,0.5906488003475602,0.5915897174232413,0.0009409170756811136,True,False
1659,0.3274875541125541,0.408020683020683,0.08053312890812891,True,False
1660,0.6814373473748474,0.7660341202007869,0.08459677282593947,True,False
1661,0.6396584291187739,0.7166666666666666,0.07700823754789266,True,False
1662,0.7616289682539683,0.8075396825396827,0.04591071428571436,True,False
1663,0.8552104999087757,0.8502288207747978,-0.0049816791339779565,False,False
1664,0.4754583333333333,0.5,0.024541666666666684,True,False
1665,0.7196217592592592,0.7422453703703704,0.02262361111111122,True,False
1666,0.3823888588122608,0.3883680841083905,0.005979225296129709,True,False
1667,0.47604285698653315,0.5796922331076375,0.10364937612110436,True,False
1668,0.883762077294686,0.8030797101449276,-0.0806823671497584,False,False
1669,0.5755146198830409,0.6766307814992025,0.10111616161616166,True,False
1670,0.9652651515151516,0.9791666666666666,0.013901515151515054,True,False
1671,0.6844228687553323,0.7258258258459549,0.04140295709062258,True,False
1672,0.696244623655914,0.5444444444444445,-0.1518001792114695,False,False
1673,0.8639592661325163,0.8523233679788242,-0.011635898153692037,False,False
1674,0.6469646591970121,0.524264705882353,-0.1226999533146591,False,False
1675,0.5823941750142722,0.4495484585402013,-0.13284571647407084,False,False
1676,0.5854040162395853,0.6113770998235335,0.02597308358394823,True,False
1677,0.6242995642701525,0.6098350451291628,-0.014464519140989784,False,False
1678,0.4774224592159795,0.5375385544407283,0.06011609522474881,True,False
1679,0.6859238520194403,0.6853762658909718,-0.0005475861284685024,False,False
1680,0.6383477094505796,0.6673216674788098,0.028973958028230218,True,False
1681,0.8241878966878967,0.824689933370489,0.0005020366825922995,True,False
1682,0.7689738756613756,0.7345679012345679,-0.034405974426807706,False,False
1683,0.6499479013059832,0.6449573684940224,-0.004990532811960824,False,False
1684,0.8427012163561076,0.9266304347826086,0.08392921842650103,True,False
1685,0.5370074619642321,0.5700265099860411,0.033019048021808994,True,False
1686,0.6239722222222223,0.5993416305916306,-0.02463059163059167,False,False
1687,0.5540438548869167,0.5574338376180535,0.003389982731136887,True,False
1688,0.6039223208721206,0.5721705634446246,-0.03175175742749603,False,False
1689,0.5573850947073986,0.6669990974389123,0.10961400273151367,True,False
1690,0.5495629992212809,0.5818544160804222,0.032291416859141275,True,False
1691,0.5318351998243303,0.5496884606938954,0.01785326086956518,True,False
1692,0.9194801516117933,0.9272147239353454,0.007734572323552125,True,False
1693,0.6742837422140253,0.6555162194432824,-0.018767522770742895,False,False
1694,0.6445031698784872,0.6530080024655476,0.008504832587060362,True,False
1695,0.6185049176106794,0.6308403812097032,0.012335463599023822,True,False
1696,0.5710643697365809,0.6941757256063241,0.1231113558697432,True,False
1697,0.8035971809457796,0.8143198910085853,0.010722710062805674,True,False
1698,0.7811759651544485,0.805896088546588,0.02472012339213947,True,False
1699,0.8708287925339556,0.8824954417850381,0.011666649251082517,True,False
1700,0.6237291666666667,0.6611111111111111,0.037381944444444426,True,False
1701,0.5751251498323249,0.6563872160990525,0.0812620662667276,True,False
1702,0.9222346187025535,0.9146846963423051,-0.007549922360248429,False,False
1703,0.8137128010878011,0.7951502201502202,-0.018562580937580897,False,False
1704,0.7892964997964999,0.8473931623931623,0.05809666259666246,True,False
1705,0.6139104788292129,0.639904761904762,0.025994283075549074,True,False
1706,0.7660510337665893,0.7874329420497946,0.021381908283205298,True,False
1707,0.8519538866373972,0.9362633351212826,0.08430944848388533,True,False
1708,0.5938008169934641,0.5161764705882352,-0.07762434640522886,False,False
1709,0.5466873420433668,0.6111037236008773,0.0644163815575105,True,False
1710,0.7184621070650482,0.6457431457431458,-0.07271896132190236,False,False
1711,0.5494864130434782,0.5416666666666666,-0.007819746376811598,False,False
1712,0.5448249052647658,0.5539830420777575,0.009158136812991713,True,False
1713,0.3810590277777778,0.475,0.0939409722222222,True,False
1714,0.5268552852592265,0.48344398345309536,-0.043411301806131175,False,False
1715,0.447760582010582,0.4522486772486773,0.004488095238095291,True,False
1716,0.5627392770679264,0.6430136663685591,0.08027438930063269,True,False
1717,0.7288674860585224,0.7518515440909134,0.022984058032391008,True,False
1718,0.876675968013468,0.9464736652236653,0.06979769721019724,True,False
1719,0.32025,0.13333333333333333,-0.18691666666666665,False,False
1720,0.8092907806131491,0.7343912812333866,-0.07489949937976248,False,False
1721,0.08885311565976435,0.14812234278307693,0.059269227123312576,True,False
1722,0.7938738790382749,0.9068262627349515,0.1129523836966766,True,False
1723,0.5314600130393415,0.635996383006089,0.10453636996674742,True,False
1724,0.7732028288220095,0.7878097705328827,0.014606941710873178,True,False
1725,0.5882936507936507,0.5601113172541744,-0.0281823335394763,False,False
1726,0.26909784497963135,0.33405111194956427,0.06495326696993292,True,False
1727,0.8714174106350647,0.9099336908080153,0.03851628017295061,True,False
1728,0.6897202202202202,0.7668053358017516,0.07708511558153142,True,False
1729,0.4474571773636991,0.44,-0.007457177363699108,False,False
1731,0.43311067019400357,0.4099584278155707,-0.023152242378432886,False,False
1732,0.8362764550264551,0.8573554421768707,0.021078987150415562,True,False
1733,0.5107050635125083,0.4781063098973994,-0.032598753615108944,False,False
1734,0.8343369204555645,0.846660482374768,0.012323561919203474,True,False
1735,0.40997854865990113,0.3035714285714286,-0.10640712008847253,False,False
1736,0.4229675356974537,0.42463657209401223,0.0016690363965585209,True,False
1737,0.537113916899727,0.6630732383990597,0.12595932149933275,True,False
1738,0.6019495832204869,0.5445410535343504,-0.05740852968613641,False,False
1739,0.5640119043606251,0.7402414954139093,0.17622959105328417,True,False
1740,0.7192916666666666,0.655,-0.06429166666666652,False,False
1741,0.7087494182756197,0.8055934513502241,0.09684403307460443,True,False
1742,0.6523145645645646,0.35989057239057237,-0.29242399217399223,False,False
1743,0.7013361908559277,0.5532037829821763,-0.14813240787375137,False,False
1744,0.8296309046345811,0.8260874505025574,-0.0035434541320237267,False,False
1745,0.7248188381634162,0.7949333342935884,0.07011449613017218,True,False
1746,0.8018667669065485,0.7863453657640471,-0.015521401142501334,False,False
1747,0.14358781830487669,0.036585365853658534,-0.10700245245121814,False,False
1748,0.5118390297551149,0.5101316482251812,-0.0017073815299336603,False,False
1749,0.23183970534481,0.2590087432558763,0.027169037911066313,True,False
1750,0.5226829176320931,0.5357142857142857,0.01303136808219263,True,False
1751,0.9443377976190476,1.0,0.05566220238095243,True,False
1752,0.6930495426439052,0.6956912406277552,0.0026416979838500554,True,False
1753,0.664986196654718,0.6944971808224324,0.02951098416771436,True,False
1754,0.42129537612146306,0.49522946859903383,0.07393409247757077,True,False
1755,0.5534305938358561,0.5602796218468094,0.0068490280109532176,True,False
1756,0.6152701465201464,0.7249778425765268,0.10970769605638031,True,False
1757,0.7247792634613035,0.6217239099601882,-0.10305535350111528,False,False
1758,0.7587433600336925,0.796589067043527,0.037845707009834584,True,False
1759,0.6653093931482809,0.6532063625355067,-0.01210303061277418,False,False
1760,0.8406719858156029,0.8168291962174941,-0.023842789598108816,False,False
1761,0.1305398523652904,0.23418621179815208,0.10364635943286168,True,False
1762,0.6778716034436373,0.6613404207021791,-0.01653118274145815,False,False
1763,0.5488020833333334,0.525,-0.023802083333333335,False,False
1764,0.8282697432622678,0.835700440330139,0.00743069706787125,True,False
1765,0.7565859835313435,0.7699135918735309,0.01332760834218738,True,False
1766,0.3318452380952381,0.4238095238095238,0.09196428571428572,True,False
1767,0.6153560890073811,0.5481577142228002,-0.0671983747845809,False,False
1768,0.5362406483044118,0.5625440243139358,0.026303376009524038,True,False
1769,0.30280660480878263,0.2886438438049146,-0.01416276100386804,False,False
1770,0.5056472562349738,0.5212418300653595,0.01559457383038576,True,False
1771,0.8618302283486494,0.9273043720412142,0.06547414369256477,True,False
1772,0.5301076739618407,0.5535353535353535,0.023427679573512883,True,False
1773,0.6276275252525252,0.7077272727272728,0.08009974747474757,True,False
1774,0.5126428571428572,0.6833333333333333,0.17069047619047617,True,False
1775,0.5786879247768815,0.6925845952180155,0.11389667044113405,True,False
1776,0.4188986913407242,0.35520398850545737,-0.06369470283526685,False,False
1777,0.6014076779701779,0.7722594246031746,0.17085174663299674,True,False
1778,0.6058274981795819,0.6197638339644956,0.013936335784913711,True,False
1779,0.6067571811336608,0.6205084291523215,0.013751248018660678,True,False
1780,0.253603169590488,0.2710528352917671,0.017449665701279093,True,False
1781,0.6234262218045113,0.7220538720538721,0.09862765024936071,True,False
1782,0.5967812049062049,0.4546416546416547,-0.14213955026455022,False,False
1783,0.6516782407407408,0.6904761904761905,0.0387979497354497,True,False
1784,0.529144616004372,0.517361111111111,-0.011783504893260965,False,False
1785,0.475966235530189,0.4808250919131317,0.0048588563829427,True,False
1786,0.6937677128427129,0.6116817525908435,-0.08208596025186943,False,False
1787,0.307366341991342,0.18817640692640691,-0.11918993506493508,False,False
1788,0.6983738095238096,0.6299007936507937,-0.06847301587301591,False,False
1789,0.8827412324591672,0.8673280423280424,-0.015413190131124854,False,False
1790,0.6799853529950901,0.7084789842068138,0.028493631211723658,True,False
1791,0.5062061087061087,0.5640542328042327,0.05784812409812401,True,False
1792,0.7079667644183774,0.8189125689125689,0.11094580449419156,True,False
1793,0.6426753989789011,0.6572208770837399,0.01454547810483875,True,False
1794,0.2432766996237991,0.2543113381591421,0.011034638535342978,True,False
1795,0.8113055555555556,0.6816666666666666,-0.12963888888888897,False,False
1796,0.7370525165097745,0.5971842837617721,-0.13986823274800242,False,False
1797,0.8049754479028672,0.8058235109286377,0.0008480630257704513,True,False
1798,0.4929631439053609,0.492638514525307,-0.00032462938005389796,False,False
1799,0.508271164021164,0.5686147186147186,0.06034355459355456,True,False
1800,0.6097638445931137,0.508868169956909,-0.10089567463620475,False,False
1801,0.772486111111111,0.8381944444444445,0.06570833333333348,True,False
1802,0.7958331376861125,0.5601739406982542,-0.2356591969878583,False,False
1803,0.6333331415789277,0.5674840347879265,-0.0658491067910012,False,False
1804,0.4767578933747412,0.5917317115251898,0.11497381815044855,True,False
1805,0.7778912130987163,0.7515013370548489,-0.026389876043867444,False,False
1806,0.8382313984469546,0.8410915926043792,0.002860194157424556,True,False
1807,0.5562356864368452,0.47593971980550437,-0.08029596663134081,False,False
1808,0.6735099206349205,0.613095238095238,-0.06041468253968252,False,False
1809,0.408398088023088,0.3792857142857143,-0.029112373737373742,False,False
1810,0.6117542162698413,0.6156024531024531,0.0038482368326118177,True,False
1811,0.8103333333333333,0.7402777777777778,-0.07005555555555554,False,False
1812,0.7628820814207962,0.732438616265522,-0.030443465155274185,False,False
1813,0.390309243697479,0.42254901960784313,0.032239775910364143,True,False
1814,0.7089590964590964,0.5138888888888888,-0.19507020757020754,False,False
1815,0.6434752905398067,0.7472117003367004,0.10373640979689369,True,False
1816,0.8123445681302824,0.8031597150644769,-0.00918485306580552,False,False
1817,0.49356957655720196,0.3541093949177076,-0.13946018163949436,False,False
1818,0.7112450621274151,0.6784722222222223,-0.03277283990519286,False,False
1819,0.6478592510058576,0.6713954142815931,0.02353616327573549,True,False
1820,0.6497835553103364,0.654153275104536,0.004369719794199645,True,False
1821,0.6438914141414142,0.7771464646464646,0.1332550505050505,True,False
1822,0.6891400609656714,0.6209003391194119,-0.06823972184625948,False,False
1823,0.6101136363636364,0.6802083333333333,0.07009469696969695,True,False
1824,0.5593314786098543,0.5359119509661305,-0.023419527643723792,False,False
1825,0.510705673459332,0.6196658219828952,0.10896014852356317,True,False
1826,0.3982355260480261,0.42110070998959886,0.022865183941572775,True,False
1827,0.6038186813186813,0.5589285714285714,-0.044890109890109886,False,False
1828,0.4215018374449365,0.37676084469397536,-0.04474099275096116,False,False
1829,0.4403611111111111,0.6472222222222221,0.20686111111111105,True,False
1830,0.5792757936507936,0.7054563492063493,0.12618055555555563,True,False
1831,0.6074925577751665,0.5242800137093615,-0.08321254406580503,False,False
1832,0.7149156746031745,0.7927295918367346,0.07781391723356013,True,False
1833,0.4766565206995783,0.5012299322122794,0.024573411512701093,True,False
1834,0.8200781081935493,0.7681304466230937,-0.051947661570455606,False,False
1835,0.7999532997171509,0.8004225575997346,0.0004692578825836735,True,False
1836,0.8275130249139911,0.8536568646294577,0.02614383971546652,True,False
1837,0.5786032659710315,0.6068020728867047,0.028198806915673225,True,False
1838,0.24830357142857143,0.3125,0.06419642857142857,True,False
1839,0.7010352895896373,0.8138171977263592,0.11278190813672184,True,False
1840,0.8676345029239766,0.26666666666666666,-0.6009678362573099,False,False
1841,0.43105618419436437,0.40898617511520735,-0.022070009079157016,False,False
1842,0.8905136338923773,0.8787639392789468,-0.01174969461343045,False,False
1843,0.5253000811079759,0.5292495637890375,0.003949482681061656,True,False
1844,0.5704053571428571,0.44999999999999996,-0.12040535714285716,False,False
1845,0.3819134278711484,0.4470438696311858,0.0651304417600374,True,False
1846,0.7453796296296297,0.7303240740740741,-0.0150555555555556,False,False
1847,0.6522614734299517,0.8421900161030595,0.18992854267310788,True,False
1848,0.6259124649859944,0.5443510737628384,-0.08156139122315598,False,False
1849,0.45455483070421143,0.46191950464396286,0.007364673939751432,True,False
1850,0.6094768900953327,0.7457073986619441,0.13623050856661145,True,False
1851,0.2023906857543395,0.25262484252318235,0.05023415676884285,True,False
1852,0.6549931690411341,0.595913770913771,-0.05907939812736318,False,False
1853,0.8498288383573466,0.8313447522256578,-0.018484086131688726,False,False
1854,0.2160794069127634,0.20922340603884332,-0.006856000873920076,False,False
1855,0.5009938672438673,0.3913690476190476,-0.10962481962481968,False,False
1856,0.9039888738824147,0.9686607751604464,0.06467190127803168,True,False
1857,0.8899958333333333,0.9333333333333333,0.04333750000000003,True,False
1858,0.6223763190513191,0.6082173135506469,-0.014159005500672173,False,False
1859,0.5969834656084656,0.6447619047619048,0.047778439153439156,True,False
1860,0.5012036537888485,0.5476856521689683,0.04648199838011979,True,False
1861,0.41301021667371,0.4192909655649574,0.006280748891247356,True,False
1862,0.9343333333333333,0.9666666666666666,0.032333333333333214,True,False
1863,0.8985771837349398,0.9181286549707603,0.019551471235820572,True,False
1864,0.38199074074074074,0.5277777777777778,0.14578703703703705,True,False
1865,0.5289101780917232,0.5500793965331189,0.021169218441395632,True,False
1866,0.8096593080392422,0.8484324091478695,0.038773101108627306,True,False
1867,0.4656503260176516,0.30317460317460315,-0.16247572284304845,False,False
1868,0.4617799537603699,0.5166666666666666,0.05488671290629671,True,False
1869,0.7253513993316625,0.7235797827903091,-0.0017716165413533824,False,False
1870,0.5408512293806411,0.5671134741854493,0.02626224480480821,True,False
1871,0.5649805003170278,0.5558029347096207,-0.009177565607407123,False,False
1872,0.6798553876678877,0.7443783068783069,0.0645229192104192,True,False
1873,0.5145668455797182,0.5980588616836402,0.08349201610392198,True,False
1874,0.724739133415604,0.7845154845154845,0.05977635109988044,True,False
1875,0.5580204863908057,0.59211161632285,0.03409112993204433,True,False
1876,0.4600458638583638,0.49521367521367526,0.03516781135531144,True,False
1877,0.3677485709271995,0.13636363636363635,-0.23138493456356313,False,False
1878,0.7704362706007443,0.7236842105263158,-0.04675206007442845,False,False
1879,0.7182839997133006,0.6929606780643612,-0.025323321648939356,False,False
1880,0.48360312485583196,0.4517657332644892,-0.031837391591342745,False,False
1881,0.7731610195360196,0.839951714951715,0.06679069541569538,True,False
1882,0.7662979795157908,0.7765755660105659,0.01027758649477506,True,False
1883,0.43235532055489206,0.6259211647243245,0.1935658441694324,True,False
1884,0.7389191880310652,0.7935129739220289,0.05459378589096375,True,False
1885,0.8231784511784511,0.9033631772268135,0.08018472604836235,True,False
1886,0.8033333333333332,0.765625,-0.03770833333333323,False,False
1887,0.5561813726755197,0.3996054711571953,-0.1565759015183244,False,False
1888,0.6117271000604334,0.7817836484503151,0.1700565483898817,True,False
1889,0.509130138259276,0.512134774587664,0.0030046363283879884,True,False
1890,0.6086495031165038,0.6950704545310962,0.08642095141459238,True,False
1891,0.519600649902203,0.5573060081075052,0.037705358205302186,True,False
1892,0.9080941770647654,0.9478609625668449,0.03976678550207957,True,False
1893,0.7336907536907538,0.7482517482517483,0.014560994560994578,True,False
1894,0.9221989980400109,0.9360072697512601,0.01380827171124921,True,False
1895,0.8926961340408226,0.8932183302812262,0.0005221962404036162,True,False
1896,0.8123656393647203,0.7883759257425055,-0.023989713622214803,False,False
1897,0.6452224566634885,0.6534244839602406,0.008202027296752012,True,False
1898,0.5788519841269841,0.5885582010582011,0.009706216931216982,True,False
1899,0.7045337848156614,0.7168591100706451,0.012325325254983643,True,False
1900,0.5986805555555555,0.675,0.0763194444444445,True,False
1901,0.8311247846237011,0.8107270438539788,-0.02039774076972234,False,False
1902,0.6911142973346385,0.7125784807858457,0.021464183451207264,True,False
1903,0.7423410062393885,0.6685872500656889,-0.07375375617369961,False,False
1904,0.49302500736714094,0.5792676179330806,0.08624261056593963,True,False
1905,0.8070308165308165,0.83125,0.024219183469183503,True,False
1906,0.6621666666666667,0.6388888888888888,-0.02327777777777784,False,False
1907,0.7759306599832915,0.7855576441102756,0.00962698412698415,True,False
1908,0.4077513943319483,0.5945574491478834,0.18680605481593515,True,False
1909,0.46630577601410933,0.706388888888889,0.24008311287477963,True,False
1910,0.7304563492063493,0.7327898550724637,0.0023335058661144714,True,False
1911,0.4665763888888889,0.4351851851851851,-0.031391203703703796,False,False
1912,0.1896340073640853,0.2175215140683115,0.027887506704226184,True,False
1913,0.7134376803751803,0.7708102853936187,0.05737260501843844,True,False
1914,0.6150391737891738,0.7756410256410255,0.16060185185185172,True,False
1915,0.6351507936507936,0.6185185185185186,-0.016632275132275054,False,False
1916,0.7156410418504606,0.7136944284066252,-0.0019466134438353988,False,False
1917,0.6761854382947733,0.5443507493932498,-0.1318346889015235,False,False
1918,0.5235357142857143,0.6285714285714286,0.10503571428571423,True,False
1919,0.5789236411736411,0.5739285714285713,-0.004995069745069802,False,False
1920,0.530901114128379,0.5532919788918281,0.022390864763449092,True,False
1921,0.4310281934050909,0.47550097751710657,0.04447278411201566,True,False
1922,0.5042783460902248,0.5489998198065357,0.044721473716310856,True,False
1923,0.4249760251322751,0.4986152447089947,0.0736392195767196,True,False
1924,0.44007339425696046,0.5123094837086478,0.07223608945168736,True,False
1925,0.616141573591266,0.5861251628830801,-0.030016410708185837,False,False
1926,0.8092236034744047,0.8237852906769313,0.014561687202526596,True,False
1927,0.7343627450980392,0.8524743230625583,0.1181115779645191,True,False
1928,0.6809859220986767,0.6811540850100685,0.0001681629113917671,True,False
1929,0.49346861471861475,0.6123737373737373,0.1189051226551226,True,False
1930,0.4661912292529609,0.47383802903959316,0.007646799786632241,True,False
1931,0.5051602155434122,0.6382035221496006,0.13304330660618846,True,False
1932,0.6187454755892255,0.5065274621212121,-0.11221801346801341,False,False
1933,0.4422976190476191,0.4821428571428572,0.0398452380952381,True,False
1934,0.38479530369158027,0.4490740740740741,0.06427877038249385,True,False
1935,0.5854238018052377,0.663119755911518,0.07769595410628027,True,False
1936,0.43899111305361305,0.6129807692307692,0.17398965617715612,True,False
1937,0.44960009193851624,0.41871356509130236,-0.03088652684721388,False,False
1938,0.4498041585440645,0.45602320437846755,0.006219045834403025,True,False
1939,0.6754247881858074,0.6475628449813665,-0.02786194320444091,False,False
1940,0.9727063760370048,0.9730297341453529,0.00032335810834804857,True,False
1941,0.4430129635495901,0.4388655499267376,-0.0041474136228524805,False,False
1942,0.2820758445652063,0.2847222222222222,0.002646377657015919,True,False
1943,0.6590144868381128,0.6859104351257547,0.026895948287641858,True,False
1944,0.7493800422957555,0.785650721005412,0.0362706787096565,True,False
1945,0.1620942312457217,0.12190963341858481,-0.04018459782713689,False,False
1946,0.6954574128041869,0.5390653737427932,-0.15639203906139376,False,False
1947,0.7686228793136688,0.7286494894854028,-0.03997338982826604,False,False
1948,0.5614879992531272,0.5806316933793089,0.019143694126181665,True,False
1949,0.845498788208218,0.8331665113943074,-0.012332276813910581,False,False
1950,0.5989676987778225,0.5123122248122248,-0.0866554739655977,False,False
1951,0.30833960464956756,0.4198538548297681,0.11151425018020056,True,False
1952,0.5449447492313974,0.5390237582436435,-0.0059209909877538935,False,False
1953,0.7507732884399552,0.6780118646785314,-0.0727614237614238,False,False
1954,0.800790306915307,0.7771961834461836,-0.023594123469123374,False,False
1955,0.603953125,0.7645833333333333,0.1606302083333333,True,False
1956,0.6070322582116313,0.7424242424242425,0.13539198421261123,True,False
1957,0.6674962121212121,0.7733225108225108,0.10582629870129867,True,False
1958,0.4484942868612283,0.47540421949725087,0.026909932636022593,True,False
1959,0.8652478696228697,0.7823505323505323,-0.08289733727233739,False,False
1960,0.6726242472804972,0.7378934537684537,0.06526920648795653,True,False
1961,0.6246138733244182,0.5486177401304095,-0.07599613319400866,False,False
1962,0.2808783191669964,0.2903221633169362,0.009443844149939817,True,False
1963,0.7583712121212122,0.7350751100751101,-0.023296102046102107,False,False
1964,0.6515583566760037,0.5987132352941177,-0.05284512138188602,False,False
1965,0.3855922677063027,0.44444715183019273,0.058854884123890006,True,False
1966,0.8375665343915344,0.678587962962963,-0.1589785714285714,False,False
1967,0.6105566801619433,0.7692307692307692,0.15867408906882585,True,False
1968,0.314215970285591,0.36236416240501207,0.04814819211942106,True,False
1969,0.7048159080574494,0.6795137101745922,-0.025302197882857258,False,False
1970,0.5175112353206865,0.5502913279132791,0.032780092592592514,True,False
1971,0.7248530497280496,0.7735042735042735,0.048651223776223884,True,False
1972,0.7915678371336266,0.8579165674366913,0.06634873030306476,True,False
1973,0.7125530303030303,0.8037878787878787,0.09123484848484842,True,False
1974,0.7371517943364972,0.7623453372193126,0.02519354288281539,True,False
1975,0.5674931318681319,0.6171855921855922,0.04969246031746033,True,False
1976,0.6318737373737374,0.6368670681170682,0.004993330743330748,True,False
1977,0.5359622641509434,0.5818086525633697,0.045846388412426275,True,False
1978,0.6482436747056546,0.7263804437764266,0.07813676907077205,True,False
1979,0.36335161135161137,0.1111111111111111,-0.25224050024050026,False,False
1980,0.5481528391541133,0.5242503487037893,-0.023902490450324,False,False
1981,0.4727325614636936,0.2234099757684663,-0.24932258569522728,False,False
1982,0.5092325760116327,0.5542166672063024,0.04498409119466962,True,False
1983,0.8426186105614206,0.8393541411850436,-0.0032644693763770327,False,False
1984,0.6145235713634835,0.6504940005142537,0.0359704291507702,True,False
1985,0.5276397152695299,0.5784998187178421,0.050860103448312155,True,False
1986,0.9076190476190475,0.9862745098039216,0.07865546218487407,True,False
1987,0.46747372372372376,0.8577777777777778,0.390304054054054,True,False
1988,0.5104812789816985,0.5373477426042638,0.026866463622565284,True,False
1989,0.6485714285714286,0.7380952380952381,0.08952380952380956,True,False
1990,0.5523360389610389,0.597979797979798,0.045643759018759056,True,False
1991,0.9145219298245614,0.8574561403508771,-0.057065789473684236,False,False
1992,0.2931912020065599,0.2940271257172665,0.0008359237107066209,True,False
1993,0.6921501068376068,0.6153846153846154,-0.07676549145299139,False,False
1994,0.7030952642365687,0.7287000439174353,0.025604779680866607,True,False
1995,0.6786836426101133,0.7678821513663142,0.08919850875620094,True,False
1996,0.8332265749942305,0.8280747960584094,-0.005151778935821083,False,False
1997,0.8181056547619048,0.84375,0.025644345238095223,True,False
1998,0.6896720580532936,0.7010228424173943,0.011350784364100752,True,False
1999,0.6864782484868297,0.6209524029661329,-0.06552584552069685,False,False
2000,0.6871764906240714,0.6417754736303123,-0.04540101699375909,False,False
2001,0.6250747863247863,0.75,0.1249252136752137,True,False
2002,0.8157142462000475,0.7999443974118835,-0.01576984878816401,False,False
2003,0.7937023148148148,0.8916211130917012,0.09791879827688643,True,False
2004,0.6689391415530698,0.6598314661376279,-0.009107675415441885,False,False
2005,0.4189660597572362,0.3211984793917567,-0.0977675803654795,False,False
2006,0.6469027777777778,0.536904761904762,-0.10999801587301583,False,False
2007,0.642076754385965,0.7193609022556391,0.07728414786967408,True,False
2008,0.6911583522079302,0.7299786720115119,0.03882031980358169,True,False
2009,0.7546652082843943,0.769113088557533,0.014447880273138702,True,False
2010,0.24470966506781777,0.3045700975707379,0.05986043250292011,True,False
2011,0.7424567806579441,0.7075662091961561,-0.03489057146178798,False,False
2012,0.3077267163425429,0.35818797798338703,0.050461261640844135,True,False
2013,0.7342473149937397,0.7482443303266548,0.013997015332915086,True,False
2014,0.8121234311554079,0.9068798449612403,0.09475641380583244,True,False
2015,0.4150876778830444,0.48426366278443667,0.06917598490139226,True,False
2016,0.7626579630417765,0.7665229426445098,0.003864979602733354,True,False
2017,0.5690083627442868,0.6294406146423068,0.06043225189802004,True,False
2018,0.790338944111457,0.7943944071168716,0.004055463005414595,True,False
2019,0.44792929292929295,0.25662177328843994,-0.19130751964085302,False,False
2020,0.5292780953213887,0.5317384452521267,0.0024603499307379595,True,False
2021,0.5562922353338497,0.7455888002364066,0.18929656490255686,True,False
2022,0.6639214792195806,0.6243087297008152,-0.03961274951876537,False,False
2023,0.7196695204116084,0.6625661223475042,-0.05710339806410414,False,False
2024,0.5275940515940516,0.5200219235933522,-0.007572128000699396,False,False
2025,0.4744606665489019,0.5595089865407203,0.08504831999181844,True,False
2026,0.6167017110517379,0.6599259666835067,0.04322425563176879,True,False
2027,0.7757792207792208,0.8421855151021818,0.06640629432296097,True,False
2028,0.8104166666666666,0.8819444444444444,0.07152777777777786,True,False
2029,0.5908873687095945,0.5544317858895864,-0.03645558282000805,False,False
2030,0.8204993211213888,0.8134663460973979,-0.007032975023990917,False,False
2031,0.5813543794024025,0.6480776842351058,0.06672330483270328,True,False
2032,0.7832316435026963,0.7865681248575985,0.0033364813549022765,True,False
2033,0.24240874150004588,0.3026755852842809,0.060266843784235025,True,False
2034,0.8621811818449749,0.8416361416361416,-0.0205450402088333,False,False
2035,0.5795201707480329,0.5334591996283452,-0.046060971119687655,False,False
2036,0.672426282051282,0.7306186868686868,0.05819240481740484,True,False
2037,0.7575595238095238,0.5833333333333333,-0.1742261904761906,False,False
2038,0.7340959105803965,0.7557625938793391,0.021666683298942613,True,False
2039,0.6827965531513095,0.6166159889299302,-0.0661805642213793,False,False
2040,0.6632293771043771,0.7058080808080809,0.04257870370370376,True,False
2041,0.5713867505135102,0.6152540413226094,0.043867290809099235,True,False
2042,0.4096910996709133,0.4485338128402979,0.038842713169384646,True,False
2043,0.14525778511449564,0.16808855472013368,0.02283076960563804,True,False
2044,0.6503660130718955,0.7164705882352941,0.06610457516339863,True,False
2045,0.6055416666666666,0.5590277777777778,-0.046513888888888855,False,False
2046,0.47125611608279677,0.5131969454448446,0.04194082936204785,True,False
2047,0.6179896336992751,0.568021618996264,-0.04996801470301104,False,False
2048,0.6825885225885225,0.7759244723530437,0.0933359497645212,True,False
2049,0.7617923669467787,0.7667717086834734,0.004979341736694787,True,False
2050,0.6981262242552326,0.6681394223399008,-0.029986801915331873,False,False
2051,0.613952991420161,0.6690737361675655,0.05512074474740447,True,False
2052,0.29373778998779,0.4871794871794872,0.19344169719169724,True,False
2053,0.6050079365079365,0.6375,0.03249206349206346,True,False
2054,0.5034659146948361,0.49740950553925767,-0.006056409155578479,False,False
2055,0.7863796786445522,0.8453241610146981,0.058944482370145934,True,False
2056,0.7292538839722882,0.752712651060481,0.023458767088192833,True,False
2057,0.7472595267051788,0.8463503485242616,0.0990908218190828,True,False
2058,0.5076760488176965,0.496296074324297,-0.011379974493399447,False,False
2059,0.5498924327338471,0.5581592209869638,0.008266788253116664,True,False
2060,0.38593036560187804,0.3941584036971194,0.008228038095241363,True,False
2061,0.7554722222222222,0.759375,0.0039027777777778105,True,False
2062,0.6994858193277311,0.7912285052910053,0.09174268596327417,True,False
2063,0.3026896362119006,0.3140977035643804,0.01140806735247979,True,False
2064,0.7989495381665758,0.7627214645487805,-0.03622807361779523,False,False
2065,0.9207936507936507,0.980952380952381,0.0601587301587303,True,False
2066,0.7556469038208169,0.8609634997316157,0.10531659591079878,True,False
2067,0.5337587076039089,0.519877362863044,-0.013881344740864887,False,False
2068,0.7940102903051875,0.7752569234385437,-0.01875336686664386,False,False
2069,0.6463264240145818,0.7082090643274854,0.06188264031290358,True,False
2070,0.827506904930818,0.7753205858469017,-0.052186319083916355,False,False
2071,0.5538585603241362,0.5897788893379924,0.03592032901385622,True,False
2072,0.6933311088175818,0.749644733805699,0.056313624988117206,True,False
2073,0.6179760417439525,0.7149433651745398,0.09696732343058734,True,False
2074,0.5607500000000001,0.6186011904761904,0.05785119047619036,True,False
2075,0.4658578431372549,0.48588235294117643,0.02002450980392151,True,False
2076,0.5146122766122766,0.522487234987235,0.00787495837495844,True,False
2077,0.5250485664995139,0.5049983772865907,-0.02005018921292323,False,False
2078,0.59742233615906,0.5356093559218559,-0.06181298023720416,False,False
2079,0.5965534971240362,0.5904387756384722,-0.006114721485563912,False,False
2080,0.8282867521367521,0.8177655677655677,-0.010521184371184322,False,False
2081,0.4498009768009768,0.5416666666666667,0.09186568986568994,True,False
2082,0.778304186118892,0.7728731236084178,-0.005431062510474205,False,False
2083,0.8093958252395752,0.6444839882339882,-0.16491183700558698,False,False
2084,0.8032074655949336,0.800007310946273,-0.003200154648660636,False,False
2085,0.6383927678311173,0.6541420012224007,0.015749233391283424,True,False
2086,0.6578571428571429,0.6486111111111111,-0.00924603174603178,False,False
2087,0.7390528002699055,0.7466261808367072,0.00757338056680168,True,False
2088,0.7131215628172625,0.7209071567138194,0.007785593896556975,True,False
2089,0.8344013176323161,0.805126050420168,-0.029275267212148015,False,False
2090,0.6689057673209179,0.6795608824776325,0.010655115156714579,True,False
2091,0.7750092887232592,0.8830983271751245,0.10808903845186524,True,False
2092,0.5207543353132048,0.5571353082214656,0.03638097290826081,True,False
2093,0.750091519183431,0.677932820855615,-0.07215869832781596,False,False
2094,0.6995268417288878,0.7372520013922729,0.03772515966338508,True,False
2095,0.3998769741731698,0.5294772256728778,0.129600251499708,True,False
2096,0.7884588763700868,0.7525250844878099,-0.035933791882276966,False,False
2097,0.5573626449820676,0.5028956616614754,-0.05446698332059219,False,False
2098,0.4715416313078564,0.525071908729757,0.05353027742190053,True,False
2099,0.6359606481481481,0.5394444444444444,-0.09651620370370373,False,False
2100,0.6723738073719258,0.6300596568692011,-0.04231415050272469,False,False
2101,0.46113283960744994,0.4821798985203415,0.021047058912891548,True,False
2102,0.2523302164920109,0.2794546677247319,0.027124451232721003,True,False
2103,0.7294186113146095,0.7218568256310988,-0.0075617856835107355,False,False
2104,0.43472222222222223,0.42698412698412697,-0.007738095238095266,False,False
2105,0.4431162207573024,0.435686045916708,-0.0074301748405943835,False,False
2106,0.15183615924677174,0.18157643069953205,0.029740271452760314,True,False
2107,0.6925603864734299,0.45806159420289855,-0.23449879227053133,False,False
2108,0.7772447868036103,0.7138820806100218,-0.06336270619358852,False,False
2109,0.33247311370355315,0.34482671013574373,0.012353596432190583,True,False
2110,0.5205922745853128,0.5288307445181467,0.008238469932833947,True,False
2111,0.5463715277777778,0.5381944444444444,-0.008177083333333335,False,False
2112,0.5206071428571428,0.490625,-0.029982142857142846,False,False
2113,0.8812314814814814,0.9089781746031746,0.0277466931216932,True,False
2114,0.5406991815870492,0.5151968763127933,-0.0255023052742559,False,False
2115,0.6542715234644583,0.6515319473199908,-0.002739576144467515,False,False
2116,0.5981857469953196,0.6049702413535087,0.006784494358189175,True,False
2117,0.884491798941799,0.8902910052910054,0.005799206349206387,True,False
2118,0.9653092986603624,0.9411764705882353,-0.024132828072127133,False,False
2119,0.5032128179430115,0.5317602767585121,0.02854745881550058,True,False
2120,0.5482545028951517,0.48677081620706253,-0.06148368668808912,False,False
2121,0.5638206815034948,0.5911416830725907,0.027321001569095893,True,False
2122,0.5618154369296009,0.5675545821887286,0.005739145259127665,True,False
2123,0.7370956643526977,0.7922342850183552,0.055138620665657556,True,False
2124,0.8536693891713714,0.8385476978925873,-0.015121691278784044,False,False
2125,0.6602454982902873,0.8853330963351427,0.22508759804485534,True,False
2126,0.2412022228860464,0.34377723311546843,0.10257501022942203,True,False
2127,0.38581243300750606,0.3831851152968339,-0.00262731771067215,False,False
2128,0.7858611111111111,0.75,-0.03586111111111112,False,False
2129,0.5053378367483559,0.5260416439606475,0.02070380721229159,True,False
2130,0.37740920722205407,0.555239898989899,0.17783069176784494,True,False
2131,0.5824891919806667,0.471860233152425,-0.11062895882824175,False,False
2132,0.25051528355449926,0.21236837327523603,-0.03814691027926323,False,False
2133,0.5099444444444444,0.6666666666666666,0.1567222222222222,True,False
2134,0.5462188449848024,0.5955513784461153,0.04933253346131283,True,False
2135,0.8159638888888889,0.625,-0.19096388888888893,False,False
2136,0.7539916125541126,0.7450501253132833,-0.008941487240829327,False,False
2137,0.8185426649374018,0.8564656372389993,0.03792297230159747,True,False
2138,0.5862753968253969,0.6942619047619047,0.10798650793650788,True,False
2139,0.8032628802357062,0.8688156650113172,0.065552784775611,True,False
2140,0.7600297122315376,0.7831326947644593,0.023102982532921756,True,False
2141,0.7688592592592594,0.7773148148148148,0.008455555555555438,True,False
2142,0.6306332365266791,0.5065112665112664,-0.1241219700154127,False,False
2143,0.4428213894348793,0.5040645812291549,0.061243191794275564,True,False
2144,0.4866566176470588,0.4402785947712418,-0.04637802287581699,False,False
2145,0.7482673981632676,0.8713202399289418,0.12305284176567421,True,False
2146,0.6549394052449609,0.5832870832870832,-0.07165232195787763,False,False
2147,0.6620282477025898,0.6832246787603931,0.021196431057803222,True,False
2148,0.710895864383716,0.7680285181398497,0.057132653756133744,True,False
2149,0.7612241582491582,0.6991742825076158,-0.062049875741542415,False,False
2150,0.6101431878306878,0.5636574074074074,-0.04648578042328033,False,False
2151,0.5419265873015874,0.5,-0.04192658730158738,False,False
2152,0.6249867724867726,0.6076388888888888,-0.01734788359788375,False,False
2153,0.6855979769464454,0.74924452587299,0.06364654892654453,True,False
2154,0.6084526532835356,0.6185496420790538,0.010096988795518236,True,False
2155,0.9380411361514303,0.9544974633209927,0.016456327169562468,True,False
2156,0.6065250942055755,0.5499295926399713,-0.05659550156560422,False,False
2157,0.6263107609060065,0.6265114444801945,0.00020068357418800975,True,False
2158,0.7178035143868478,0.7489170024257744,0.031113488038926662,True,False
2159,0.6832888176638177,0.8747863247863247,0.19149750712250702,True,False
2160,0.7080104166666666,0.5583333333333333,-0.1496770833333333,False,False
2161,0.603038802863803,0.5781462981462981,-0.024892504717504815,False,False
2162,0.7072467665981292,0.741200405044647,0.033953638446517775,True,False
2163,0.7692917767217302,0.658658906453024,-0.11063287026870616,False,False
2164,0.6888796266875725,0.7204781292510906,0.03159850256351804,True,False
2165,0.7952275098723725,0.7919039586044597,-0.0033235512679127277,False,False
2166,0.5245325152424523,0.5619564931472215,0.03742397790476926,True,False
2167,0.3147285982532994,0.41703723959342387,0.10230864134012446,True,False
2168,0.6986736132065758,0.6851582620230691,-0.013515351183506774,False,False
2169,0.5380315511436201,0.5555555555555556,0.017524004411935468,True,False
2170,0.7708018900161142,0.7899096998703444,0.019107809854230218,True,False
2171,0.8373471934667588,0.8233443243105079,-0.01400286915625093,False,False
2172,0.38649902536973973,0.3941224988636596,0.007623473493919841,True,False
2173,0.6616056857238019,0.7045921634437694,0.04298647771996755,True,False
2174,0.6086526394016091,0.6102253287224481,0.0015726893208389825,True,False
2175,0.6873772803033689,0.6943100402808756,0.006932759977506753,True,False
2176,0.8829508877087824,0.8968888609851212,0.013937973276338833,True,False
2177,0.6220182452462764,0.6163123536589981,-0.0057058915872783,False,False
2178,0.8918940003049824,0.8710550120611096,-0.02083898824387287,False,False
2179,0.4434558529953069,0.5493384624351577,0.10588260943985084,True,False
2180,0.3401790705802509,0.31058033011416036,-0.029598740466090512,False,False
2181,0.53025360160561,0.5369449358218636,0.006691334216253675,True,False
2182,0.6163628389154705,0.6757575757575758,0.05939473684210528,True,False
2183,0.4998166666666667,0.6753968253968253,0.17558015873015864,True,False
2184,0.9033611111111111,0.8666666666666668,-0.03669444444444425,False,False
2185,0.828091093927268,0.8395932726881845,0.011502178760916526,True,False
2186,0.5803305101934244,0.5595311215040686,-0.020799388689355824,False,False
2187,0.6087458027868244,0.7010602226004702,0.09231441981364574,True,False
2188,0.33932203637558445,0.3633598547711456,0.024037818395561128,True,False
2189,0.6577083333333333,0.6468253968253969,-0.01088293650793648,False,False
2190,0.7434622387416505,0.7172941151985269,-0.02616812354312359,False,False
2191,0.5201481481481481,0.4534832451499118,-0.06666490299823635,False,False
2192,0.7148640028256312,0.7465989882417282,0.031734985416096984,True,False
2193,0.7333253968253969,0.6515432098765432,-0.08178218694885364,False,False
2194,0.39848428436500194,0.35607723238178646,-0.04240705198321548,False,False
2195,0.7034043541263597,0.6989082689695716,-0.004496085156788121,False,False
2196,0.7211878607503607,0.7684137291280149,0.04722586837765419,True,False
2197,0.8448252118252119,0.8660721994055327,0.021246987580320842,True,False
2198,0.6778335044709708,0.518383543893748,-0.15944996057722283,False,False
2199,0.3647698507668168,0.3130448717948718,-0.051724978971945,False,False
2201,0.8329599988218409,0.876610465557834,0.04365046673599304,True,False
2202,0.43148696264975334,0.5385082133628645,0.10702125071311114,True,False
2203,0.7676029744512427,0.7668272668229552,-0.000775707628287492,False,False
2204,0.7332226107226107,0.6792929292929292,-0.053929681429681575,False,False
2205,0.2563632813435203,0.29505089866512724,0.038687617321606915,True,False
2206,0.657440139430462,0.6023505772900934,-0.05508956214036853,False,False
2207,0.705,0.7833333333333334,0.07833333333333348,True,False
2208,0.6310326943934516,0.6755792315574924,0.04454653716404089,True,False
2209,0.39236111111111105,0.49375,0.10138888888888897,True,False
2210,0.5205999827467219,0.375,-0.14559998274672192,False,False
2211,0.7797936838596398,0.7694696834789579,-0.01032400038068182,False,False
2212,0.3454220238095238,0.36452641687016685,0.019104393060643043,True,False
2213,0.706428699436764,0.6154313876088069,-0.09099731182795712,False,False
2214,0.876359283625731,0.8164114228408487,-0.059947860784882345,False,False
2215,0.4913884318022663,0.4172428871267256,-0.07414554467554074,False,False
2216,0.37690394801675287,0.34722222222222215,-0.02968172579453071,False,False
2218,0.8231533389450056,0.913888888888889,0.09073554994388333,True,False
2219,0.6056747805428145,0.6671349358559112,0.061460155313096676,True,False
2220,0.6986564009661835,0.6175523349436393,-0.08110406602254427,False,False
2221,0.5718350413475413,0.6407050505050504,0.06887000915750918,True,False
2222,0.6005683668398785,0.5909138342277878,-0.009654532612090705,False,False
2223,0.36860925918893395,0.4700446090178018,0.10143534982886787,True,False
2224,0.8044351851851852,0.7941798941798942,-0.01025529100529099,False,False
2225,0.4228821144050699,0.4099628203266648,-0.012919294078405086,False,False
2226,0.5704244779076294,0.6120927318295739,0.04166825392194451,True,False
2227,0.77582489637985,0.8077385849444674,0.031913688564617404,True,False
2228,0.8477722222222223,0.8282921810699588,-0.019480041152263428,False,False
2229,0.5306070660522273,0.72,0.18939293394777268,True,False
2230,0.41376912188452936,0.4390746096009253,0.025305487716395958,True,False
2231,0.4780211887721508,0.44719006170081005,-0.030831127071340725,False,False
2232,0.7797415492305442,0.8133076786574394,0.033566129426895186,True,False
2233,0.5270361312399356,0.5602172083150344,0.033181077075098764,True,False
2234,0.6291964285714287,0.25,-0.37919642857142866,False,False
2235,0.5958341317499344,0.6017896194796063,0.0059554877296719155,True,False
2236,0.7179160724896019,0.742706476530006,0.024790404040404113,True,False
2237,0.8057803565318636,0.8216879543631825,0.015907597831318898,True,False
2238,0.658489132778182,0.678046306241795,0.019557173463612965,True,False
2239,0.7244741162205998,0.7255204696809038,0.001046353460304017,True,False
2240,0.7922082377045839,0.7920786815523658,-0.00012955615221810213,False,False
2241,0.9060527736152736,0.8468365988586577,-0.05921617475661589,False,False
2242,0.6687507843898807,0.7089834561394275,0.04023267174954681,True,False
2243,0.9444027777777778,0.9537037037037037,0.009300925925925907,True,False
2244,0.7218794934010303,0.7417169446018289,0.019837451200798606,True,False
2245,0.35190046296296296,0.5331018518518518,0.18120138888888881,True,False
2246,0.5598162777260991,0.5923980178783098,0.032581740152210714,True,False
2247,0.7673770214429606,0.7634779112956384,-0.003899110147322249,False,False
2248,0.5947609440124146,0.7123273274927687,0.11756638348035409,True,False
2249,0.6679685511856565,0.5721299855974779,-0.0958385655881786,False,False
2250,0.569177217663795,0.5819150091902588,0.012737791526463815,True,False
2251,0.7829161581213469,0.7641028692146162,-0.01881328890673062,False,False
2252,0.5445755170755171,0.5505050505050505,0.005929533429533396,True,False
2253,0.8536269841269841,0.7420039682539683,-0.11162301587301582,False,False
2254,0.7801880621386119,0.7958492612001384,0.01566119906152652,True,False
2255,0.7523470730574077,0.7566433401547141,0.004296267097306461,True,False
2256,0.7012959254007641,0.6643143793681427,-0.03698154603262138,False,False
2257,0.553806216931217,0.5301587301587302,-0.023647486772486848,False,False
2258,0.6096632580167695,0.61092375527934,0.0012604972625704924,True,False
2259,0.9144009448197141,0.9201530478665262,0.005752103046812063,True,False
2260,0.6502408496732026,0.6570806100217865,0.006839760348583912,True,False
2261,0.5279245987775544,0.5616489057672233,0.033724306989668884,True,False
2262,0.5582234703892517,0.5772926376276916,0.019069167238439877,True,False
2263,0.7080020164542528,0.658909407752871,-0.04909260870138177,False,False
2264,0.5738762645140699,0.5786395586869107,0.004763294172840826,True,False
2265,0.58838932496745,0.5799660553566803,-0.008423269610769668,False,False
2266,0.7760348124098124,0.8245358345358346,0.04850102212602214,True,False
2267,0.6882043010752689,0.684715821812596,-0.0034884792626728167,False,False
2268,1.0,1.0,0.0,False,True
2269,0.5753402777777779,0.5888888888888889,0.013548611111111053,True,False
2270,0.5732756389818799,0.6663151119033471,0.09303947292146719,True,False
2271,0.812856397544172,0.8813780595177431,0.06852166197357101,True,False
2272,0.6963469473852371,0.7715007282999183,0.07515378091468128,True,False
2273,0.6064190277315278,0.5676099941724942,-0.038809033559033534,False,False
2274,0.43820828081232494,0.5954371748699481,0.15722889405762314,True,False
2275,0.6896739069190895,0.7511437908496732,0.061469883930583724,True,False
2276,0.782095215841361,0.861918768571845,0.07982355273048403,True,False
2277,0.43148172905525845,0.38671023965141615,-0.04477148940384229,False,False
2278,0.5379319286891429,0.6823755745866099,0.14444364589746705,True,False
2279,0.6802041678379424,0.6339609995098417,-0.0462431683281006,False,False
2280,0.8894397254397255,0.9343972543972544,0.044957528957528914,True,False
2281,0.6781607251279382,0.7166341399947957,0.038473414866857514,True,False
2282,0.7377716424525169,0.7008295955292518,-0.03694204692326508,False,False
2283,0.6445672268907563,0.5024626517273576,-0.1421045751633987,False,False
2284,0.6540237127371273,0.7395833333333334,0.08555962059620603,True,False
2285,0.5177920978073417,0.5965909090909091,0.07879881128356736,True,False
2286,0.45574561403508773,0.3582922149122807,-0.09745339912280704,False,False
2287,0.8691736694677872,0.8382352941176471,-0.0309383753501401,False,False
2288,0.4280458531457383,0.4968293268379074,0.06878347369216914,True,False
2289,0.6457480762419909,0.48425925925925917,-0.16148881698273176,False,False
2290,0.45188597645170925,0.4069848987512605,-0.044901077700448766,False,False
2291,0.8870340990028489,0.9697293447293447,0.08269524572649578,True,False
2292,0.42100709706959705,0.27685185185185185,-0.1441552452177452,False,False
2293,0.8745513872134367,0.8620764897269722,-0.012474897486464576,False,False
2294,0.8124649127327699,0.858975283975284,0.046510371242514115,True,False
2295,1.0,1.0,0.0,False,True
2296,0.4820277777777778,0.46641414141414145,-0.01561363636363633,False,False
2297,0.5867246732026143,0.5206991129785247,-0.06602556022408967,False,False
2298,0.4829591495461061,0.45869420434637825,-0.024264945199727828,False,False
2299,0.3383252360885875,0.45085269620873336,0.11252746012014586,True,False
2300,0.9121205316815073,0.8871428571428572,-0.024977674538650074,False,False
2301,0.6789391745764749,0.7241379310344828,0.04519875645800786,True,False
2302,0.5433119706118162,0.5856627282869175,0.042350757675101214,True,False
2303,0.8971748984602524,0.8946832524443896,-0.002491646015862825,False,False
2304,0.6421233932152386,0.6408435575024519,-0.00127983571278667,False,False
2305,0.47767688595557445,0.4841991341991342,0.006522248243559736,True,False
2306,0.6516828714763497,0.7049795615013006,0.053296690024950855,True,False
2307,0.8838466101174012,0.8746622658387364,-0.009184344278664769,False,False
2308,0.8744700902583256,0.9463182922741746,0.07184820201584907,True,False
2309,0.4798610050921471,0.525177245182897,0.045316240090749915,True,False
2310,0.6844816651066651,0.6609798109798111,-0.023501854126854016,False,False
2311,0.7012579365079366,0.7461309523809524,0.04487301587301584,True,False
2312,0.5393571428571429,0.6035714285714285,0.06421428571428567,True,False
2313,0.8386582590612002,0.8632222222222222,0.02456396316102205,True,False
2314,0.49976334776334774,0.45833333333333337,-0.04143001443001437,False,False
2316,0.7156998320327326,0.6934623959658973,-0.02223743606683526,False,False
2317,0.8694890422077922,0.8931677890011225,0.023678746793330263,True,False
2318,0.3113004358043058,0.3436348223499926,0.03233438654568682,True,False
2319,0.7185942106727748,0.7686934927227597,0.05009928204998482,True,False
2320,0.5006019397269398,0.5285714285714286,0.0279694888444888,True,False
2321,0.6987273098633392,0.7361779781356987,0.037450668272359544,True,False
2322,0.7266565764482431,0.7228265561598894,-0.003830020288353664,False,False
2323,0.6546539197628448,0.7109656669917767,0.05631174722893184,True,False
2324,0.7135220926251956,0.8043126816454281,0.09079058902023251,True,False
2325,0.45621284271284274,0.51010101010101,0.05388816738816732,True,False
2326,0.5234429775698158,0.5756405971479501,0.05219761957813429,True,False
2327,0.42330553376692703,0.4215800477897252,-0.001725485977201846,False,False
2328,0.38821354166666666,0.22500000000000003,-0.16321354166666663,False,False
2329,0.4300700757575758,0.30113636363636365,-0.12893371212121213,False,False
2330,0.3935688772463658,0.3914718703166726,-0.0020970069296932237,False,False
2331,0.7641790674603175,0.8524801587301588,0.08830109126984131,True,False
2332,0.6942499999999999,0.7690972222222222,0.07484722222222229,True,False
2333,0.5761494651483782,0.7391304347826088,0.1629809696342306,True,False
2334,0.6918143406447937,0.7293397064412322,0.0375253657964385,True,False
2335,0.708111298545509,0.6039974937343359,-0.10411380481117316,False,False
2336,0.535,0.925,0.39,True,False
2337,0.7953863312613312,0.8528596403596403,0.05747330909830917,True,False
2338,0.7018988515190854,0.6345240897885914,-0.06737476173049395,False,False
2339,1.0,1.0,0.0,False,True
2340,0.8866861196280591,0.8692176867314184,-0.017468432896640684,False,False
2341,0.49838176638176634,0.39333333333333337,-0.10504843304843298,False,False
2342,0.5890459979548959,0.6458925530891854,0.05684655513428949,True,False
2343,0.7119585144927537,0.9074189095928226,0.19546039510006885,True,False
2344,0.5808528995296837,0.5913904582548651,0.010537558725181473,True,False
2345,0.6650168350168351,0.6136363636363636,-0.051380471380471415,False,False
2346,0.6664752320119968,0.7679262866762867,0.10145105466428994,True,False
2347,0.6814960317460317,0.7616402116402116,0.08014417989417988,True,False
2348,0.3383173180682187,0.3831202641547469,0.04480294608652824,True,False
2349,0.484752552463568,0.5696428571428571,0.0848903046792891,True,False
2350,0.7984654840817885,0.775057982811606,-0.02340750127018254,False,False
2351,0.4666236998467649,0.497350138681408,0.0307264388346431,True,False
2353,0.45975293099703557,0.46767445671100155,0.007921525713965982,True,False
2354,0.6498166483339355,0.6127611454739114,-0.037055502860024125,False,False
2355,0.5434826630088258,0.577736859066719,0.03425419605789326,True,False
2357,0.6870628019323671,0.7152173913043478,0.028154589371980676,True,False
2358,0.6593974673202614,0.8149509803921569,0.15555351307189547,True,False
2359,0.6650293762088976,0.7086154094132817,0.043586033204384145,True,False
2360,0.7544786877394636,0.6194444444444444,-0.13503424329501923,False,False
2361,0.43177003552003546,0.4682310744810745,0.03646103896103903,True,False
2362,0.48474767471091,0.6339869281045751,0.14923925339366512,True,False
2363,0.9739351851851852,0.9596560846560847,-0.01427910052910053,False,False
2364,0.6902665269513095,0.6663425463425463,-0.023923980608763218,False,False
2365,0.904949806949807,0.9723294723294723,0.06737966537966533,True,False
2366,0.3731022970085471,0.4636465964590965,0.09054429945054943,True,False
2367,0.6071778165976536,0.6450396825396825,0.037861865942028894,True,False
2368,0.8023645683225803,0.843963115088641,0.04159854676606067,True,False
2369,0.7025896262395118,0.9809941520467835,0.2784045258072717,True,False
2370,0.8338517156862746,0.8392453951277481,0.005393679441473509,True,False
2371,0.654419648013398,0.5069327139639639,-0.14748693404943414,False,False
2372,0.7042697811447812,0.7711159211159211,0.06684613997113986,True,False
2373,0.5470833333333334,0.8571428571428571,0.31005952380952373,True,False
2374,0.8554289160633582,0.8508150038376967,-0.004613912225661543,False,False
2375,0.6850661375661375,0.6821428571428572,-0.0029232804232803833,False,False
2376,0.45550575464158627,0.4637891479819074,0.008283393340321132,True,False
2377,0.8090352474323061,0.8158813525410163,0.006846105108710199,True,False
2378,0.40607900693683824,0.45285482297153984,0.0467758160347016,True,False
2379,0.7628914141414141,0.7393939393939394,-0.023497474747474767,False,False
2380,0.47157993325697517,0.5293081222070829,0.05772818895010773,True,False
2381,0.26460168650793653,0.41269841269841273,0.1480967261904762,True,False
2382,0.6846923475075648,0.6590287731592079,-0.025663574348356866,False,False
2383,0.5955316137409997,0.6655138785289224,0.06998226478792269,True,False
2384,0.7881287878787879,0.7872685185185185,-0.0008602693602693945,False,False
2385,0.5480555555555555,0.5231481481481481,-0.024907407407407378,False,False
2386,0.562100111389585,0.48902911659490605,-0.07307099479467899,False,False
2387,0.6166584595959596,0.597013888888889,-0.019644570707070597,False,False
2388,0.8733218954248366,0.7544444444444445,-0.11887745098039215,False,False
2389,0.7489597735923649,0.7823813778820757,0.03342160428971086,True,False
2390,0.8449501792114695,0.8353812316715543,-0.009568947539915218,False,False
2391,0.5490412087912088,0.5500421838963505,0.0010009751051417437,True,False
2392,0.8129904295051353,0.8504913076341648,0.03750087812902947,True,False
2393,0.7833130374806359,0.7273044279790162,-0.05600860950161968,False,False
2394,0.7448346273291925,0.6013690476190476,-0.14346557971014484,False,False
2395,0.629615577082068,0.5703878385356118,-0.05922773854645613,False,False
2396,0.7727744708994709,0.6765873015873016,-0.09618716931216931,False,False
2397,0.8165635175010175,0.828042328042328,0.011478810541310502,True,False
2398,0.6293051043159739,0.6986444020900346,0.06933929777406078,True,False
2399,0.6750816993464052,0.6903594771241831,0.015277777777777946,True,False
2400,0.6869049741108565,0.5612987012987013,-0.1256062728121552,False,False
2401,0.8618835282651073,0.9151169590643274,0.05323343079922016,True,False
2402,0.488726772152803,0.4952906769177411,0.006563904764938067,True,False
2403,0.4678476414786823,0.4143646196194568,-0.05348302185922549,False,False
2404,0.7354016191325015,0.7926539953102453,0.05725237617774381,True,False
2405,0.6572131588860312,0.5634302866445724,-0.09378287224145876,False,False
2406,0.5880354283250625,0.753739829149509,0.16570440082444648,True,False
2407,0.8270353501617974,0.8413024487093598,0.014267098547562362,True,False
2408,0.5933060182571053,0.629911242139503,0.03660522388239773,True,False
2409,0.7293801953975784,0.743995695829935,0.014615500432356598,True,False
2410,0.5157475271295496,0.605238644002689,0.08949111687313938,True,False
2411,0.6314278543618527,0.6043475548710411,-0.027080299490811588,False,False
2412,0.7177500000000001,0.6333333333333333,-0.0844166666666668,False,False
2413,0.44705573593073594,0.5404040404040403,0.09334830447330439,True,False
2414,0.7634337692846748,0.787528546840252,0.024094777555577207,True,False
2415,0.5818650793650794,0.6242559523809524,0.042390873015873076,True,False
2416,0.6244906576156576,0.7193732193732194,0.09488256175756182,True,False
2417,0.9674927536231884,0.9135131508319914,-0.05397960279119707,False,False
2418,0.25276576987384103,0.37574859401124794,0.12298282413740691,True,False
2419,0.4280364568813228,0.46252361227937955,0.034487155398056746,True,False
2420,0.6910449872949873,0.8810589435589437,0.19001395626395634,True,False
2421,0.5206759483273596,0.39335641925527676,-0.12731952907208288,False,False
2422,0.5634294871794872,0.7423076923076923,0.17887820512820518,True,False
2423,0.8347075216450217,0.8302342389411355,-0.00447328270388625,False,False
2424,0.4862311267098188,0.44269146940643694,-0.04353965730338183,False,False
2425,0.510316158284963,0.7016657806131491,0.1913496223281861,True,False
2426,0.7886324786324787,0.7512820512820513,-0.03735042735042737,False,False
2427,0.7430631878883056,0.6806583773024638,-0.0624048105858418,False,False
2428,0.8204602891661714,0.7852876228544677,-0.03517266631170368,False,False
2429,0.7209393146582768,0.7123826213473811,-0.008556693310895702,False,False
2430,0.4273585407647908,0.5291801948051947,0.10182165404040394,True,False
2431,0.48100000000000004,0.4809523809523809,-4.7619047619129606e-05,False,False
2432,0.689156746031746,0.7822916666666667,0.09313492063492068,True,False
2433,0.7336243386243386,0.8325396825396826,0.09891534391534396,True,False
2434,0.7152744360902256,0.5783333333333334,-0.1369411027568922,False,False
2435,0.6153917841710378,0.7125580880657614,0.09716630389472358,True,False
2436,0.6066092952546792,0.6807886310775771,0.07417933582289793,True,False
2437,0.6233357683982684,0.6419893378226712,0.01865356942440277,True,False
2438,0.5468442576436211,0.5687134636811332,0.02186920603751208,True,False
2440,0.4995286195286195,0.6363636363636364,0.13683501683501686,True,False
2441,0.7679126984126984,0.8435185185185187,0.07560582010582029,True,False
2442,0.6677372833191246,0.8227682377298745,0.15503095441074988,True,False
2443,0.27425,0.47500000000000003,0.20075000000000004,True,False
2444,0.5996849919659517,0.8518089390638409,0.2521239470978892,True,False
2445,0.5453557958115387,0.626202303519483,0.08084650770794433,True,False
2446,0.7467386657311604,0.7905794551225087,0.04384078939134828,True,False
2447,0.7899504629629629,0.8601934523809525,0.07024298941798957,True,False
2448,0.7181283524904215,0.7012100893997446,-0.0169182630906769,False,False
2449,0.9037083333333333,0.9625,0.058791666666666687,True,False
2450,0.42393253968253974,0.6537698412698413,0.22983730158730153,True,False
2451,0.3312052774381155,0.30493046305261157,-0.026274814385503942,False,False
2452,0.71108041484261,0.9149989576818846,0.20391854283927457,True,False
2453,0.5492726528564107,0.5438981781397477,-0.005374474716662969,False,False
2454,0.4711751263182557,0.5171665529876149,0.04599142666935924,True,False
2455,0.2763936605499335,0.3835826986647739,0.10718903811484043,True,False
2456,0.46926042128519163,0.43584165859244617,-0.03341876269274546,False,False
2457,0.3864639619648067,0.3823923670825279,-0.004071594882278817,False,False
2458,0.5630778068305113,0.5422573914417261,-0.020820415388785207,False,False
2459,0.6950701344134145,0.6842417010663915,-0.010828433347022992,False,False
2460,0.7555635475635475,0.7366071428571428,-0.018956404706404695,False,False
2461,0.6627746981305287,0.6746830537927724,0.011908355662243686,True,False
2462,0.6768616910291668,0.6706590700196838,-0.006202621009482989,False,False
2463,0.5918108068757045,0.5305489196793545,-0.06126188719635006,False,False
2464,0.7808240031897927,0.7639553429027113,-0.01686866028708145,False,False
2465,0.8523605860905309,0.8630102538361543,0.01064966774562337,True,False
2466,0.44522428001610925,0.4334876543209877,-0.011736625695121572,False,False
2467,0.6851493930905695,0.7915966386554623,0.10644724556489271,True,False
2468,0.9020039659414659,0.8890231886169386,-0.012980777324527293,False,False
2469,0.5030612491373361,0.6068105158730159,0.10374926673567986,True,False
2470,0.47181706349206354,0.5353174603174603,0.06350039682539677,True,False
2471,0.3230340038314176,0.2573802681992337,-0.06565373563218391,False,False
2472,0.6081363948675881,0.612156658897077,0.0040202640294889624,True,False
2473,0.8536765873015872,0.8200000000000001,-0.03367658730158718,False,False
2474,0.8686904761904762,0.8604497354497355,-0.00824074074074077,False,False
2475,0.6857986266606956,0.7646406926406926,0.07884206597999699,True,False
2476,0.6537411315536317,0.8240554899645809,0.17031435841094922,True,False
2477,0.8495455747955748,0.8741424470591137,0.024596872263538905,True,False
2478,0.5182403265359742,0.566240819412778,0.04800049287680386,True,False
2479,0.8357649928774928,0.7506944444444443,-0.08507054843304851,False,False
2480,0.6467632275132276,0.5234920634920635,-0.12327116402116411,False,False
2481,0.6881508112399973,0.6313818330330755,-0.05676897820692184,False,False
2482,0.41794224664224666,0.5876068376068376,0.16966459096459097,True,False
2483,0.7264503968253968,0.84328231292517,0.11683191609977317,True,False
2484,0.4922283278079004,0.5184058833176166,0.026177555509716233,True,False
2485,0.5547911005332162,0.5670581215291068,0.01226702099589061,True,False
2486,0.7417037232742558,0.7733266036784328,0.031622880404176934,True,False
2487,0.7406232895457033,0.7956349206349206,0.05501163108921725,True,False
2488,0.8204479166666667,0.984375,0.16392708333333328,True,False
2489,0.43634833161491343,0.4372918403004108,0.0009435086854973629,True,False
2490,0.541625816993464,0.5833333333333334,0.041707516339869355,True,False
2491,0.6033375745024452,0.7952978287144954,0.1919602542120502,True,False
2492,0.5817662423736152,0.6793361177163993,0.09756987534278416,True,False
2493,0.4970394146573263,0.44597708721396884,-0.05106232744335748,False,False
2494,0.3288653812974465,0.5777173913043478,0.24885201000690133,True,False
2495,0.3981403296085459,0.3836601307189543,-0.014480198889591622,False,False
2496,0.2991197727235516,0.30372078586884094,0.004601013145289323,True,False
2497,0.7900070744823651,0.8650050826649663,0.07499800818260127,True,False
2498,0.4513408549911068,0.05604395604395605,-0.39529689894715075,False,False
2499,0.4805484234234234,0.5317889317889318,0.05124050836550842,True,False
2500,0.6204883459520538,0.6683874655597776,0.04789911960772375,True,False
2501,0.6454349370124394,0.5201073831292048,-0.12532755388323458,False,False
2502,0.5062604166666667,0.5285714285714286,0.022311011904761924,True,False
2503,0.39732457058810583,0.4284017854228512,0.031077214834745348,True,False
2504,0.5087995049980759,0.5307135429714792,0.0219140379734033,True,False
2505,0.831288888888889,0.799074074074074,-0.03221481481481492,False,False
2506,0.5328741214402489,0.5577271703799128,0.02485304893966389,True,False
2507,0.6656713481284914,0.7631104547535232,0.09743910662503186,True,False
2508,0.4873494629173509,0.5180068076081007,0.03065734469074982,True,False
2509,0.46381407563025207,0.4518627450980392,-0.011951330532212867,False,False
2510,0.8209095276999689,0.8114756944444445,-0.009433833255524493,False,False
2511,0.8461539855072463,0.8589371980676328,0.012783212560386503,True,False
2512,0.46703472222222225,0.6617063492063492,0.19467162698412693,True,False
2513,0.7918909674981103,0.8118150037792895,0.019924036281179225,True,False
2514,0.7007539682539682,0.9785714285714286,0.27781746031746046,True,False
2515,0.8183996732026144,0.8650653594771243,0.04666568627450984,True,False
2516,0.6900021786492374,0.7324074074074074,0.04240522875816999,True,False
2517,0.31716273731714906,0.284796918767507,-0.032365818549642045,False,False
2518,0.6340700527542633,0.6744216796848376,0.04035162693057426,True,False
2519,0.8050551720551721,0.8686267436267435,0.06357157157157145,True,False
2520,0.7631154970760234,0.854775828460039,0.09166033138401553,True,False
2521,0.743458509513742,0.7957251082251082,0.052266598711366186,True,False
2522,0.5975468940053967,0.7033472126089012,0.10580031860350447,True,False
2523,0.6964569095033738,0.7282445287681,0.031787619264726175,True,False
2524,0.7194472222222222,0.5555555555555555,-0.16389166666666677,False,False
2525,0.48168555091791376,0.4819245082402977,0.00023895732238393697,True,False
2526,0.7653409283625412,0.6123003341895531,-0.1530405941729881,False,False
2527,0.6008974358974359,0.6483974358974359,0.04749999999999999,True,False
2528,0.3215472178151158,0.22734623721465824,-0.09420098060045756,False,False
2529,0.6183554995578215,0.6282141041168119,0.009858604558990347,True,False
2530,0.5519593253968254,0.548611111111111,-0.0033482142857143016,False,False
2531,0.5298504273504273,0.6527065527065526,0.12285612535612533,True,False
2532,0.6927708333333333,0.7625,0.06972916666666662,True,False
2533,0.7271625734598302,0.6687598200480807,-0.0584027534117495,False,False
2534,0.4900670163170163,0.47173659673659674,-0.018330419580419588,False,False
2535,0.6295740408240408,0.7557057460903616,0.12613170526632078,True,False
2537,0.4193476940621953,0.5011763404980981,0.08182864643590282,True,False
2538,0.441760101010101,0.5117424242424242,0.06998232323232323,True,False
2539,0.8827780934343434,0.7973484848484849,-0.08542960858585857,False,False
2540,0.7718902184386406,0.7816872031699006,0.009796984731260006,True,False
2541,0.49071297465740266,0.48535261687496517,-0.005360357782437486,False,False
2542,0.7188277777777777,0.708994708994709,-0.009833068783068777,False,False
2543,1.0,1.0,0.0,False,True
2544,0.673293226538971,0.6574235380900665,-0.015869688448904462,False,False
2545,0.8080683982683982,0.858251344614981,0.050182946346582824,True,False
2546,0.5120784351916428,0.5280246483076672,0.0159462131160244,True,False
2547,0.7820918004470636,0.7738514434497814,-0.008240356997282205,False,False
2548,0.6617864923747276,0.6388480392156863,-0.022938453159041305,False,False
2549,0.40189285714285716,0.2728395061728395,-0.1290533509700177,False,False
2550,0.5864002417335751,0.7997974247974248,0.2133971830638497,True,False
2551,0.4728058148565114,0.4481783285704854,-0.024627486286026012,False,False
2552,0.6452140526291342,0.6785702341137123,0.033356181484578085,True,False
2553,0.7977973970473972,0.8711538461538462,0.073356449106449,True,False
2554,0.6227242063492063,0.7414965986394558,0.1187723922902495,True,False
2555,0.5741504933444589,0.6177248787479518,0.0435743854034929,True,False
2556,0.48400328900328904,0.4147770219198791,-0.06922626708340995,False,False
2557,0.46490960451977403,0.5330439814814815,0.06813437696170743,True,False
2558,0.6450855341640278,0.6798059056793176,0.03472037151528984,True,False
2559,0.7271390377422773,0.7664102596060689,0.03927122186379162,True,False
2560,0.5709583333333333,0.7895833333333333,0.21862499999999996,True,False
2561,0.5899078970562313,0.5506040068063185,-0.039303890249912765,False,False
2562,0.670991486101045,0.8270317930000283,0.1560403068989833,True,False
2563,0.28385416666666663,0.40922619047619047,0.12537202380952384,True,False
2564,0.6698497549019607,0.6885541125541127,0.01870435765215195,True,False
2565,0.6694517498987329,0.6721650464487017,0.002713296549968769,True,False
2566,0.4397027531912193,0.47729968119600213,0.037596928004782815,True,False
2567,0.5529722119852983,0.45682157691024966,-0.09615063507504867,False,False
2568,0.5113810541310542,0.5792073667073667,0.06782631257631255,True,False
2569,0.4498328823953824,0.3678977272727273,-0.08193515512265509,False,False
2570,0.5296930555555556,0.6034722222222222,0.07377916666666662,True,False
2571,0.8039045314253648,0.6531818181818181,-0.1507227132435467,False,False
2572,0.8704204918634885,0.8193665741016642,-0.05105391776182422,False,False
2573,0.6771289021164022,0.7574845679012345,0.08035566578483233,True,False
2574,0.9091250562303194,0.8731178908810487,-0.03600716534927062,False,False
2575,0.6104300203557633,0.6586200552954046,0.048190034939641246,True,False
2576,0.5724838054611152,0.4878720081222453,-0.08461179733886992,False,False
2577,0.4491164049899608,0.462995337995338,0.013878933005377181,True,False
2578,0.7963214285714285,0.9255952380952381,0.12927380952380962,True,False
2579,0.7769520502645503,0.7808531746031746,0.003901124338624329,True,False
2580,0.6057778082755781,0.5784179774367108,-0.027359830838867394,False,False
2581,0.7237940386240947,0.7304715318592597,0.006677493235164977,True,False
2582,0.7135511743158802,0.7514544279250162,0.037903253609135934,True,False
2583,0.8402487692872294,0.8057369537328278,-0.034511815554401526,False,False
2584,0.5660432692307693,0.6153846153846154,0.04934134615384611,True,False
2585,0.67960524788111,0.737269388749652,0.05766414086854199,True,False
2586,0.6973316157526683,0.7051435406698564,0.007811924917188073,True,False
2587,0.7131828703703704,0.561111111111111,-0.15207175925925942,False,False
2588,0.6134375,0.7078373015873015,0.09439980158730155,True,False
2589,0.5714586429903851,0.6334737285012545,0.06201508551086943,True,False
2590,0.45609477580645147,0.49080754013101685,0.03471276432456538,True,False
2591,0.7312749669312169,0.7988492063492064,0.06757423941798957,True,False
2592,0.579118119517302,0.6191859469509972,0.04006782743369519,True,False
2593,0.9159431398554116,0.949524350952681,0.0335812110972693,True,False
2594,0.428260978941126,0.5735378577106518,0.14527687876952577,True,False
2595,0.4343743802011065,0.5361046263685185,0.101730246167412,True,False
2596,0.5939712842712843,0.6575009018759019,0.06352961760461762,True,False
2597,0.8121378205128206,0.8023504273504273,-0.009787393162393299,False,False
2598,0.5426587301587301,0.8171296296296297,0.27447089947089953,True,False
2599,0.7094058947149914,0.6348571835178377,-0.07454871119715367,False,False
2600,0.4087986111111111,0.4283068783068783,0.019508267195767204,True,False
2601,0.5413443179204048,0.7542270531400965,0.2128827352196917,True,False
2602,0.39353830227743275,0.5119047619047619,0.11836645962732911,True,False
2603,0.6916514161220043,0.5768518518518518,-0.11479956427015248,False,False
2604,0.7291424162257496,0.7979563492063492,0.06881393298059957,True,False
2605,0.7615892900065313,0.8387677620702312,0.07717847206369988,True,False
2606,0.8972132352941177,0.9116115196078431,0.014398284313725473,True,False
2607,0.7734477092352092,0.7810914702581369,0.007643761022927631,True,False
2608,0.6540966594693988,0.6666946800777169,0.012598020608318161,True,False
2609,0.793496066354618,0.8653419896971435,0.07184592334252549,True,False
2610,0.3878207671957672,0.43540564373897706,0.047584876543209864,True,False
2611,0.586407368050948,0.5459392721312631,-0.04046809591968481,False,False
2612,0.3404117859264918,0.22474747474747472,-0.11566431117901707,False,False
2613,0.9025294117647058,0.9333333333333333,0.030803921568627546,True,False
2614,0.80525,0.888888888888889,0.08363888888888893,True,False
2615,0.45382307847381376,0.5523034971564383,0.09848041868262458,True,False
2616,0.5737792792792793,0.6022647647647648,0.028485485485485462,True,False
2617,0.4946757972419737,0.4935154714566479,-0.0011603257853257665,False,False
2618,0.5676731481481482,0.42916666666666664,-0.13850648148148154,False,False
2619,0.8123037853552559,0.7741868899376639,-0.038116895417592,False,False
2620,0.4498790073978538,0.41694395271294216,-0.03293505468491165,False,False
2621,0.27661931427321707,0.286210740253166,0.009591425979948942,True,False
2622,0.7246831896551724,0.6989224137931035,-0.02576077586206893,False,False
2623,0.6490292227662178,0.7542807782537739,0.10525155548755616,True,False
2624,0.8287507701124155,0.8724550360153763,0.04370426590296084,True,False
2625,0.4236274413923675,0.434474606374808,0.010847164982440483,True,False
2626,0.6948774509803921,0.890625,0.1957475490196079,True,False
2627,0.42950188316221094,0.458339141414188,0.028837258251977083,True,False
2628,0.47476498245309523,0.5119239409548609,0.037158958501765704,True,False
2629,0.7489600550680349,0.7552019297224473,0.006241874654412394,True,False
2630,0.5616902454780361,0.5540651531930602,-0.007625092284975987,False,False
2631,0.8612184680990651,0.8937141216991963,0.03249565360013118,True,False
2632,0.5008037037037036,0.39186342592592593,-0.1089402777777777,False,False
2633,0.6611105637657362,0.7493158182813355,0.08820525451559935,True,False
2634,0.8176137319344648,0.7918365615805412,-0.025777170353923684,False,False
2635,0.41303303257026663,0.5236161986161987,0.11058316604593205,True,False
2636,0.7661138888888889,0.9319444444444445,0.1658305555555556,True,False
2637,0.5147819541569542,0.4858891108891109,-0.02889284326784325,False,False
2638,0.3924340851362585,0.3502652458673635,-0.042168839268894975,False,False
2639,0.7089807692307692,0.6927350427350427,-0.01624572649572653,False,False
2640,0.735279761904762,0.7767857142857143,0.04150595238095234,True,False
2641,0.819231094228561,0.7880648724736283,-0.031166221754932666,False,False
2642,0.771491344605475,0.8548999309868874,0.08340858638141246,True,False
2643,0.4171567752573304,0.4475068639782183,0.030350088720887902,True,False
2644,0.7750049603174602,0.8297619047619047,0.054756944444444455,True,False
2645,0.5272783988785895,0.5538365833981592,0.026558184519569705,True,False
2646,0.6811458333333333,0.75,0.06885416666666666,True,False
2647,0.850140350877193,0.9203797846889952,0.0702394338118022,True,False
2648,0.6768219366203112,0.6758344357633251,-0.0009875008569860677,False,False
2649,0.3491933985132515,0.34826508201121203,-0.0009283165020394502,False,False
2650,0.6188119658119658,0.6591575091575093,0.04034554334554341,True,False
2651,0.44951393620763425,0.5279628143392188,0.07844887813158452,True,False
2652,0.6635441468253969,0.6764455782312925,0.012901431405895614,True,False
2653,0.63746700310559,0.649133022774327,0.011666019668737038,True,False
2654,0.7430457702020202,0.6861093073593074,-0.05693646284271281,False,False
2655,0.4074754724353509,0.4188948767912962,0.011419404355945295,True,False
2656,0.7913902099362626,0.7945256629559698,0.0031354530197071906,True,False
2657,0.7749019607843137,0.9583333333333333,0.18343137254901953,True,False
2658,0.6577698412698412,0.5452380952380953,-0.11253174603174587,False,False
2659,0.6757453072573005,0.7877313159306275,0.11198600867332698,True,False
2660,0.6399219219219219,0.7222222222222221,0.08230030030030022,True,False
2661,0.6889301587301587,0.7179166666666666,0.02898650793650792,True,False
2662,0.591767766955267,0.6312736742424242,0.039505907287157194,True,False
2663,0.667089912238376,0.5416872269348806,-0.1254026853034954,False,False
2664,0.5504079646286965,0.5743451689387896,0.023937204310093163,True,False
2665,0.5609972583002049,0.5597106858700617,-0.0012865724301431847,False,False
2666,0.5926950396825397,0.5541113945578232,-0.03858364512471646,False,False
2667,0.5156819444444445,0.5144675925925926,-0.0012143518518519247,False,False
2668,0.5901945576193836,0.6118793609060572,0.02168480328667366,True,False
2669,0.6286803542211914,0.6893348737825481,0.0606545195613567,True,False
2670,0.41053900526975196,0.4555268145140328,0.04498780924428086,True,False
2671,0.46337962962962964,0.5,0.03662037037037036,True,False
2672,0.523852934662237,0.5678439153439153,0.04399098068167828,True,False
2673,0.8222743055555556,0.375,-0.4472743055555556,False,False
2674,0.8312263439428853,0.7585806719735291,-0.07264567196935623,False,False
2675,0.5130625469301939,0.5645912910618793,0.0515287441316854,True,False
2676,0.8419893003288271,0.7773568017919865,-0.06463249853684061,False,False
2677,0.472177536231884,0.5342391304347827,0.06206159420289864,True,False
2678,0.5432566346696781,0.44999999999999996,-0.09325663466967815,False,False
2679,0.7135760870820786,0.735323990250253,0.02174790316817432,True,False
2680,0.4366741585287427,0.4541437698820971,0.017469611353354397,True,False
2681,0.7438759060429825,0.7461253969722119,0.0022494909292294363,True,False
2682,0.4217989295574266,0.4893921619055884,0.06759323234816178,True,False
2683,0.8855038643558869,0.8782917591901771,-0.007212105165709803,False,False
2684,0.5480893718756242,0.5783770031622009,0.030287631286576633,True,False
2685,0.5164255986242101,0.508672487590022,-0.007753111034188076,False,False
2686,0.2747125,0.3416666666666666,0.06695416666666659,True,False
2687,0.4831954966329966,0.7515151515151516,0.268319654882155,True,False
2688,0.5632781325603906,0.542030817073262,-0.02124731548712866,False,False
2689,0.9063898358585858,0.9156862745098039,0.009296438651218097,True,False
2690,0.9814351851851852,0.9907407407407408,0.009305555555555567,True,False
2691,0.882849464863316,0.9121426789572925,0.02929321409397656,True,False
2692,0.6465594486380701,0.5965039862098687,-0.05005546242820147,False,False
2693,0.6476481481481481,0.6989734299516909,0.05132528180354279,True,False
2694,0.9198590985038354,0.8598605098605099,-0.05999858864332552,False,False
2695,0.6659479561358593,0.5097930922124471,-0.15615486392341227,False,False
2696,0.41559523809523813,0.6262987012987014,0.21070346320346323,True,False
2697,0.851834175084175,0.859517396184063,0.007683221099887949,True,False
2698,0.7797841346153846,0.754277095453566,-0.025507039161818623,False,False
2699,0.8503634975249202,0.8387553758877289,-0.011608121637191382,False,False
2700,0.48117180048688163,0.47329547096058405,-0.007876329526297576,False,False
2701,0.45736143014152586,0.38927940884165235,-0.06808202129987351,False,False
2702,0.42427207977207976,0.75,0.32572792022792024,True,False
2703,0.5104714231354642,0.5801046176046176,0.06963319446915339,True,False
2704,0.9255808440018967,0.896021021021021,-0.029559822980875672,False,False
2705,0.7346722689075631,0.7219187675070028,-0.012753501400560308,False,False
2706,0.7922688492063492,0.7672619047619048,-0.0250069444444444,False,False
2707,0.5114444444444445,0.7345959595959597,0.2231515151515152,True,False
2708,0.4027183908045977,0.44166666666666665,0.03894827586206895,True,False
2709,0.28901785714285716,0.10714285714285714,-0.181875,False,False
2710,0.46546031746031746,0.5178571428571428,0.05239682539682533,True,False
2711,0.21622863247863247,0.1532451923076923,-0.06298344017094018,False,False
2712,0.6875144133854144,0.82147799311112,0.1339635797257056,True,False
2713,0.09845833333333333,0.14047619047619048,0.04201785714285715,True,False
2714,0.5757833333333333,0.49583333333333335,-0.07994999999999997,False,False
2715,0.573055358337192,0.6289441135305797,0.05588875519338765,True,False
2716,0.6630889819245083,0.6362390350877193,-0.026849946836788985,False,False
2717,0.6227152777777778,0.6259259259259259,0.0032106481481480875,True,False
2718,0.7215615063717935,0.7903944893678143,0.06883298299602081,True,False
2719,0.8225294364278359,0.8689975569942845,0.046468120566448556,True,False
2720,0.36398115079365084,0.7708333333333334,0.4068521825396825,True,False
2721,0.7752952279202279,0.8323717948717948,0.05707656695156693,True,False
2722,0.5478280423280423,0.6986507936507936,0.15082275132275136,True,False
2723,0.49855238852036116,0.5321682098765432,0.033615821356182074,True,False
2724,0.7388095530871189,0.6914940389856776,-0.0473155141014413,False,False
2725,0.756618080993081,0.6628205128205128,-0.09379756817256824,False,False
2726,0.9320306597095822,0.9535202122854561,0.021489552575873927,True,False
2727,0.40791014090702604,0.4043875886755144,-0.0035225522315116553,False,False
2728,0.5306286790832471,0.5829373355689146,0.052308656485667515,True,False
2729,0.7677777777777777,0.9852777777777778,0.21750000000000014,True,False
2730,0.7122830663959696,0.805237657541085,0.0929545911451154,True,False
2731,0.8745009269634795,0.8565796641630959,-0.01792126280038353,False,False
2732,0.7911814814814815,0.8918981481481482,0.10071666666666668,True,False
2733,0.9476026382599214,0.964500474230306,0.016897835970384634,True,False
2734,0.6441687704453366,0.7106610607205845,0.06649229027524794,True,False
2735,0.5461827485380116,0.5166666666666667,-0.029516081871344912,False,False
2736,0.5151592592592593,0.5958184523809524,0.08065919312169312,True,False
2737,0.46739074106324124,0.5387125557956678,0.07132181473242655,True,False
2738,0.8304708333333334,0.9138194444444444,0.08334861111111103,True,False
2739,0.29802531746031746,0.34920634920634913,0.05118103174603167,True,False
2740,0.7032020850694356,0.6731316795142469,-0.030070405555188695,False,False
2741,0.7705907888407889,0.7254288920955587,-0.04516189674523019,False,False
2742,0.46767434894552834,0.4069767441860465,-0.06069760475948183,False,False
2743,0.6545009424548899,0.6442996698259856,-0.010201272628904245,False,False
2744,0.1925147005772006,0.2786596119929453,0.08614491141574471,True,False
2745,0.7283121527930919,0.7606862485303393,0.032374095737247366,True,False
2746,0.7772393162393162,0.8198005698005698,0.04256125356125362,True,False
2747,0.9316378079207027,0.9471143446413653,0.015476536720662626,True,False
2748,0.534937107863566,0.3941861241602763,-0.14075098370328964,False,False
2749,0.7203992788400683,0.7461056721056721,0.025706393265603866,True,False
2750,0.8479109584040048,0.8528647330897039,0.0049537746856991305,True,False
2751,0.4582286290174748,0.47400825646021044,0.015779627442735644,True,False
2752,0.4829527459662085,0.5091922628003741,0.026239516834165588,True,False
2753,0.7242280100282908,0.7688296451905323,0.04460163516224147,True,False
2754,0.697708048193991,0.7030117916888708,0.005303743494879831,True,False
2755,0.8926124338624339,0.8452380952380952,-0.04737433862433871,False,False
2756,0.7916571926112573,0.8078795991451064,0.0162224065338491,True,False
2757,0.7501189164890537,0.7914480195352213,0.04132910304616755,True,False
2758,0.7546014492753623,0.7787037037037037,0.024102254428341352,True,False
2759,0.6462458333333333,0.662962962962963,0.01671712962962968,True,False
2760,0.7286689988861041,0.7281264890621616,-0.0005425098239425497,False,False
2761,0.661595911608851,0.7306448665304494,0.06904895492159835,True,False
2762,0.8114746363394372,0.8083573605395237,-0.0031172757999134992,False,False
2763,0.43823214285714285,0.047619047619047616,-0.39061309523809523,False,False
2764,0.8591927162288073,0.8777074766413423,0.01851476041253497,True,False
2765,0.6195611518111518,0.6740005172296839,0.054439365418532115,True,False
2766,0.7942575337661545,0.8129778653651333,0.01872033159897879,True,False
2767,0.4644437830687831,0.5472222222222223,0.08277843915343919,True,False
2768,0.7449054783950618,0.7755519943019943,0.03064651590693246,True,False
2769,0.7239264874305202,0.7237131223520675,-0.0002133650784527097,False,False
2770,0.8446663741663741,0.7653030303030303,-0.07936334386334387,False,False
2771,0.343638288363212,0.2944161172418381,-0.04922217112137389,False,False
2772,0.5977599348392496,0.5537686028893982,-0.04399133194985139,False,False
2773,0.7313725979305248,0.8312102734663711,0.09983767553584633,True,False
2774,0.7339778934157485,0.7324849311653494,-0.001492962250399077,False,False
2775,0.8094613526570049,0.8174074074074074,0.007946054750402443,True,False
2776,0.6574440017577698,0.7223786531015098,0.06493465134373999,True,False
2777,0.5176642492196525,0.5561901043540751,0.03852585513442264,True,False
2778,0.8887377088072003,0.8733148015669203,-0.015422907240279948,False,False
2779,0.7250896234112179,0.7652695086131619,0.04017988520194404,True,False
2780,0.6626114766081871,0.6652046783625731,0.002593201754386043,True,False
2781,0.8913668123845604,0.9043226782338456,0.012955865849285209,True,False
2782,0.520174494949495,0.5462121212121213,0.02603762626262629,True,False
2783,0.6089324285021105,0.672928195329016,0.06399576682690555,True,False
2784,0.7006411266973767,0.7157556870919427,0.015114560394566046,True,False
2785,0.2444542080844137,0.28541633098667196,0.04096212290225826,True,False
2786,0.7235954651112182,0.7581266856323532,0.034531220521135,True,False
2787,0.7076171996576409,0.7316745890275302,0.024057389369889326,True,False
2788,0.9316942680776015,0.9357019400352733,0.004007671957671821,True,False
2789,0.6799509277631783,0.687136415713261,0.00718548795008267,True,False
2790,0.8254271308389906,0.8000737607856455,-0.025353370053345037,False,False
2791,0.8999620927318296,0.944501879699248,0.04453978696741845,True,False
2792,0.3031725521874328,0.30797923826440643,0.004806686076973654,True,False
2793,0.7933331352201691,0.7872548714464136,-0.006078263773755532,False,False
2794,0.7171926872410743,0.7056139142688682,-0.011578772972206108,False,False
2795,0.5537580916943999,0.6493197007670692,0.0955616090726693,True,False
2796,0.1987468363106908,0.23466780174438162,0.03592096543369083,True,False
2797,0.4259169676642587,0.2463235294117647,-0.179593438252494,False,False
2798,0.8167477361516657,0.7998387641769994,-0.016908971974666342,False,False
2799,0.823861111111111,0.9111111111111112,0.08725000000000016,True,False
2800,0.47037998684322213,0.6023705349908558,0.13199054814763367,True,False
2801,0.33802932779002204,0.3564845292955892,0.018455201505567176,True,False
2802,0.5345401510141093,0.474258401920439,-0.060281749093670345,False,False
2803,0.6683049919823176,0.6887501054387947,0.020445113456477038,True,False
2804,0.7758150705121881,0.7911572331397442,0.015342162627556055,True,False
2805,0.6941028184778184,0.7862715987715988,0.0921687802937804,True,False
2806,0.42745469160469163,0.5654131054131054,0.13795841380841378,True,False
2807,0.5392799108125454,0.5504780146420739,0.01119810382952846,True,False
2808,0.8842743067122599,0.8949214942491198,0.010647187536859892,True,False
2809,0.930940829620204,0.9238570790635094,-0.007083750556694524,False,False
2810,0.5359771541964041,0.5598244438684274,0.02384728967202332,True,False
2811,0.5519888965201465,0.522944647944648,-0.029044248575498477,False,False
2812,0.6613408615807996,0.6648945894147132,0.0035537278339136114,True,False
2813,0.423,0.0,-0.423,False,False
2814,0.7389265160317011,0.7634170625351921,0.02449054650349103,True,False
2815,0.5652056559997737,0.4981844589687727,-0.06702119703100096,False,False
2816,0.7927827964519141,0.7424019607843138,-0.05038083566760032,False,False
2817,0.8758980042288865,0.8979678188913484,0.02206981466246183,True,False
2818,0.6268874877024748,0.5939381385504621,-0.03294934915201275,False,False
2819,0.6269270833333332,0.5,-0.12692708333333325,False,False
2820,0.2831782608588458,0.29870318428294346,0.01552492342409767,True,False
2821,0.6348148148148148,0.7803030303030303,0.14548821548821544,True,False
2822,0.46783368102796674,0.4257891156462585,-0.042044565381708254,False,False
2823,0.3282575667773036,0.40460526315789475,0.07634769638059113,True,False
2824,0.7094881999596474,0.7566958559731652,0.04720765601351784,True,False
2825,0.6436684442349765,0.7161648011273587,0.07249635689238221,True,False
2826,0.5738896025472112,0.5806875217823771,0.006797919235165928,True,False
2827,0.3509789377289377,0.47301587301587295,0.12203693528693527,True,False
2828,0.7257439613526571,0.7149646627303632,-0.010779298622293876,False,False
2829,0.29775694444444445,0.4861111111111111,0.18835416666666666,True,False
2830,0.5007948138319656,0.4993616854636591,-0.0014331283683064466,False,False
2831,0.9056626984126984,0.9121527777777778,0.006490079365079393,True,False
2832,0.6829764550264551,0.7624969474969475,0.07952049247049242,True,False
2833,0.5575615079365079,0.5052248677248677,-0.052336640211640195,False,False
2834,0.7792156862745098,0.7125,-0.06671568627450974,False,False
2835,0.7510694444444446,0.7055555555555556,-0.045513888888888965,False,False
2837,0.47041481807822794,0.4122056653395888,-0.058209152738639136,False,False
2838,0.8254704301075269,0.8784722222222222,0.053001792114695356,True,False
2839,0.5059166666666667,0.6553571428571429,0.14944047619047618,True,False
2840,0.36711506628300405,0.3508116775330303,-0.01630338874997378,False,False
2841,0.7984215941169591,0.8313095994143848,0.03288800529742564,True,False
2842,0.5956929739657991,0.6901143790849673,0.09442140511916819,True,False
2843,0.4592130893300248,0.5384615384615384,0.07924844913151363,True,False
2844,0.5173206078832975,0.5407775756746008,0.02345696779130335,True,False
2845,0.8091343614965366,0.8257254646044464,0.016591103107909788,True,False
2846,0.5598262085137086,0.7311616161616161,0.17133540764790756,True,False
2847,0.3052188091280917,0.3433222649222383,0.03810345579414659,True,False
2848,0.5456030707166822,0.5831548209352468,0.037551750218564606,True,False
2849,0.9661940206503313,0.9745499251480528,0.0083559044977215,True,False
2851,0.550837912087912,0.573056573056573,0.022218660968660986,True,False
2852,0.9497627086078172,0.8813314302444737,-0.0684312783633435,False,False
2853,0.5639551615247038,0.6574107142857143,0.09345555276101047,True,False
2854,0.49219960283805336,0.5258381288880011,0.033638526049947715,True,False
2855,0.20176984469074985,0.30147843977419575,0.0997085950834459,True,False
2856,0.5447546457607433,0.6718576590527809,0.12710301329203766,True,False
2857,0.32563759495609373,0.37891188521158836,0.05327429025549463,True,False
2858,0.6933477206487614,0.7458155846164896,0.05246786396772818,True,False
2859,0.8591759002343076,0.8617322924977119,0.002556392263404317,True,False
2860,0.7377749560094758,0.7440799676744242,0.006305011664948346,True,False
2861,0.5058743386243386,0.4541446208112874,-0.05172971781305119,False,False
2862,0.7452753987842223,0.7657904126102656,0.02051501382604326,True,False
2863,0.527187551203277,0.5725111818921117,0.045323630688834715,True,False
2864,0.4580174509320851,0.48734567901234566,0.029328228080260532,True,False
2865,0.5815497434769695,0.5606937911625411,-0.020855952314428383,False,False
2866,0.4655873850721035,0.5288457978373482,0.06325841276524469,True,False
2867,0.7282413419913419,1.0,0.27175865800865806,True,False
2868,0.6275869323003893,0.636320408480086,0.008733476179696664,True,False
2869,0.6631837606837607,0.6184807256235827,-0.04470303506017803,False,False
2870,0.2928849524658348,0.3334106559290383,0.0405257034632035,True,False
2871,0.5181742424242424,0.525,0.006825757575757652,True,False
2872,0.6680695998024104,0.7119166248054282,0.04384702500301774,True,False
2873,0.5297488319252432,0.7614761904761904,0.23172735855094717,True,False
2874,0.6595009739159892,0.6796487924438068,0.020147818527817662,True,False
2875,0.8394312169312169,0.8795351473922902,0.0401039304610733,True,False
2876,0.7957680712071155,0.6911986503158863,-0.10456942089122911,False,False
2877,0.670888024013024,0.7386675824175823,0.0677795584045583,True,False
2878,0.6161615451558897,0.6245073702170246,0.008345825061134904,True,False
2879,0.6712777777777778,0.6749999999999999,0.0037222222222221824,True,False
2880,0.5665562270797405,0.5715540448774351,0.0049978177976945926,True,False
2881,0.7296890154129285,0.769889770723104,0.04020075531017553,True,False
2882,0.41181059350702204,0.4079700854700855,-0.0038405080369365296,False,False
2883,0.3939728505296036,0.34581432081432084,-0.04815852971528278,False,False
2884,0.8101736111111112,1.0,0.1898263888888888,True,False
2885,0.8095166881354703,0.8079344350547958,-0.0015822530806745005,False,False
2886,0.7495247751981196,0.7477109463596235,-0.0018138288384960122,False,False
2887,0.5100400916455406,0.562245080703295,0.05220498905775439,True,False
2888,0.6219446137307282,0.6584061205267527,0.036461506796024556,True,False
2889,0.767038721899016,0.7490139912802728,-0.018024730618743212,False,False
2890,0.583733449521596,0.6340962272998344,0.05036277777823839,True,False
2891,0.4502827812284334,0.3659995399125833,-0.08428324131585008,False,False
2892,0.6194268670792809,0.6758744894951791,0.05644762241589829,True,False
2893,0.6094769841269841,0.556795634920635,-0.05268134920634915,False,False
2894,0.6232505679830241,0.7309752003465454,0.10772463236352126,True,False
2895,0.6708842365702006,0.6829625340892792,0.012078297519078629,True,False
2896,0.6224351202656909,0.6983959205663991,0.07596080030070818,True,False
2897,0.5440659203684971,0.6116135621639991,0.06754764179550199,True,False
2898,0.7268273685127133,0.7268842268842269,5.685837151359063e-05,True,False
2899,0.7521984473535293,0.8078434218126513,0.05564497445912209,True,False
2900,0.6368633025159397,0.6870713436133871,0.050208041097447365,True,False
2901,0.9244115411648928,0.9261565161340107,0.0017449749691179628,True,False
2902,0.6589791666666666,0.6944444444444444,0.03546527777777786,True,False
2903,0.8138777670658418,0.8059848097679537,-0.007892957297888081,False,False
2904,0.6228445083014048,0.7109621115368241,0.08811760323541928,True,False
2905,0.68613943001443,0.7925922281982888,0.10645279818385878,True,False
2906,0.4142219967532468,0.49583416400850616,0.08161216725525938,True,False
2907,0.3836383162706681,0.42020691612560895,0.036568599854940875,True,False
2908,0.5669110576923077,0.5961538461538461,0.029242788461538494,True,False
2909,0.6389516266137515,0.7065873597985862,0.06763573318483473,True,False
2910,0.7221791826773172,0.7676207930216369,0.045441610344319705,True,False
2911,0.6359174603174603,0.7406372549019608,0.10471979458450043,True,False
2912,0.294989880952381,0.3020833333333333,0.007093452380952325,True,False
2913,0.7867751029319366,0.7917555472520018,0.004980444320065169,True,False
2914,0.8672841478696742,0.8434106098579782,-0.023873538011696005,False,False
2915,0.7091401515151516,0.706611570247934,-0.0025285812672176666,False,False
2916,0.5799103916954189,0.5460173551326002,-0.033893036562818724,False,False
2917,0.3988227124183006,0.4670968387354942,0.0682741263171936,True,False
2918,0.6966739898331896,0.7003469019098846,0.0036729120766949563,True,False
2919,0.6958167280872865,0.723535514307349,0.02771878622006252,True,False
2920,0.6467355019493177,0.7222222222222222,0.07548672027290448,True,False
2921,0.5714921741234273,0.5066416040100251,-0.06485057011340223,False,False
2922,1.0,1.0,0.0,False,True
2923,0.7395287698412699,0.6416790674603174,-0.09784970238095247,False,False
2924,0.5635813397129187,0.7137028176501861,0.15012147793726738,True,False
2925,0.6867430555555555,0.8125,0.12575694444444452,True,False
2926,0.5118092981676399,0.4967567420050753,-0.015052556162564568,False,False
2927,0.5220541340273483,0.6541782622139765,0.1321241281866281,True,False
2928,0.7177438281327171,0.7595621741965553,0.04181834606383816,True,False
2929,0.8133400821142784,0.7606513089957203,-0.05268877311855813,False,False
2931,0.6483635004555454,0.5859786648074633,-0.06238483564808206,False,False
2932,0.5676388888888888,0.7142255892255892,0.1465867003367004,True,False
2933,0.5667668579019647,0.5899424471856457,0.02317558928368102,True,False
2934,0.42562058729206,0.4309183519477706,0.005297764655710635,True,False
2935,0.6378064640270522,0.6545220600367659,0.01671559600971373,True,False
2936,0.701511507936508,0.6633597883597884,-0.03815171957671959,False,False
2937,0.537240620298868,0.5663898703420762,0.02914925004320823,True,False
2938,0.7549602207122443,0.7224068027003103,-0.03255341801193401,False,False
2939,0.774682416792005,0.7169974791767805,-0.05768493761522453,False,False
2940,0.563584595959596,0.5966329966329966,0.033048400673400646,True,False
2941,0.6238683732718036,0.6519777762682888,0.028109402996485233,True,False
2942,0.8818436379928315,0.9064617468851339,0.024618108892302426,True,False
2943,0.8975896632909337,0.8882455993039023,-0.009344063987031359,False,False
2944,0.8135615079365079,0.823044926303855,0.009483418367347007,True,False
2945,0.6372016835016835,0.6583824354657688,0.02118075196408531,True,False
2946,0.22976189227895513,0.2074971269582048,-0.022264765320750335,False,False
2947,0.6878084010804819,0.7252299412255204,0.03742154014503851,True,False
2948,0.6605634920634921,0.7047619047619048,0.04419841269841274,True,False
2949,0.5205847687400319,0.682114376851219,0.1615296081111871,True,False
2950,0.5720360977247769,0.5620490620490621,-0.009987035675714795,False,False
2951,0.7678841575091575,0.7958002645502645,0.02791610704110703,True,False
2952,0.6997987441464453,0.7198777506719092,0.020079006525463905,True,False
2953,0.42049633699633704,0.44165209790209786,0.021155760905760823,True,False
2954,0.6643353174603175,0.6498124890982034,-0.014522828362114049,False,False
2955,0.5303800179304572,0.5734529212569388,0.043072903326481615,True,False
2956,0.35842235797827904,0.5464442355889725,0.18802187761069344,True,False
2957,0.919723783420178,0.9182660579165955,-0.0014577255035824743,False,False
2958,0.5082943690296632,0.42708333333333326,-0.08121103569632993,False,False
2959,0.759582301359241,0.7982219169719169,0.038639615612675926,True,False
2960,0.7163888888888889,0.8247619047619048,0.10837301587301595,True,False
2961,0.7524726592851593,0.734775641025641,-0.017697018259518305,False,False
2962,0.30304295334970655,0.2785218358374851,-0.02452111751222147,False,False
2963,0.6962036144858726,0.8171861471861472,0.12098253270027459,True,False
2964,0.9267428229665071,0.9096969696969698,-0.017045853269537337,False,False
2965,0.6668944444444445,0.5333333333333333,-0.13356111111111113,False,False
2966,0.7044472015173219,0.7457985991023597,0.04135139758503781,True,False
2967,0.49111294992859855,0.49050538916574066,-0.000607560762857895,False,False
2968,0.7613476824899239,0.7592017592780604,-0.0021459232118634652,False,False
2969,0.6987274250912346,0.6508061240502043,-0.04792130104103032,False,False
2970,0.7926553030303031,0.8594187488924331,0.06676344586213001,True,False
2971,0.5280277777777778,0.7380952380952381,0.21006746031746037,True,False
2972,0.5334198116288286,0.4504538916303622,-0.08296591999846636,False,False
2973,0.4117723676427093,0.4687666370896185,0.05699426944690922,True,False
2974,0.7731286393345216,0.8188487964056145,0.04572015707109289,True,False
2975,0.9287520125223614,0.9304039952295766,0.0016519827072152271,True,False
2976,0.5148515612830881,0.5049483371437153,-0.009903224139372724,False,False
2977,0.35444444444444445,0.4375,0.08305555555555555,True,False
2978,0.601255396724639,0.6642367127530086,0.06298131602836954,True,False
2979,0.680297619047619,0.7393187830687831,0.059021164021164085,True,False
2980,0.616198225793814,0.6696174390502121,0.05341921325639809,True,False
2981,0.8560625000000001,0.9222222222222222,0.0661597222222221,True,False
2982,0.6919967320261438,0.836111111111111,0.14411437908496727,True,False
2983,0.8796019605394605,0.8661350223850224,-0.013466938154438113,False,False
2984,0.48556871345029234,0.4957017543859649,0.010133040935672577,True,False
2985,0.5504314122783328,0.5648846236992547,0.01445321142092193,True,False
2986,0.4792522687211617,0.5420642940075477,0.06281202528638602,True,False
2987,0.598094868955334,0.536495631844469,-0.06159923711086501,False,False
2988,0.4899369047619047,0.4814285714285714,-0.00850833333333334,False,False
2989,0.7617416952477337,0.7403410885885454,-0.021400606659188304,False,False
2990,0.7983636300267023,0.848126579670057,0.049762949643354704,True,False
2991,0.653234883252818,0.6430257544387978,-0.01020912881402014,False,False
2992,0.431479826546003,0.640625,0.20914517345399702,True,False
2993,0.7013876780626781,0.65752849002849,-0.04385918803418809,False,False
2994,0.4839926777780772,0.38737649919735784,-0.09661617858071936,False,False
2995,0.6919848069210007,0.758290807735105,0.06630600081410432,True,False
2996,0.4075094924756126,0.39275593152367516,-0.014753560951937417,False,False
2997,0.7742357142433802,0.777917373159936,0.003681658916555808,True,False
2998,0.7549663621262458,0.685562015503876,-0.06940434662236983,False,False
2999,0.2613449516651895,0.3415352603544069,0.0801903086892174,True,False
3000,0.5609790580142213,0.5242931377414136,-0.036685920272807704,False,False
3001,0.8163148253534334,0.7672022245094868,-0.04911260084394653,False,False
3002,0.8515244514744515,0.8622180849453578,0.010693633470906239,True,False
3003,0.7268450416003218,0.8194654479460513,0.09262040634572943,True,False
3004,0.703043526212219,0.6570777717917305,-0.04596575442048845,False,False
3005,0.7008836113310903,0.7069265641825435,0.006042952851453176,True,False
3006,0.7378610143244289,0.828395061728395,0.0905340474039662,True,False
3007,0.42951471594383894,0.4512576559243226,0.021742939980483655,True,False
3008,0.6264435225268559,0.6123019213296991,-0.014141601197156795,False,False
3009,0.6819888888888889,0.7123717948717949,0.03038290598290605,True,False
3010,0.5711235094213355,0.6031638852291026,0.032040375807767085,True,False
3011,0.9120848369826631,0.9159131735698232,0.003828336587160086,True,False
3012,0.2337029084997031,0.33424194148113007,0.10053903298142697,True,False
3013,0.5876496914195765,0.6359156598933228,0.04826596847374631,True,False
3014,0.6619029854046882,0.6954272181207166,0.033524232716028446,True,False
3015,0.4394449934123847,0.42865769496204276,-0.010787298450341931,False,False
3016,0.7487478354978354,0.7020089285714286,-0.04673890692640681,False,False
3017,0.4250647666510205,0.4320263529729758,0.006961586321955315,True,False
3018,0.7303032688536751,0.6522634797114439,-0.0780397891422312,False,False
3019,0.8077002164502164,0.7748917748917749,-0.03280844155844154,False,False
3020,0.7767392205833383,0.719912940409264,-0.05682628017407432,False,False
3021,0.43973544973544976,0.2222222222222222,-0.21751322751322755,False,False
3022,0.348169180069079,0.32988400488400493,-0.018285175185074054,False,False
3023,0.5254552370794606,0.5607794256418923,0.03532418856243169,True,False
3024,0.6018457651693466,0.6617552598685897,0.059909494699243115,True,False
3025,0.6569441551611794,0.770850848072746,0.11390669291156652,True,False
3026,0.37643538740222815,0.42209714548802946,0.04566175808580131,True,False
3027,0.7037043650793651,0.6922619047619047,-0.011442460317460323,False,False
3028,0.7195663481487975,0.7675809631401737,0.04801461499137616,True,False
3029,0.707442064183012,0.7357036484644747,0.028261584281462637,True,False
3030,0.6929444444444444,0.6625,-0.030444444444444385,False,False
3031,0.7164220417076919,0.7024959981456855,-0.01392604356200633,False,False
3032,0.8725004616829268,0.891141909282064,0.018641447599137217,True,False
3033,0.6500161777224145,0.655706260623805,0.005690082901390503,True,False
3034,0.8492676767676768,0.9761904761904763,0.1269227994227995,True,False
3035,0.6278551155969634,0.4883107243501265,-0.13954439124683687,False,False
3036,0.9102039682539683,0.9327639216843763,0.022559953430407953,True,False
3037,0.7336490261292987,0.922957154036781,0.1893081279074823,True,False
3038,0.7269890656125273,0.8224293051805307,0.0954402395680034,True,False
3039,0.8603463446275947,0.8687900641025642,0.008443719474969469,True,False
3040,0.6107064777327935,0.6406376518218624,0.029931174089068868,True,False
3041,0.545815157065157,0.584728402910221,0.03891324584506395,True,False
3042,0.7069138219698564,0.7366094223237081,0.02969560035385166,True,False
3043,0.23187535014005603,0.38823529411764707,0.15635994397759104,True,False
3044,0.7212717301052497,0.7071617627722002,-0.014109967333049478,False,False
3045,0.7839618190135004,0.8546032014765422,0.07064138246304186,True,False
3046,0.5376794117009281,0.4408482142857143,-0.09683119741521384,False,False
3047,0.7819444892691376,0.5948869825708061,-0.18705750669833154,False,False
3048,0.7598309583934584,0.7967795236313755,0.03694856523791712,True,False
3049,0.9841686507936508,0.9801587301587301,-0.004009920634920672,False,False
3050,0.5262661195014136,0.5715815049148383,0.045315385413424725,True,False
3051,0.435538836181652,0.4521835976311819,0.016644761449529866,True,False
3052,0.5704198209198209,0.6844729344729344,0.11405311355311354,True,False
3053,0.2966479648969145,0.32228185966873746,0.025633894771822985,True,False
3054,0.483963114601732,0.5332620719082917,0.04929895730655964,True,False
3055,0.6296406638974171,0.608351881659822,-0.021288782237595116,False,False
3056,0.625501303118254,0.5822562248348859,-0.0432450782833681,False,False
3057,0.5243638167388167,0.5315719509078884,0.007208134169071734,True,False
3058,0.503713618455588,0.531318191239511,0.02760457278392292,True,False
3059,0.7557638888888889,0.909375,0.15361111111111114,True,False
3060,0.5674052750410509,0.5495039682539683,-0.01790130678708257,False,False
3061,0.8404621082621082,0.9261633428300096,0.08570123456790135,True,False
3062,0.5275216503267974,0.4714358660130719,-0.05608578431372552,False,False
3063,0.5907058623565976,0.5530916684325775,-0.0376141939240201,False,False
3064,0.7277507365319866,0.7625923587729143,0.03484162224092768,True,False
3065,0.6092788271507932,0.6303151515167994,0.02103632436600622,True,False
3066,0.6795356842231842,0.6911809024309025,0.011645218207718244,True,False
3067,0.6082920027777119,0.5899418078441895,-0.018350194933522412,False,False
3068,0.49081845238095234,0.7975297619047619,0.30671130952380954,True,False
3069,0.3465082329819783,0.4112977435203529,0.06478951053837462,True,False
3070,0.7120811571940604,0.8054545454545454,0.09337338826048502,True,False
3071,0.37849404761904765,0.29642857142857143,-0.08206547619047622,False,False
3072,0.47851168768528884,0.4673519773818045,-0.011159710303484338,False,False
3073,0.8545115740740741,0.7972222222222223,-0.0572893518518518,False,False
3074,0.9043907719384555,0.9397949058165778,0.035404133878122246,True,False
3075,0.655858750084335,0.6370097415120518,-0.01884900857228322,False,False
3076,0.42068905971479503,0.6416245791245792,0.22093551940978412,True,False
3077,0.7430903845165553,0.6653844336449609,-0.07770595087159438,False,False
3078,0.6161722222222222,0.5962037037037037,-0.019968518518518552,False,False
3079,0.7238268043822711,0.7195760891093371,-0.004250715272933969,False,False
3080,0.7288867972864286,0.7251733039108466,-0.003713493375582022,False,False
3081,0.7993370160627744,0.7702566369688655,-0.029080379093908926,False,False
3082,0.5743971210389843,0.6022181564150711,0.027821035376086822,True,False
3083,0.6689869265608981,0.6382843237009903,-0.03070260285990778,False,False
3084,0.5827757915079605,0.7025395332636712,0.1197637417557107,True,False
3085,0.7866326409609706,0.8751773035598593,0.08854466259888871,True,False
3086,0.7274306346207494,0.7268356244976426,-0.0005950101231068095,False,False
3087,0.7469368374681155,0.759098096311751,0.012161258843635503,True,False
3088,0.6877862554112555,0.5800925925925925,-0.107693662818663,False,False
3089,0.8615127182539681,0.8101972101972102,-0.051315508056757886,False,False
3090,0.6290647289218718,0.7152435923864495,0.0861788634645777,True,False
3091,0.7691302910052911,0.7369708994708994,-0.032159391534391624,False,False
3092,0.6631330752580753,0.6773057498057498,0.014172674547674458,True,False
3093,0.702638718958127,0.6723327912245072,-0.030305927733619842,False,False
3094,0.6483144841269841,0.4456349206349206,-0.2026795634920635,False,False
3095,0.6376530107751489,0.5994788295108627,-0.03817418126428618,False,False
3096,0.7585623399991561,0.8611707302666912,0.1026083902675351,True,False
3097,0.5444901948051948,0.5868030958940049,0.04231290108881014,True,False
3098,0.5733263844983023,0.6717548076923077,0.09842842319400535,True,False
3099,0.5136140308149427,0.4409712496109555,-0.0726427812039872,False,False
3100,0.7659605880230881,0.7625245966155056,-0.0034359914075824394,False,False
3101,0.8620058777754879,0.8574941976535183,-0.0045116801219695635,False,False
3102,0.5450767195767195,0.7330687830687831,0.18799206349206354,True,False
3103,0.758611559139785,0.7174603174603175,-0.04115124167946749,False,False
3104,0.7336224551414768,0.825925925925926,0.09230347078444912,True,False
3105,0.6993882275132275,0.7086416997354498,0.009253472222222281,True,False
3106,0.684929040791944,0.7394670592251237,0.054538018433179625,True,False
3107,0.6372546074782917,0.5506047315257842,-0.0866498759525075,False,False
3108,0.6474494155426578,0.7209298791003045,0.0734804635576467,True,False
3109,0.43751260504201683,0.8187675070028012,0.3812549019607844,True,False
3110,0.5696452842495134,0.5686571809761493,-0.0009881032733641826,False,False
3111,0.5270439430562521,0.47405206564799096,-0.05299187740826117,False,False
3112,0.4989239892126685,0.5614445387141667,0.06252054950149816,True,False
3113,0.5103475006273919,0.5438311688311688,0.033483668203776906,True,False
3114,0.4544835076473235,0.46870782726045884,0.014224319613135361,True,False
3115,0.5401871693121693,0.5714285714285714,0.03124140211640214,True,False
3116,0.535150287892935,0.5940972222222223,0.058946934329287326,True,False
3117,0.8655413567725941,0.8303435598377282,-0.03519779693486591,False,False
3118,0.613716755794113,0.5894245739799824,-0.02429218181413062,False,False
3119,0.42992726255226255,0.6180900402391631,0.1881627776869006,True,False
3120,0.5498270855102751,0.639557210031348,0.08973012452107287,True,False
3121,0.5069587022332787,0.5253764091896366,0.018417706956357915,True,False
3122,0.3733492063492064,0.7199074074074074,0.34655820105820107,True,False
3123,0.702873114494606,0.6542962281995668,-0.0485768862950392,False,False
3124,0.5008174603174603,0.40476190476190477,-0.09605555555555556,False,False
3125,0.6442259661773221,0.6909880747116742,0.04676210853435214,True,False
3126,0.44311275534461275,0.5449263066430586,0.10181355129844588,True,False
3127,0.9144996843434343,0.908459595959596,-0.0060400883838382935,False,False
3128,0.5714345052932075,0.6163566860802118,0.04492218078700427,True,False
3129,0.48907046068262766,0.5162513314395575,0.02718087075692982,True,False
3130,0.5350407744334631,0.3901757637017071,-0.144865010731756,False,False
3131,0.4018575065134915,0.47577996715927756,0.07392246064578606,True,False
3132,0.6647261904761905,0.6730699855699855,0.008343795093795014,True,False
3133,0.41393898809523805,0.07142857142857142,-0.3425104166666666,False,False
3134,0.6444645291326282,0.7277015710227468,0.0832370418901186,True,False
3135,0.8240531498924356,0.7402462352462353,-0.08380691464620027,False,False
3136,0.7354577020202019,0.6712962962962963,-0.0641614057239056,False,False
3137,0.4077050518925519,0.35526175213675215,-0.052443299755799755,False,False
3138,0.4424221239186608,0.3830469450025314,-0.05937517891612942,False,False
3139,0.7715368168544013,0.7300713012477719,-0.04146551560662948,False,False
3140,0.7604769584025912,0.8152586773687873,0.0547817189661961,True,False
3141,0.754810515873016,0.8313822751322751,0.07657175925925919,True,False
3142,0.8140184723328201,0.8465341019688846,0.03251562963606447,True,False
3143,0.4424976416560548,0.526031745217765,0.08353410356171015,True,False
3144,0.6405092592592593,0.6554761904761904,0.014966931216931156,True,False
3145,0.6316779983247508,0.6103066867772751,-0.021371311547475735,False,False
3146,0.6004694041867955,0.7087603519668737,0.1082909477800782,True,False
3147,0.48133193195693197,0.49835446539991995,0.017022533442987986,True,False
3148,0.6569584091431918,0.6752633178875415,0.018304908744349646,True,False
3149,0.8460773809523809,0.7924603174603174,-0.05361706349206352,False,False
3150,0.6531892726758874,0.6201632695238833,-0.0330260031520041,False,False
3151,0.7201215800403008,0.7383235022854565,0.01820192224515571,True,False
3152,0.18420039682539685,0.23898809523809525,0.0547876984126984,True,False
3153,0.5144781746031746,0.6139682539682539,0.09949007936507936,True,False
3154,0.6386095693143804,0.6193306110322918,-0.019278958282088587,False,False
3155,0.8799989422224077,0.8809031144509086,0.0009041722285009213,True,False
3156,0.5809623793962029,0.5343860877684407,-0.04657629162776222,False,False
3157,0.48951589267545725,0.5816534998520293,0.09213760717657205,True,False
3158,0.7738845058891927,0.7844566569215975,0.01057215103240483,True,False
3159,0.8454384068768843,0.8479429077219077,0.002504500845023405,True,False
3160,0.645265873015873,0.8570952380952381,0.21182936507936512,True,False
3161,0.8236165223665224,0.7410550308277581,-0.08256149153876424,False,False
3162,0.34737172557646695,0.45559432585294657,0.10822260027647962,True,False
3163,0.7473593942147513,0.7321256799994724,-0.01523371421527886,False,False
3164,0.6246862373737374,0.6022727272727273,-0.022413510101010115,False,False
3165,0.6611237373737373,0.7092592592592593,0.04813552188552195,True,False
3166,0.7231940247252747,0.8439217032967032,0.12072767857142852,True,False
3167,0.7427354129469353,0.7829835718104174,0.0402481588634821,True,False
3168,0.4897664835164835,0.2767857142857143,-0.2129807692307692,False,False
3169,0.7085352957043534,0.7295252579053599,0.020989962201006573,True,False
3170,0.8452138627655869,0.7761814574314575,-0.06903240533412935,False,False
3171,0.7917784515931068,0.8483129830471784,0.05653453145407161,True,False
3172,0.5732807394156231,0.6027738208293764,0.029493081413753286,True,False
3173,0.761009102580426,0.7627886710239652,0.0017795684435392145,True,False
3174,0.634553674551613,0.6425579166435301,0.00800424209191708,True,False
3175,0.700998879707959,0.7069921524908737,0.005993272782914616,True,False
3176,0.6712291666666667,0.8333333333333334,0.16210416666666672,True,False
3177,0.8393710396404361,0.8662361345551002,0.026865094914664045,True,False
3178,0.35193941643822013,0.26329031087095606,-0.08864910556726407,False,False
3179,0.3499505411255411,0.4155844155844156,0.06563387445887453,True,False
3180,0.384991667133643,0.4925314598871533,0.10753979275351028,True,False
3181,0.7855833333333334,0.875,0.08941666666666659,True,False
3182,0.4221593524875871,0.4276004942737355,0.005441141786148351,True,False
3183,0.40019318181818186,0.3896919809127411,-0.010501200905440766,False,False
3184,0.6339606932046449,0.782529009968526,0.14856831676388116,True,False
3185,0.588958419666753,0.39896820681134404,-0.18999021285540896,False,False
3186,0.538489964298154,0.40025252525252525,-0.13823743904562874,False,False
3187,0.6353095238095238,0.6531746031746032,0.017865079365079417,True,False
3188,0.8288587962962963,0.9421296296296297,0.11327083333333332,True,False
3189,0.4107537719236376,0.4628122654034203,0.0520584934797827,True,False
3190,0.7255515873015872,0.736734693877551,0.011183106575963775,True,False
3191,0.4270610559278882,0.44421566339328067,0.01715460746539249,True,False
3192,0.8978964142196669,0.8508649608475998,-0.047031453372067156,False,False
3193,0.47249512535742794,0.5006636061071544,0.0281684807497265,True,False
3194,0.7618021384479718,0.805,0.043197861552028205,True,False
3195,0.5100604066008175,0.4814070580114563,-0.02865334858936125,False,False
3196,0.45768189765326495,0.4218084206660228,-0.03587347698724214,False,False
3197,0.5016182121971595,0.6792681277056277,0.1776499155084682,True,False
3198,0.8478108465608466,0.8201884920634921,-0.027622354497354507,False,False
3199,0.4611014535886818,0.5548754391743521,0.0937739855856703,True,False
3200,0.597364797527644,0.5751198630136986,-0.02224493451394549,False,False
3201,0.7456728566294929,0.722982545022751,-0.022690311606741842,False,False
3202,0.4360164327181494,0.4706593992480876,0.0346429665299382,True,False
3203,0.7751581104843727,0.7378767603364378,-0.03728135014793488,False,False
3204,0.8065638844586214,0.8121212121212121,0.005557327662590761,True,False
3205,0.4331341940375724,0.46275879595673597,0.02962460191916355,True,False
3206,0.6086519458147365,0.5335292850990525,-0.07512266071568396,False,False
3207,0.7532088730331471,0.7498001482725515,-0.003408724760595616,False,False
3208,0.4419300106816025,0.4295028209351326,-0.012427189746469891,False,False
3209,0.09121614611157343,0.11575023571674163,0.024534089605168202,True,False
3210,0.896002639313301,0.8650052108385441,-0.03099742847475695,False,False
3211,0.7026746724813228,0.7716948592974866,0.06902018681616384,True,False
3212,0.40730735930735934,0.551948051948052,0.14464069264069263,True,False
3213,0.5835775870493844,0.6333908572509384,0.049813270201553905,True,False
3214,0.7421461640211641,0.8125472411186697,0.07040107709750565,True,False
3215,0.49759208627629675,0.5182517983269863,0.02065971205068956,True,False
3216,0.3957872058130679,0.5732657607611537,0.17747855494808573,True,False
3217,0.671594408331432,0.694732126851816,0.023137718520383932,True,False
3218,0.47623833678398897,0.5272325741890959,0.05099423740510689,True,False
3219,0.5144654829724835,0.5824620333013566,0.06799655032887308,True,False
3220,0.6395437457279562,0.6589164673046252,0.019372721576668916,True,False
3221,0.8856828830891331,0.8565833905677656,-0.029099492521367565,False,False
3222,0.47819791666666667,0.5111111111111111,0.032913194444444405,True,False
3223,0.6826083122895623,0.6663720538720539,-0.01623625841750842,False,False
3224,0.7294687063174068,0.7347616351295464,0.005292928812139608,True,False
3225,0.6986805555555555,0.8263888888888888,0.1277083333333333,True,False
3226,0.8581272747048609,0.7677674319128592,-0.09035984279200171,False,False
3227,0.6238454407286949,0.6714691741155393,0.04762373338684445,True,False
3228,0.717197256176928,0.7268546768546769,0.009657420677748885,True,False
3229,0.5604018649362853,0.6361340583562806,0.07573219341999526,True,False
3230,0.6523568099157493,0.7547601197750633,0.102403309859314,True,False
3231,0.7883713723008622,0.8438683868545901,0.05549701455372791,True,False
3232,0.46150262074526777,0.262987012987013,-0.19851560775825478,False,False
3233,0.7376395810998682,0.7866611986351225,0.04902161753525436,True,False
3234,0.6011805555555556,0.6614583333333334,0.06027777777777776,True,False
3235,0.8494060789545703,0.7699969211822659,-0.0794091577723044,False,False
3236,0.3234301994301994,0.576923076923077,0.2534928774928776,True,False
3237,0.6466786259128124,0.6942337553750598,0.04755512946224738,True,False
3238,0.9446486111111111,0.9555555555555556,0.01090694444444451,True,False
3239,0.4921266478342749,0.5426807760141092,0.050554128179834346,True,False
3240,0.5355461765537985,0.6453427585287341,0.10979658197493558,True,False
3241,0.7154229797979798,0.7211805555555555,0.005757575757575739,True,False
3242,0.584243205373937,0.5771506149840092,-0.007092590389927822,False,False
3243,0.6941266600492045,0.7673274765683189,0.07320081651911436,True,False
3244,0.8479307992202729,0.7461988304093568,-0.10173196881091617,False,False
3245,0.2344460835058661,0.2733516483516484,0.03890556484578228,True,False
3246,0.45118782223395193,0.4081928084329872,-0.04299501380096471,False,False
3247,0.5772156261612783,0.6691954663693794,0.09197984020810113,True,False
3248,0.5262853327228327,0.4542913105413105,-0.07199402218152223,False,False
3249,0.7897239010989011,0.9136141636141636,0.12389026251526247,True,False
3250,0.43362281553607573,0.5184666459176263,0.08484383038155052,True,False
3251,0.8384051226551226,0.8881834215167549,0.04977829886163232,True,False
3253,0.799974239910489,0.7861899013525017,-0.01378433855798733,False,False
3254,0.6378854166666666,0.673611111111111,0.0357256944444444,True,False
3255,0.6251060606060606,0.6868686868686869,0.0617626262626263,True,False
3256,0.8807984004723136,0.878038628038628,-0.0027597724336856366,False,False
3257,0.7810015208354024,0.5069734665825253,-0.27402805425287713,False,False
3258,0.705844951923077,0.807071314102564,0.1012263621794871,True,False
3259,0.8146050255973911,0.7901558788886507,-0.024449146708740432,False,False
3260,0.6978360209895924,0.7724274866998081,0.07459146571021569,True,False
3261,0.5024009895217388,0.5033755683687537,0.0009745788470149064,True,False
3262,0.5741321160436068,0.468058281722878,-0.10607383432072881,False,False
3263,0.6870766267501561,0.743007168799024,0.055930542048867826,True,False
3264,0.13205395021645022,0.1075036075036075,-0.024550342712842718,False,False
3265,0.36390429644581446,0.3420161872501357,-0.02188810919567874,False,False
3266,0.8424757440113407,0.862276297730946,0.01980055371960532,True,False
3267,0.5431994172494172,0.5536247086247086,0.010425291375291357,True,False
3268,0.6406420610312119,0.683048433048433,0.04240637201722108,True,False
3269,0.7447325396825397,0.7924575424575425,0.0477250027750028,True,False
3270,0.6576929052429052,0.6886632996632996,0.030970394420394398,True,False
3271,0.6595095988094637,0.7029375325074433,0.04342793369797959,True,False
3272,0.6934455932459928,0.7545713354901638,0.061125742244171,True,False
3273,0.7527708333333334,0.765625,0.012854166666666611,True,False
3274,0.5147634805879183,0.42211264072135296,-0.09265083986656536,False,False
3275,0.5594930555555555,0.640625,0.08113194444444449,True,False
3276,0.37720065562456867,0.3194444444444444,-0.05775621118012425,False,False
3277,0.6464606910452056,0.6824993972497757,0.03603870620457006,True,False
3278,0.7112847222222223,0.6847222222222222,-0.026562500000000044,False,False
3279,0.15688447547822548,0.1909722222222222,0.03408774674399673,True,False
3280,0.30443524990206094,0.31226747090265694,0.007832221000595996,True,False
3281,0.7577152463270509,0.7871263936556816,0.029411147328630705,True,False
3282,0.8302690058479532,0.9128654970760234,0.08259649122807022,True,False
3283,0.700371934243783,0.5701882477128782,-0.13018368653090473,False,False
3284,0.8161232638888889,0.7648809523809524,-0.051242311507936456,False,False
3285,0.5787205824903776,0.5773175114335772,-0.0014030710568003757,False,False
3286,0.6641125541125541,0.8855339105339105,0.2214213564213564,True,False
3287,1.0,1.0,0.0,False,True
3288,0.4289543650793651,0.3416666666666667,-0.0872876984126984,False,False
3289,0.6536320154940845,0.8224956789943527,0.16886366350026827,True,False
3290,0.3070799367254498,0.35348545881356563,0.046405522088115825,True,False
3291,0.41811868686868686,0.6420454545454546,0.22392676767676772,True,False
3292,0.7611448179081843,0.749980116062977,-0.011164701845207348,False,False
3293,0.45120684523809523,0.5294890873015873,0.07828224206349205,True,False
3294,0.7932651958178275,0.8572413989519253,0.0639762031340978,True,False
3295,0.7474258444760038,0.7983531034768627,0.05092725900085893,True,False
3296,0.8498723625302573,0.8165561833578028,-0.03331617917245455,False,False
3297,0.34824066754501537,0.4369693309910701,0.08872866344605473,True,False
3298,0.8805333333333333,0.7957142857142857,-0.08481904761904757,False,False
3299,0.7856290929457361,0.8125250226683899,0.026895929722653755,True,False
3300,0.7058651795092165,0.6772380468657064,-0.028627132643510023,False,False
3301,0.5963929445724859,0.6368711363465165,0.04047819177403056,True,False
3302,0.4776732069537216,0.48154470121381887,0.0038714942600972524,True,False
3303,0.939774358974359,0.9012820512820513,-0.038492307692307715,False,False
3304,0.789800986785608,0.8844808077475081,0.0946798209619002,True,False
3305,0.7548814378734275,0.8296980280641272,0.07481659019069964,True,False
3306,0.8666873015873016,0.9224603174603174,0.05577301587301586,True,False
3307,0.5759166666666666,0.7625000000000001,0.18658333333333343,True,False
3308,0.4836616141264464,0.5289634096249268,0.0453017954984804,True,False
3309,0.6237541555339401,0.6127190970180101,-0.011035058515930007,False,False
3310,0.8225557336182336,0.8526234567901234,0.03006772317188977,True,False
3311,0.30623192156405954,0.32152791474052445,0.015295993176464906,True,False
3312,0.4268856931002376,0.42690077806834864,1.5084968111034325e-05,True,False
3313,0.6137033728049499,0.6459378335404051,0.03223446073545522,True,False
3314,0.7306291996078468,0.7794939803941565,0.048864780786309736,True,False
3315,0.8211539468782209,0.8114482046668281,-0.009705742211392754,False,False
3316,0.664335409035409,0.8506873784651563,0.1863519694297473,True,False
3317,0.774832260227641,0.7570868148275763,-0.01774544540006462,False,False
3318,0.7368813178780285,0.8250666730929889,0.0881853552149604,True,False
3319,0.43726190476190474,0.4673133450911228,0.030051440329218082,True,False
3320,0.516102191509484,0.529273072966554,0.013170881457070016,True,False
3321,0.8966794528756776,0.9043990929705216,0.007719640094843938,True,False
3322,0.8149403337890181,0.7117129471405788,-0.10322738664843933,False,False
3323,0.6367806866129652,0.6309280621564857,-0.005852624456479494,False,False
3324,0.9179560185185186,0.858611111111111,-0.05934490740740761,False,False
3325,0.36272853535353533,0.25,-0.11272853535353533,False,False
3326,0.8281898148148149,0.7589285714285714,-0.06926124338624351,False,False
3327,0.7162949592967077,0.6596643360992386,-0.05663062319746914,False,False
3328,0.5859200388268911,0.6276528824215728,0.04173284359468166,True,False
3329,0.542889358152473,0.5521586796744427,0.009269321521969687,True,False
3330,0.5533489278752437,0.5638986354775828,0.010549707602339087,True,False
3331,0.6826159820949188,0.7178643854259305,0.035248403331011646,True,False
3332,0.4302649572649572,0.49184126984126986,0.06157631257631263,True,False
3333,0.5535313907441999,0.6243641830652039,0.07083279232100403,True,False
3334,0.6495018591197163,0.6820649092970522,0.03256305017733596,True,False
3335,0.6538704481792718,0.7377450980392157,0.08387464985994397,True,False
3336,0.27962688849766815,0.28037726649799705,0.0007503780003288996,True,False
3337,0.5666362239724613,0.5947856545450855,0.0281494305726242,True,False
3338,0.6746557710727968,0.6910201149425287,0.016364343869731846,True,False
3339,0.7911819435194435,0.8195618985391712,0.028379955019727676,True,False
3340,0.7344262754160887,0.7891563372410146,0.0547300618249259,True,False
3341,0.6753488464101283,0.6714302643707268,-0.00391858203940143,False,False
3342,0.3550891588519466,0.33961640211640215,-0.015472756735544435,False,False
3343,0.8320797720797721,0.8269230769230769,-0.005156695156695257,False,False
3344,0.9580097402597403,0.9580246913580246,1.4951098284310405e-05,True,False
3345,0.5951453795978014,0.513584777640751,-0.0815606019570505,False,False
3346,0.5803571917882374,0.5883223296146094,0.007965137826371982,True,False
3347,0.7121203703703703,0.7654320987654322,0.05331172839506182,True,False
3348,0.8119711278195488,0.8775436507936508,0.06557252297410199,True,False
3349,0.5892372967855519,0.6786292150716969,0.08939191828614501,True,False
3350,0.6435175010175009,0.8332621082621083,0.1897446072446074,True,False
3351,0.750058807134894,0.7441694537346711,-0.0058893534002228964,False,False
3352,0.6535503584875432,0.560783064968357,-0.09276729351918622,False,False
3353,0.7168168220100763,0.6396518755961293,-0.077164946413947,False,False
3354,0.10755708180708182,0.22083333333333333,0.11327625152625151,True,False
3355,0.7199102564102564,0.8458119658119658,0.12590170940170942,True,False
3356,0.9258699795759966,0.8796427074470851,-0.046227272128911534,False,False
3357,0.772037965865552,0.7836515626484278,0.011613596782875879,True,False
3358,0.7606559033465525,0.7783967623869338,0.01774085904038125,True,False
3359,0.6493903956881898,0.6632020757020757,0.013811680013885885,True,False
3360,0.48492420152946464,0.5804222093695779,0.09549800784011325,True,False
3361,0.6314085003866932,0.5000389638682929,-0.13136953651840022,False,False
3362,0.4268897752841822,0.5461474273431843,0.11925765205900213,True,False
3363,0.49115720136878877,0.5873106045589812,0.09615340319019244,True,False
3364,0.4887124610720116,0.718825910931174,0.23011344985916238,True,False
3365,0.8201558440564389,0.821679307083255,0.001523463026816052,True,False
3366,0.5509583333333333,0.6426587301587301,0.09170039682539677,True,False
3367,0.8633018432130569,0.8950565381431845,0.031754694930127614,True,False
3368,0.5773821831560676,0.4606575097254922,-0.11672467343057541,False,False
3369,0.727070227920228,0.7348717948717949,0.007801566951566863,True,False
3370,0.48570006194047116,0.613954073543234,0.12825401160276279,True,False
3371,0.5243469740611456,0.556927372764754,0.032580398703608404,True,False
3372,0.8649074074074073,0.7129629629629629,-0.15194444444444444,False,False
3373,0.600711497584541,0.5576086956521739,-0.04310280193236715,False,False
3374,0.7816911343161342,0.8066687900021233,0.024977655685989086,True,False
3375,0.8021203703703703,1.0,0.19787962962962968,True,False
3377,0.8085731183314481,0.8219444694282485,0.013371351096800432,True,False
3378,0.6563411109024,0.6761486858822824,0.019807574979882392,True,False
3379,0.5844810219648929,0.5886208375455687,0.004139815580675776,True,False
3380,0.6542153675030868,0.6332380295006661,-0.020977338002420742,False,False
3381,0.41398752012882445,0.4833333333333333,0.06934581320450883,True,False
3382,0.5375256656426012,0.4827956989247312,-0.054729966717870004,False,False
3383,0.6056494094713909,0.6375,0.03185059052860906,True,False
3384,0.5807718055336476,0.6051012145748988,0.02432940904125125,True,False
3385,0.3953339438339438,0.36389499389499386,-0.03143894993894997,False,False
3386,0.6046958420725652,0.6520252534478878,0.04732941137532254,True,False
3387,0.4861328523649163,0.5118961023216342,0.02576324995671786,True,False
3388,0.6978666125541126,0.8311688311688312,0.13330221861471858,True,False
3389,0.338266283248363,0.2918333024367551,-0.046432980811607905,False,False
3390,0.9133655261921279,0.9391631130063965,0.02579758681426869,True,False
3391,0.708355650825235,0.7206057383834122,0.012250087558177247,True,False
3392,0.48245454545454547,0.6981481481481482,0.21569360269360272,True,False
3393,0.49169077316173554,0.6273942499212325,0.13570347675949695,True,False
3394,0.703773745050637,0.7522508045636183,0.04847705951298131,True,False
3395,0.6023070270372901,0.5813272527910686,-0.02097977424622155,False,False
3396,0.47590740740740745,0.5375,0.06159259259259253,True,False
3397,0.632335403726708,0.8122433574879228,0.1799079537612147,True,False
3398,0.5323888888888889,0.7,0.16761111111111104,True,False
3399,0.5649860593496621,0.5412549754284948,-0.023731083921167295,False,False
3400,0.7261328261939028,0.7154762696228251,-0.01065655657107778,False,False
3401,0.4404243416798198,0.4669010965948245,0.026476754915004674,True,False
3402,0.6631480642657661,0.6693723034604264,0.006224239194660308,True,False
3403,0.8260549100834189,0.7360936154952445,-0.08996129458817437,False,False
3404,0.6545833333333333,0.5913194444444445,-0.06326388888888879,False,False
3405,0.8115347222222222,0.8538194444444445,0.04228472222222224,True,False
3406,0.6725971200980392,0.6832005718954249,0.010603451797385754,True,False
3407,0.4621944444444444,0.6666666666666666,0.20447222222222222,True,False
3408,0.7183583691099138,0.6849003189792664,-0.0334580501306474,False,False
3409,0.8421760461760462,0.7233743686868687,-0.11880167748917758,False,False
3410,0.4956394700913142,0.4965401285150568,0.0009006584237425952,True,False
3411,0.3455347754612439,0.4211711002622603,0.0756363248010164,True,False
3412,0.8077108335361188,0.8270498129580512,0.019338979421932412,True,False
3413,0.8349950243083315,0.881941699604743,0.0469466752964115,True,False
3414,0.8240921038815244,0.8283076540359002,0.004215550154375802,True,False
3415,0.7844008453762983,0.7884349420894972,0.004034096713198876,True,False
3416,0.5605469128318201,0.5547754041956893,-0.005771508636130851,False,False
3417,0.6228308728308728,0.7006020486412643,0.0777711758103915,True,False
3418,0.6114250047931207,0.6460397354889571,0.034614730695836426,True,False
3419,0.7594448051948052,0.8189341477331673,0.05948934253836213,True,False
3420,0.843297079089621,0.831627782800752,-0.011669296288869035,False,False
3421,0.8930916179337232,0.8666666666666668,-0.02642495126705635,False,False
3422,0.3314952715057685,0.2790710543522111,-0.05242421715355744,False,False
3423,0.745190384136629,0.7295681756278917,-0.0156222085087373,False,False
3424,0.847404772079772,0.7612645189568267,-0.08614025312294538,False,False
3425,0.6140586789495438,0.6288277053183836,0.01476902636883981,True,False
3426,0.6643334482497789,0.6501878811153005,-0.014145567134478454,False,False
3427,0.5191780303030302,0.7464015151515151,0.22722348484848487,True,False
3428,0.7557379183205849,0.7998556711192643,0.044117752798679355,True,False
3429,0.5692063492063492,0.5909391534391534,0.021732804232804215,True,False
3430,0.47014817385451024,0.5220512832589543,0.05190310940444409,True,False
3431,0.6006713305731163,0.7869627110103301,0.18629138043721383,True,False
3432,0.3427349568388596,0.4576271186440678,0.11489216180520823,True,False
3433,0.526276455026455,0.3663269600769601,-0.15994949494949495,False,False
3434,0.6235757688309055,0.5740690283268942,-0.04950674050401127,False,False
3435,0.6594152070864784,0.6231788263508693,-0.036236380735609086,False,False
3436,0.6592854958145652,0.7109017883890661,0.051616292574500955,True,False
3437,0.9587738095238094,0.9564285714285715,-0.0023452380952379004,False,False
3438,0.5312803852037269,0.4915593897133322,-0.039720995490394706,False,False
3439,0.766102965012296,0.8468716931216932,0.08076872810939717,True,False
3440,0.830595238095238,0.8742857142857143,0.04369047619047628,True,False
3441,0.2909712976287127,0.3250010139828554,0.0340297163541427,True,False
3442,0.44418500400433175,0.4594392727851374,0.015254268780805658,True,False
3443,0.4251828703703704,0.6502777777777777,0.22509490740740734,True,False
3444,0.44860992402659067,0.40598290598290593,-0.04262701804368474,False,False
3445,0.7707217816652989,0.8076584565901354,0.03693667492483643,True,False
3446,0.9873484848484848,0.9696969696969697,-0.017651515151515085,False,False
3447,0.6969012928645416,0.6661519958697686,-0.030749296994773023,False,False
3448,0.7585616452991454,0.5892628205128205,-0.16929882478632485,False,False
3449,0.8540826651848323,0.872556921779058,0.018474256594225635,True,False
3450,0.5602836113185964,0.6307639403336508,0.07048032901505441,True,False
3451,0.6726256613756614,0.4574955908289241,-0.21513007054673727,False,False
3452,0.9150887135505543,0.9450073555453284,0.02991864199477412,True,False
3453,0.45438550839852737,0.4556981709275882,0.0013126625290608152,True,False
3454,0.5628186952279189,0.5571615242201022,-0.005657171007816708,False,False
3455,0.7551521164021163,0.9310515873015873,0.175899470899471,True,False
3456,0.7913252980042028,0.7949660078649892,0.003640709860786351,True,False
3457,0.45773981882467873,0.4966924189786031,0.03895260015392438,True,False
3458,0.6431728305938296,0.6845175556319574,0.041344725038127805,True,False
3459,0.6370259661835749,0.7291666666666666,0.09214070048309175,True,False
3460,0.7901113948240814,0.8373513453952603,0.04723995057117891,True,False
3461,0.976801724137931,0.9921875,0.015385775862069018,True,False
3462,0.5193330781496385,0.4971475016592565,-0.022185576490381997,False,False
3463,0.6755020027864856,0.5729797979797979,-0.10252220480668772,False,False
3464,0.6196575243870824,0.6078778076091572,-0.01177971677792522,False,False
3465,0.7160428370349634,0.7338856136553505,0.017842776620387135,True,False
3466,0.8497037356321839,0.8079741379310346,-0.04172959770114937,False,False
3467,0.7173217212653382,0.670916286727457,-0.04640543453788126,False,False
3468,0.7297581933392279,0.7181386514719849,-0.01161954186724301,False,False
3469,0.7083930314630307,0.7114174344490126,0.0030244029859819443,True,False
3470,0.6914910622130772,0.6517746142746143,-0.03971644793846296,False,False
3471,0.2823658269412116,0.3264508214557586,0.044084994514547005,True,False
3472,0.70793567251462,0.7807226399331663,0.07278696741854629,True,False
3473,0.7080308958245092,0.7626024537264522,0.05457155790194301,True,False
3474,0.856582943372417,0.8785160708237632,0.021933127451346124,True,False
3475,0.41566711245586435,0.41408695739569334,-0.0015801550601710068,False,False
3476,0.47323185138335944,0.5746945420935041,0.10146269071014469,True,False
3477,0.7319290428563684,0.8563466340448371,0.12441759118846873,True,False
3478,0.519044278493431,0.5040355125100888,-0.01500876598334222,False,False
3479,0.5064380279218988,0.5135321891370278,0.007094161215128958,True,False
3480,0.5726987605737606,0.5159560070274356,-0.056742753546324964,False,False
3481,0.7899207923192791,0.8082271446471008,0.01830635232782163,True,False
3482,0.7741332289055972,0.7886047188678768,0.014471489962279538,True,False
3483,0.6790441922691481,0.7226136965547023,0.04356950428555417,True,False
3484,0.44074671636685153,0.4161210317460317,-0.02462568462081982,False,False
3485,0.7566681286549708,0.7784762833008447,0.021808154645873934,True,False
3486,0.8326624537771598,0.8229715431627197,-0.009690910614440051,False,False
3487,0.4992796747781813,0.5431528667784402,0.04387319200025891,True,False
3488,0.23319318181818183,0.23636363636363636,0.003170454545454532,True,False
3489,0.30534375,0.4319447601010101,0.12660101010101005,True,False
3490,0.6878893034472303,0.7605823415840837,0.07269303813685335,True,False
3491,0.6688604712967827,0.693289334543763,0.024428863246980237,True,False
3492,0.6851059523809524,0.6665584415584416,-0.018547510822510827,False,False
3493,0.6038295513559546,0.5897015166340109,-0.014128034721943683,False,False
3494,0.6682658730158729,0.7222222222222222,0.053956349206349286,True,False
3495,0.5881309523809524,0.55,-0.03813095238095232,False,False
3496,0.6980058823529411,0.6227124183006536,-0.07529346405228754,False,False
3497,0.7641709041732261,0.7521246356344938,-0.012046268538732252,False,False
3498,0.6381667971848237,0.7042950513538748,0.0661282541690511,True,False
3499,0.6545293047303627,0.6538645776108739,-0.0006647271194888393,False,False
3500,0.6679651717330288,0.5529518100946673,-0.11501336163836151,False,False
3501,0.8118576118636659,0.8667228718462723,0.054865259982606385,True,False
3502,0.8413760683760684,0.8278388278388278,-0.013537240537240591,False,False
3503,0.7905522973291406,0.7913299788349358,0.0007776815057952691,True,False
3504,0.5796902372724742,0.5863101244741108,0.006619887201636643,True,False
3505,0.615268022875817,0.672860936041083,0.057592913165266046,True,False
3506,0.7976034987556727,0.8187576312576312,0.021154132501958522,True,False
3507,0.5460278519410106,0.5377070571736451,-0.00832079476736547,False,False
3508,0.4391699968876439,0.4618645606390705,0.02269456375142659,True,False
3509,0.34815846980566145,0.39121041011975544,0.043051940314093984,True,False
3510,0.53481068985051,0.666991341991342,0.13218065214083208,True,False
3511,0.6970202707137151,0.7063557486105794,0.009335477896864286,True,False
3512,0.5924147506535562,0.6230897002751207,0.030674949621564473,True,False
3513,0.6147355698578691,0.6365599764171878,0.02182440655931861,True,False
3514,0.6967600732600733,0.6965177984408754,-0.0002422748191979185,False,False
3515,0.5303035621785621,0.5695303373874803,0.03922677520891815,True,False
3516,0.48517930317167635,0.5608032599052714,0.07562395673359501,True,False
3517,0.6952844822798432,0.7155162738496073,0.020231791569764068,True,False
3518,0.6294942304861687,0.675560599173899,0.046066368687730286,True,False
3519,0.3157923901686711,0.35836823384609495,0.04257584367742384,True,False
3520,0.7363509836287951,0.7552250279581691,0.018874044329374007,True,False
3521,0.6981020269522397,0.7242501194937506,0.02614809254151096,True,False
3522,0.6117465114250829,0.7168462611869205,0.10509974976183767,True,False
3523,0.5422688652073733,0.6069379609126153,0.06466909570524204,True,False
3524,0.6341284374854047,0.6409686609686609,0.0068402234832561915,True,False
3525,0.648457748351866,0.6578175310528251,0.009359782700959163,True,False
3526,0.37227061152775964,0.42558593924399923,0.05331532771623959,True,False
3527,0.6816061692190725,0.6532091750841751,-0.02839699413489738,False,False
3529,0.2973860930604602,0.20517491696090107,-0.09221117609955914,False,False
3530,0.6694675925925927,0.699074074074074,0.02960648148148126,True,False
3531,0.816318271772327,0.8785477088478445,0.062229437075517535,True,False
3532,0.8289578014578015,0.8133147155874428,-0.015643085870358675,False,False
3533,0.5453341554374088,0.7124859708193042,0.16715181538189539,True,False
3534,0.8275400579150579,0.9138352638352638,0.0862952059202059,True,False
3535,0.6765879446640316,0.6982323232323232,0.0216443785682916,True,False
3536,0.6884819667942189,0.6918638657406185,0.0033818989463996196,True,False
3537,0.3596528379028379,0.3888888888888889,0.029236050986050977,True,False
3538,0.709870208727438,0.7614256060695435,0.05155539734210546,True,False
3539,0.7638513743953895,0.7935292009531826,0.029677826557793052,True,False
3540,0.8116918598044641,0.7956815166991472,-0.016010343105316904,False,False
3541,0.7405730158730158,0.8227380952380953,0.08216507936507944,True,False
3542,0.3751917600373483,0.6428571428571428,0.2676653828197945,True,False
3543,0.5564293972426503,0.6109307359307359,0.0545013386880856,True,False
3544,0.8592018006148442,0.9175230566534914,0.05832125603864724,True,False
3545,0.5426623376623376,0.6602272727272728,0.11756493506493515,True,False
3546,0.4718386873270395,0.5904989783680188,0.1186602910409793,True,False
3547,0.48806716400233635,0.5131918867321844,0.02512472272984806,True,False
3548,0.23329166666666665,0.21666666666666667,-0.016624999999999973,False,False
3549,0.7458689463601533,0.7523611111111111,0.006492164750957818,True,False
3550,0.49514756835611984,0.5053405089212579,0.010192940565138087,True,False
3551,0.6373382295917353,0.7325563417756109,0.09521811218387566,True,False
3552,0.4340277777777778,0.3333333333333333,-0.10069444444444448,False,False
3553,0.83476312988813,0.8964835164835165,0.06172038659538659,True,False
3554,0.6160669515669516,0.4648148148148148,-0.15125213675213678,False,False
3555,0.42925681630982937,0.43971902937420176,0.010462213064372394,True,False
3556,0.7278195174644674,0.7418943969347195,0.0140748794702521,True,False
3557,0.6921530362407392,0.6831416302782908,-0.009011405962448427,False,False
3558,0.754564374978964,0.8466451910760011,0.09208081609703711,True,False
3559,0.8692013451708367,0.8232810638379646,-0.04592028133287207,False,False
3560,0.9542354254647833,0.9406150793650794,-0.013620346099703973,False,False
3561,0.7186953883002477,0.7592631120300557,0.04056772372980799,True,False
3562,0.45508006759304287,0.4488548961221974,-0.0062251714708454475,False,False
3563,0.6610213032389473,0.6855520275181188,0.02453072427917158,True,False
3564,0.3434794595290046,0.2838089657436216,-0.05967049378538303,False,False
3565,0.36386833213083214,0.3987911116661117,0.03492277953527956,True,False
3566,0.7616574074074074,0.837962962962963,0.07630555555555563,True,False
3567,0.7254570027396114,0.8285719078291542,0.1031149050895428,True,False
3568,0.6427648652182966,0.7603539850067628,0.1175891197884662,True,False
3569,0.3589490400594348,0.4079039320065363,0.04895489194710151,True,False
3570,0.33386530748663107,0.35845588235294124,0.024590574866310166,True,False
3571,0.6073023624938756,0.605779177348864,-0.0015231851450115963,False,False
3572,0.7129289550433917,0.8160910402004022,0.10316208515701053,True,False
3573,0.38360624098124096,0.4643465909090909,0.08074034992784995,True,False
3574,0.684051568132543,0.6408708415390806,-0.04318072659346239,False,False
3575,0.46549537037037036,0.5814814814814815,0.11598611111111112,True,False
3576,0.4284804536252633,0.4056511891620142,-0.02282926446324912,False,False
3577,0.6109414516565981,0.5808495914151058,-0.03009186024149224,False,False
3578,0.5527202461673384,0.537055764562479,-0.015664481604859337,False,False
3579,0.46873960494067773,0.4583510792855929,-0.010388525655084857,False,False
3580,0.8548430538150933,0.7286706349206349,-0.1261724188944584,False,False
3581,0.5708082358674464,0.5263157894736842,-0.044492446393762264,False,False
3582,0.5806962951900452,0.6284696034696035,0.04777330827955828,True,False
3583,0.7706572636300898,0.7912655279503106,0.02060826432022078,True,False
3584,0.4700537130994956,0.4697829131652661,-0.0002707999342295153,False,False
3585,0.5623771710231933,0.6374867115713683,0.07510954054817498,True,False
3586,0.5646125014349778,0.5464651351779384,-0.018147366257039388,False,False
3587,0.8581333927510398,0.8857612068396382,0.02762781408859838,True,False
3588,0.6797953333783495,0.6580146918516301,-0.021780641526719435,False,False
3589,0.34032914566011835,0.3158306964713497,-0.024498449188768645,False,False
3590,0.7988038003275176,0.7971370121462428,-0.0016667881812748586,False,False
3591,0.715076682586527,0.6804684536271334,-0.03460822895939364,False,False
3592,0.8943851154736024,0.886637492751674,-0.0077476227219284155,False,False
3593,0.5052677696078431,0.456875,-0.04839276960784317,False,False
3594,0.4396690490337549,0.5030528266596378,0.06338377762588288,True,False
3595,0.6752158119658119,0.7923076923076924,0.11709188034188045,True,False
3596,0.9698385733603786,0.974512743628186,0.004674170267807365,True,False
3597,0.7566476239747031,0.8213261514985654,0.06467852752386227,True,False
3599,0.5276919612954096,0.4783806505481382,-0.04931131074727141,False,False
3600,0.6824025319092913,0.6325855169863565,-0.04981701492293489,False,False
3601,0.8332285397417397,0.8419923241160642,0.008763784374324457,True,False
3602,0.6020823305161541,0.5776574839600049,-0.024424846556149182,False,False
3603,0.2782787459584475,0.35133390146391336,0.07305515550546587,True,False
3604,1.0,1.0,0.0,False,True
3605,0.6736260322407062,0.7163696572306412,0.042743624989935,True,False
3606,0.6342918192918193,0.7344322344322345,0.10014041514041516,True,False
3607,0.6320313726411593,0.6772213741427535,0.045190001501594246,True,False
3608,0.7198549736758801,0.6778818038686459,-0.0419731698072342,False,False
3609,0.44076603102591944,0.5319177350427351,0.09115170401681566,True,False
3610,0.33918132189645644,0.4847548421427308,0.14557352024627435,True,False
3611,0.6657010917109641,0.6762924577536508,0.010591366042686623,True,False
3612,0.6415853695761028,0.5961715811811092,-0.04541378839499355,False,False
3613,0.6666666666666667,0.7347222222222223,0.06805555555555554,True,False
3614,0.45232962148904643,0.4116536059581442,-0.04067601553090222,False,False
3615,0.6121323140367259,0.6818692541119011,0.06973694007517528,True,False
3616,0.6409403617216117,0.7084554334554334,0.06751507173382165,True,False
3617,0.6391137387387388,0.6309523809523809,-0.008161357786357848,False,False
3618,0.19562027263989884,0.2957618045306536,0.10014153189075475,True,False
3619,0.680835123621169,0.7134647027010359,0.032629579079866855,True,False
3620,0.2905233177069107,0.31896224519917415,0.028438927492263455,True,False
3621,0.42559834720607675,0.4098837138624635,-0.015714633343613282,False,False
3622,0.6464775726955112,0.6866128056451236,0.04013523294961241,True,False
3623,0.607967320261438,0.7944444444444444,0.18647712418300644,True,False
3624,0.849473763812614,0.8418176547454311,-0.007656109067182837,False,False
3625,0.5542510878197049,0.5921782157481965,0.03792712792849162,True,False
3626,0.6070385024070505,0.625317225868835,0.018278723461784496,True,False
3627,0.5813023088023087,0.634469696969697,0.05316738816738831,True,False
3628,0.4749027777777778,0.638888888888889,0.16398611111111117,True,False
3629,0.7523911435786437,0.7602385461760462,0.007847402597402575,True,False
3630,0.47814715898249155,0.442300133228219,-0.035847025754272566,False,False
3631,0.8117550747863248,0.8562464387464388,0.044491363960113994,True,False
3632,0.3145807971014493,0.5059782608695652,0.1913974637681159,True,False
3633,0.703109126984127,0.9434523809523809,0.24034325396825396,True,False
3634,0.3272751322751323,0.34325396825396826,0.01597883597883598,True,False
3635,0.8836049956981837,0.8734683939679752,-0.010136601730208583,False,False
3636,0.457739417989418,0.5277777777777778,0.07003835978835982,True,False
3637,0.42321800421800426,0.3524697524697525,-0.07074825174825178,False,False
3638,0.491390460710001,0.5961400402492357,0.10474957953923475,True,False
3639,0.17114267676767678,0.28936423054070115,0.11822155377302437,True,False
3640,0.8140817214904453,0.8317014607775478,0.017619739287102476,True,False
3641,0.6232001308947099,0.6030016615126386,-0.02019846938207137,False,False
3642,0.2179583333333333,0.6,0.38204166666666667,True,False
3643,0.4499209934885979,0.42179915615126007,-0.028121837337337807,False,False
3644,0.6329146825396825,0.4444444444444444,-0.1884702380952381,False,False
3645,0.6884076797385622,0.8642693272595233,0.17586164752096112,True,False
3646,0.687765444015444,0.701702786377709,0.01393734236226496,True,False
3647,0.7367200854700855,0.9634615384615385,0.22674145299145299,True,False
3648,0.3780974729953695,0.38304619867509376,0.004948725679724264,True,False
3649,0.859852247969895,0.8806261140819964,0.020773866112101413,True,False
3650,0.5833440072474828,0.5702768402989992,-0.013067166948483644,False,False
3651,0.7050164850019813,0.7774984541334061,0.0724819691314248,True,False
3652,0.4976905077381909,0.5226700436425652,0.024979535904374295,True,False
3653,0.8199463331293596,0.8005255471541194,-0.019420785975240218,False,False
3654,0.45494293081808124,0.5040979659037673,0.04915503508568608,True,False
3655,0.4952513888888889,0.5079761904761905,0.012724801587301549,True,False
3657,0.7927357804232804,0.7570767195767196,-0.035659060846560786,False,False
3658,0.6977449862087011,0.7063267429303784,0.00858175672167738,True,False
3659,0.8370726128424927,0.8323689070367815,-0.004703705805711222,False,False
3660,0.729443917765428,0.7421632886564236,0.012719370890995507,True,False
3661,0.6238769591519592,0.753770342312009,0.12989338316004984,True,False
3663,0.5459019246170141,0.5239803012772962,-0.02192162333971792,False,False
3664,0.3569258982796366,0.49296737213403885,0.13604147385440224,True,False
3665,0.6723113098964921,0.6130186364839711,-0.05929267341252098,False,False
3666,0.8159615600448933,0.8635802469135803,0.04761868686868698,True,False
3667,0.6901513243029371,0.7212982875348467,0.031146963231909575,True,False
3668,0.7773611111111112,0.8587962962962963,0.08143518518518511,True,False
3669,0.430436657215921,0.40289995028569814,-0.027536706930222865,False,False
3670,0.6076275982042648,0.6377951388888888,0.030167540684624017,True,False
3671,0.8390739466225263,0.850732881179557,0.011658934557030709,True,False
3672,0.5553634056621097,0.6406533540633798,0.08528994840127002,True,False
3673,0.6348082154346806,0.6537865718577652,0.018978356423084652,True,False
3674,0.7291076468344775,0.6493599033816425,-0.07974774345283497,False,False
3675,0.5967871304046927,0.5577814886714394,-0.03900564173325327,False,False
3676,0.5555213406156612,0.5363245298119248,-0.019196810803736364,False,False
3677,0.6634236712361712,0.6624702182737897,-0.0009534529623814736,False,False
3678,0.46332064482064483,0.40896099271099273,-0.0543596521096521,False,False
3679,0.679009129001211,0.698218391215575,0.01920926221436403,True,False
3680,0.5682241248894474,0.7195753619140716,0.15135123702462416,True,False
3681,0.7424118657109102,0.7239626778544888,-0.018449187856421467,False,False
3682,0.8871991642616642,0.8935926727593393,0.00639350849767506,True,False
3683,0.4900919927254199,0.5090031433340171,0.01891115060859716,True,False
3684,0.8568301156686573,0.8287265373636902,-0.028103578304967125,False,False
3685,0.7990599600071374,0.817433823643501,0.01837386363636362,True,False
3686,0.8909519039499858,0.9046655457674212,0.013713641817435396,True,False
3687,0.4006807093086626,0.49033550367073625,0.08965479436207363,True,False
3688,0.9098092165953929,0.8990145806576448,-0.010794635937748098,False,False
3689,0.2560465838417512,0.3009950248756219,0.04494844103387069,True,False
3690,0.2682662303585239,0.34595389506051855,0.07768766470199462,True,False
3691,0.6469032084246544,0.6537074225931527,0.0068042141684983015,True,False
3692,0.6103255742795216,0.7371250319229643,0.1267994576434427,True,False
3693,0.5472116039959393,0.52485152236921,-0.02236008162672931,False,False
3694,0.7075681504485852,0.6891150985353884,-0.018453051913196794,False,False
3695,0.8157610760049188,0.8072881828907439,-0.008472893114174873,False,False
3696,0.7790610919400965,0.8076887863519013,0.028627694411804794,True,False
3697,0.6759750349692878,0.8237460946683716,0.14777105969908377,True,False
3698,0.43408184377784115,0.4135096108464687,-0.020572232931372447,False,False
3699,0.9202212752525253,0.9511885683760685,0.030967293123543183,True,False
3700,0.693184829059829,0.7202046351084813,0.027019806048652284,True,False
3701,0.608666309299226,0.5923944025795878,-0.016271906719638296,False,False
3702,0.49888979705511965,0.7249124124124124,0.2260226153572928,True,False
3703,0.7295925925925926,0.6331349206349206,-0.09645767195767196,False,False
3704,0.836993384843805,0.8149935141059298,-0.021999870737875238,False,False
3705,0.6748651541234707,0.6802134677719035,0.005348313648432801,True,False
3706,0.7916437899369587,0.8733660130718954,0.08172222313493671,True,False
3707,0.6277369814281579,0.6777589240824534,0.05002194265429549,True,False
3708,0.831671176046176,0.8011063011063011,-0.03056487493987492,False,False
3709,0.480533351881848,0.3414690517824026,-0.13906430009944537,False,False
3710,0.5282362914862915,0.6879181424635971,0.15968185097730558,True,False
3711,0.6968781735364397,0.735373887860447,0.038495714324007335,True,False
3712,0.5212769013394013,0.5627827559645742,0.04150585462517287,True,False
3713,0.6243007900855787,0.6502798589363559,0.025979068850777165,True,False
3714,0.6896522817460317,0.6666666666666666,-0.02298561507936503,False,False
3715,0.640384812036544,0.6892687373586048,0.04888392532206087,True,False
3716,0.6173574961837026,0.6494975402909409,0.03214004410723825,True,False
3717,0.6726137431263637,0.6823494089798438,0.009735665853480069,True,False
3718,0.4829719068235562,0.5585899188688497,0.0756180120452935,True,False
3719,0.5836111111111111,0.6362433862433862,0.052632275132275086,True,False
3720,0.5128520063194343,0.6304467788441008,0.11759477252466655,True,False
3721,0.5473542979708811,0.6091369497717943,0.061782651800913246,True,False
3722,0.5514133597883597,0.7368827160493826,0.1854693562610229,True,False
3723,0.8514498207885305,0.8287534846674632,-0.02269633612106725,False,False
3724,0.582469150202438,0.6095358110356741,0.027066660833236167,True,False
3725,0.6173214285714286,0.6351190476190476,0.017797619047619007,True,False
3726,0.578782282058095,0.6952411256900421,0.11645884363194714,True,False
3727,0.4607617377037311,0.48417815649946966,0.02341641879573858,True,False
3728,0.5703868957839546,0.6037340026228915,0.033347106838936824,True,False
3729,0.6472696411900367,0.6970809892406084,0.049811348050571636,True,False
3730,0.676809829059829,0.7740584935897437,0.09724866452991465,True,False
3731,0.36854305555555555,0.49,0.12145694444444444,True,False
3732,0.5286192556378093,0.5439631914783921,0.0153439358405828,True,False
3733,0.6947507472422434,0.7296953443213035,0.03494459707906006,True,False
3734,0.38184616750208855,0.41846804511278196,0.03662187761069341,True,False
3735,0.6802268905956046,0.6401692713379633,-0.040057619257641286,False,False
3736,0.5340319565662172,0.6755238057789962,0.14149184921277902,True,False
3737,0.8150187616713351,0.8399296089991791,0.024910847327843988,True,False
3738,0.8951696078431373,0.9109558823529412,0.015786274509803966,True,False
3739,0.3804705882352941,0.6424836601307189,0.2620130718954248,True,False
3740,0.7749511073573574,0.913764880952381,0.13881377359502356,True,False
3741,0.5705823005528411,0.5949627425967423,0.024380442043901218,True,False
3742,0.571188540356824,0.5683950020477907,-0.0027935383090332833,False,False
3743,0.5133174603174603,0.5682539682539682,0.05493650793650795,True,False
3744,0.7648055555555555,0.6614197530864198,-0.10338580246913576,False,False
3745,0.5001944657480754,0.5486224700798433,0.04842800433176797,True,False
3746,0.6526158256253489,0.6421383454841274,-0.010477480141221518,False,False
3747,0.8318872549019608,0.8265277777777778,-0.005359477124183054,False,False
3748,0.6071621212121212,0.6516818181818181,0.04451969696969693,True,False
3749,0.7158658976443435,0.7175324675324676,0.001666569888124081,True,False
3750,0.4276793608124253,0.5268959435626103,0.09921658275018497,True,False
3751,0.5358400794926854,0.5403265795706422,0.004486500077956812,True,False
3752,0.4988979661642705,0.5884008227797047,0.08950285661543422,True,False
3753,0.5423742877492878,0.6131766381766383,0.0708023504273505,True,False
3754,0.730914308261886,0.7397558872165507,0.008841578954664753,True,False
3755,0.8675909087853734,0.8598583719835988,-0.007732536801774548,False,False
3756,0.717559810343475,0.7451880027810868,0.02762819243761172,True,False
3757,0.7805079822337825,0.8261049123139632,0.04559693008018073,True,False
3758,0.3035231481481481,0.4880952380952381,0.18457208994708996,True,False
3759,0.6337333714727007,0.6433892496392496,0.009655878166548892,True,False
3760,0.6153504360954128,0.7098028764881099,0.09445244039269707,True,False
3761,0.8612731244534974,0.8588682915427511,-0.002404832910746224,False,False
3762,0.21868203716710766,0.28352480691595594,0.06484276974884828,True,False
3763,0.7234988265805984,0.7274524961499752,0.0039536695693768165,True,False
3764,0.6198574481074481,0.5991452991452991,-0.020712148962149013,False,False
3765,0.654440836940837,0.6144179894179894,-0.04002284752284757,False,False
3766,0.3595482353294853,0.3034722222222222,-0.05607601310726312,False,False
3767,0.5261309523809523,0.6755952380952381,0.14946428571428583,True,False
3768,0.5554204251030701,0.5607835276828471,0.005363102579777013,True,False
3769,0.8890824224525009,0.8957126676248045,0.006630245172303595,True,False
3770,0.7376307179032705,0.7570616548529147,0.01943093694964415,True,False
3771,0.34838148799736013,0.37814502718097875,0.029763539183618626,True,False
3772,0.6103350212652844,0.6695092371079213,0.059174215842636935,True,False
3773,0.49924094453893014,0.4758886991895493,-0.02335224534938085,False,False
3774,0.6690111832611833,0.7963383838383838,0.1273272005772006,True,False
3775,0.632882315007315,0.5840135327635327,-0.048868782243782216,False,False
3776,0.750849377394636,0.8984785788923719,0.14762920149773595,True,False
3777,0.6267539107430412,0.739554688467732,0.11280077772469077,True,False
3778,0.21255127209245214,0.24927405801633107,0.036722785923878926,True,False
3779,0.6317301217301218,0.6246748420661464,-0.0070552796639753446,False,False
3780,0.7929036601627979,0.791011954735337,-0.0018917054274608658,False,False
3781,0.9281344432509846,0.9728070175438597,0.04467257429287508,True,False
3782,0.7518270299145299,0.8183653846153846,0.06653835470085467,True,False
3783,0.7787445175438595,0.7083333333333334,-0.07041118421052617,False,False
3784,0.7120222338935573,0.7387581699346406,0.026735936041083264,True,False
3785,0.5017688006438007,0.46340465090465094,-0.038364149739149755,False,False
3786,0.7538453884078884,0.7766213724547059,0.022775984046817466,True,False
3787,0.6545659722222222,0.6465277777777777,-0.008038194444444535,False,False
3788,0.6490180311890837,0.6944444444444444,0.045426413255360676,True,False
3789,0.8509128999930887,0.8478791899923975,-0.003033710000691192,False,False
3790,0.8389463054419908,0.8710533175425968,0.03210701210060607,True,False
3791,0.5064706207452738,0.5225318635008737,0.016061242755599836,True,False
3792,0.5598935728267098,0.6414303414840663,0.08153676865735648,True,False
3793,0.2903853131606961,0.31300585415684423,0.02262054099614813,True,False
3794,0.4455768849206349,0.40178571428571425,-0.04379117063492066,False,False
3795,0.6216871477455717,0.7032843531937735,0.08159720544820181,True,False
3796,0.8442755741271187,0.8051436677898666,-0.039131906337252165,False,False
3797,0.5693333333333334,0.6267301587301587,0.057396825396825335,True,False
3798,0.5763095238095238,0.5803571428571429,0.004047619047619078,True,False
3799,0.7067294036550458,0.7506044238683127,0.043875020213266946,True,False
3800,0.3941877895496317,0.518796992481203,0.12460920293157135,True,False
3801,0.4833100291909925,0.6023778192585532,0.11906779006756069,True,False
3802,0.4008856209150327,0.5666666666666667,0.16578104575163394,True,False
3803,0.7817364824717765,0.7272727272727273,-0.054463755199049224,False,False
3804,0.6313608913833658,0.6724617779740907,0.04110088659072486,True,False
3805,0.6829245689655172,0.8448395593869731,0.16191499042145585,True,False
3806,0.4364392068826959,0.3427096273291926,-0.0937295795535033,False,False
3807,0.6403189675109148,0.5624689119029853,-0.07785005560792946,False,False
3808,0.4060691423184425,0.4143650632377393,0.008295920919296818,True,False
3809,0.9858754208754209,0.9504302282080059,-0.03544519266741497,False,False
3810,0.9491311844863732,0.9762626262626263,0.02713144177625304,True,False
3811,0.522094888736994,0.5257504806673782,0.0036555919303842277,True,False
3812,0.5410657045426867,0.48931762721191535,-0.0517480773307713,False,False
3813,0.8649382716049382,0.905394804526749,0.04045653292181084,True,False
3814,0.3940952380952381,0.36742424242424243,-0.02667099567099568,False,False
3815,0.7986873458424512,0.760566373104163,-0.038120972738288184,False,False
3816,0.7029637795934613,0.7071008622224705,0.004137082629009137,True,False
3817,0.4973785332314744,0.49444232238349883,-0.0029362108479755733,False,False
3818,0.6870764693264693,0.7445767195767196,0.057500250250250295,True,False
3819,0.7527138697807375,0.7032640588479276,-0.04944981093280987,False,False
3820,0.9211675430304463,0.8799196174196174,-0.041247925610828906,False,False
3821,0.3009469993727922,0.30797539034301413,0.007028390970221954,True,False
3822,0.5227017095532674,0.6180033089968613,0.09530159944359384,True,False
3823,0.6681864567095408,0.752591302507681,0.08440484579814023,True,False
3824,0.27993303685569954,0.31174513569730694,0.031812098841607406,True,False
3825,0.41646323451161604,0.4844212274936737,0.06795799298205768,True,False
3826,0.6934958513708512,0.6757575757575757,-0.017738275613275567,False,False
3827,0.5390716753243227,0.6413295486423966,0.1022578733180739,True,False
3828,0.8705934343434343,0.8884567901234567,0.017863355780022405,True,False
3829,0.3636201237511056,0.3857231120452302,0.022102988294124604,True,False
3830,0.8249027401524698,0.8508056982977775,0.025902958145307742,True,False
3831,0.5761790773060976,0.5026418818136799,-0.07353719549241777,False,False
3832,0.785324531024531,0.7307161753590325,-0.05460835566549849,False,False
3833,0.5735057660149964,0.6213971511218069,0.04789138510681057,True,False
3834,0.9145294144641885,0.90896932291578,-0.005560091548408419,False,False
3835,0.9485833333333333,0.9394928534685479,-0.009090479864785395,False,False
3836,0.5218808763080961,0.5256952352368881,0.0038143589287920054,True,False
3837,0.735356436089031,0.7570266741459418,0.021670238056910818,True,False
3839,0.6110793010752689,0.5944393241167434,-0.016639976958525482,False,False
3840,0.8010868706910373,0.7620737133237133,-0.039013157367324025,False,False
3841,0.4312075977613581,0.5236170852019754,0.09240948744061728,True,False
3842,0.6534580670351596,0.6898329015000888,0.03637483446492917,True,False
3843,0.1782874902874903,0.3039772727272727,0.1256897824397824,True,False
3844,0.647132993858463,0.7989405519260996,0.15180755806763657,True,False
3845,0.7761773551699399,0.8171191097038555,0.040941754533915575,True,False
3846,0.795873778998779,0.8225385725385724,0.026664793539793452,True,False
3847,0.223884580469609,0.20120564324641124,-0.022678937223197748,False,False
3848,0.8329580402654652,0.8634346294372587,0.030476589171793522,True,False
3849,0.35444052381488994,0.3462960615280595,-0.008144462286830467,False,False
3850,0.653499583732972,0.6722564851598012,0.018756901426829176,True,False
3851,0.39944234159180914,0.2662607188469257,-0.13318162274488343,False,False
3852,0.8840925925925925,0.962037037037037,0.07794444444444448,True,False
3853,0.8600511441420838,0.8378241236502474,-0.022227020491836447,False,False
3854,0.7190545332720255,0.7621996751098918,0.04314514183786633,True,False
3855,0.6680078537345645,0.6656181366676649,-0.0023897170668996104,False,False
3856,0.6198326642389143,0.5947322322322323,-0.025100432006681994,False,False
3857,0.5105331494732658,0.5669108669108669,0.056377717437601116,True,False
3858,0.8356532532390091,0.8852335485027792,0.04958029526377017,True,False
3859,0.49440986582056723,0.5937371166415284,0.09932725082096117,True,False
3860,0.6065146127513149,0.6726863863892394,0.06617177363792448,True,False
3861,0.6687233541921042,0.7363994030660698,0.06767604887396561,True,False
3862,0.685544597069597,0.7870879120879121,0.10154331501831504,True,False
3863,0.7592164141414142,0.6202441077441078,-0.1389723063973064,False,False
3864,0.9317812665418771,0.9596660229356646,0.027884756393787513,True,False
3865,0.2406137844611529,0.21011974380395435,-0.030494040657198546,False,False
3866,0.5300316682693811,0.547893981904963,0.017862313635581883,True,False
3867,0.7872092067289436,0.7624269005847953,-0.024782306144148225,False,False
3868,0.3930135414932472,0.4156929693066694,0.022679427813422193,True,False
3869,0.44575182539682545,0.4334259259259259,-0.01232589947089957,False,False
3870,0.6528992063492063,0.6201719576719577,-0.03272724867724863,False,False
3871,0.46046294510087615,0.47892036124794746,0.018457416147071304,True,False
3872,0.9084455624355005,0.958761282290694,0.050315719855193564,True,False
3873,0.6516298464741088,0.6735335266585267,0.021903680184417906,True,False
3874,0.5381647975615367,0.6048810674028064,0.06671626984126977,True,False
3875,0.506839093701997,0.6861607142857142,0.17932162058371726,True,False
3876,0.6383904521404521,0.5995590828924162,-0.038831369248035874,False,False
3877,0.8351960784313726,0.8837535014005603,0.04855742296918775,True,False
3878,0.7158339813284448,0.7331495630734923,0.017315581745047548,True,False
3879,0.3723799933862434,0.4155588624338624,0.04317886904761903,True,False
3880,0.49811568238406473,0.5049856053532524,0.006869922969187703,True,False
3881,0.5006979166666666,0.5187878787878788,0.018089962121212166,True,False
3882,0.5505233234767118,0.7024770694871959,0.15195374601048406,True,False
3883,0.31804166666666667,0.5347222222222222,0.21668055555555554,True,False
3884,0.34868603003301935,0.32596283698902595,-0.022723193043993395,False,False
3885,0.5721642900577304,0.6153718057997334,0.04320751574200299,True,False
3886,0.6387306644880174,0.6021895424836601,-0.03654112200435733,False,False
3887,0.46547803165642854,0.44996593279697994,-0.015512098859448598,False,False
3888,0.621382310768437,0.7347767396432257,0.11339442887478868,True,False
3889,0.8451415206293256,0.8794490533620968,0.034307532732771207,True,False
3890,0.7346471637750708,0.7904134037335865,0.055766239958515706,True,False
3891,0.8349689745738134,0.8263053329585589,-0.008663641615254458,False,False
3892,0.5820995256123431,0.603160077543068,0.02106055193072487,True,False
3893,0.2704094932844933,0.0,-0.2704094932844933,False,False
3894,0.7247811865212637,0.692487982659434,-0.032293203861829656,False,False
3895,0.37235550202485684,0.4901026392961877,0.11774713727133085,True,False
3896,0.47938359487851767,0.514851688034585,0.03546809315606736,True,False
3897,0.7365059523809524,0.6526785714285714,-0.08382738095238096,False,False
3898,0.6328213612368024,0.7012828368526898,0.06846147561588733,True,False
3899,0.5370167292057536,0.6091880341880341,0.07217130498228053,True,False
3900,0.6458311298730968,0.6856999460255769,0.03986881615248017,True,False
3901,0.5964204545454546,0.5967735389610389,0.0003530844155843482,True,False
3902,0.9462843085743086,0.9552857973764224,0.009001488802113822,True,False
3903,0.42402983585615167,0.3995632656816867,-0.024466570174464963,False,False
3904,0.6607999596383743,0.7414697648030981,0.08066980516472377,True,False
3905,0.6909841951104451,0.6638891885891887,-0.027095006521256404,False,False
3906,0.6970987110974596,0.6646300957189568,-0.03246861537850276,False,False
3907,0.6230653503677894,0.5259353741496599,-0.09712997621812958,False,False
3908,0.5159627266663813,0.5052455282374221,-0.01071719842895924,False,False
3909,0.5409054353153815,0.5735309829059829,0.032625547590601434,True,False
3910,0.614222776912987,0.6923685400380603,0.07814576312507326,True,False
3911,0.6635277777777777,0.6123015873015873,-0.05122619047619037,False,False
3912,0.8795138632778086,0.9105553890835332,0.031041525805724612,True,False
3913,0.5643615086286711,0.5870292992032122,0.022667790574541158,True,False
3914,0.46977372718651017,0.5427658730867752,0.07299214590026498,True,False
3915,0.5662698412698413,0.71875,0.15248015873015874,True,False
3916,0.7421160331608011,0.7298924054915786,-0.01222362766922247,False,False
3917,0.5296340298829523,0.5760861823361823,0.04645215245322998,True,False
3918,0.4451130952380952,0.7142857142857143,0.2691726190476191,True,False
3919,0.7353681899082356,0.7462616839047045,0.010893493996468884,True,False
3920,0.7143339920948617,0.7892689030337252,0.07493491093886351,True,False
3921,0.7892324561403509,0.7772295321637427,-0.012002923976608182,False,False
3922,0.18320772047582973,0.22051617553375863,0.0373084550579289,True,False
3923,0.6963576255916195,0.6444142484321055,-0.051943377159514026,False,False
3924,0.7330380439624506,0.7706303530281292,0.037592309065678564,True,False
3925,0.5925292340506103,0.5932483237547893,0.000719089704178999,True,False
3926,0.863702737077737,0.7799823633156966,-0.08372037376204045,False,False
3927,0.6932808141195238,0.6863419281076327,-0.006938886011891077,False,False
3928,0.280493054703581,0.46901709401709407,0.18852403931351308,True,False
3929,0.3945445383179404,0.39915414417275324,0.004609605854812848,True,False
3930,0.9139230791573841,0.9318622416886906,0.017939162531306452,True,False
3931,0.5089007924291766,0.533527883124368,0.024627090695191423,True,False
3932,0.614291746031746,0.4360119047619047,-0.17827984126984125,False,False
3933,0.6982763157894736,0.5083333333333333,-0.18994298245614027,False,False
3934,0.16948053295257295,0.17847308585092328,0.008992552898350326,True,False
3935,0.5104900796125138,0.5131615696131825,0.002671490000668686,True,False
3936,0.8598670465337132,0.7872744539411206,-0.07259259259259254,False,False
3937,0.8370623003230527,0.8626952122365689,0.025632911913516132,True,False
3938,0.8670174410734194,0.8951838469501513,0.028166405876731915,True,False
3939,0.7107482247284878,0.703125,-0.007623224728487754,False,False
3940,0.5976169617080626,0.6225552132741812,0.02493825156611862,True,False
3941,0.2739895613645614,0.46081730769230766,0.1868277463277463,True,False
3942,0.21530205171812677,0.2035405330643104,-0.01176151865381636,False,False
3943,0.852907439032439,0.943907203907204,0.09099976487476491,True,False
3944,0.5531792929292929,0.6936026936026937,0.14042340067340076,True,False
3945,0.4574948812222118,0.4698185749726056,0.012323693750393772,True,False
3946,0.638678962641076,0.6727963424360689,0.03411737979499285,True,False
3947,0.8498141464117341,0.8115047050354067,-0.03830944137632741,False,False
3948,0.3435582393826417,0.445339839302458,0.10178159991981633,True,False
3949,0.7473223106930734,0.7466422466422467,-0.0006800640508267675,False,False
3950,0.35364550264550265,0.37754629629629627,0.023900793650793617,True,False
3951,0.7058096245471206,0.6227769048041465,-0.0830327197429741,False,False
3952,0.8370553359683796,0.8661856661856662,0.029130330217286615,True,False
3953,0.671333012343093,0.5922344744349353,-0.07909853790815768,False,False
3954,0.484308981657179,0.541650853889943,0.057341872232764046,True,False
3955,0.527412238965453,0.6229494609164421,0.09553722195098913,True,False
3956,0.7139940476190476,0.8046296296296296,0.09063558201058197,True,False
3957,0.7058342264904626,0.7309189309774964,0.025084704487033815,True,False
3958,0.658314090361467,0.6532366853916398,-0.005077404969827226,False,False
3959,0.1667142857142857,0.07142857142857142,-0.09528571428571428,False,False
3960,0.8444318181818181,0.9018939393939395,0.05746212121212135,True,False
3961,0.5005432799590301,0.4996180865020639,-0.0009251934569662335,False,False
3962,0.6263471804511278,0.7298040239487608,0.10345684349763296,True,False
3963,0.7155205408049115,0.7555928076261837,0.040072266821272295,True,False
3964,0.7762915798798151,0.8090987202098313,0.03280714033001619,True,False
3965,0.6935562678734349,0.6493226908120857,-0.04423357706134923,False,False
3966,0.5845138888888889,0.5578703703703703,-0.02664351851851854,False,False
3967,0.27417086052646406,0.39707649085510155,0.1229056303286375,True,False
3968,0.5932448943246906,0.6713414945269784,0.07809660020228781,True,False
3969,0.6110625000000001,0.6159722222222223,0.00490972222222219,True,False
3970,0.46123440015253836,0.46315762969576074,0.0019232295432223823,True,False
3971,0.5552662577744545,0.6140695618974308,0.058803304122976296,True,False
3972,0.37083333333333335,0.48250000000000004,0.11166666666666669,True,False
3973,0.7280249639144326,0.7073046919346729,-0.020720271979759675,False,False
3974,0.7062837477018512,0.7003535609646158,-0.005930186737235443,False,False
3975,0.6356254104546987,0.6260928383210992,-0.009532572133599482,False,False
3976,0.5301128475881978,0.5363761000923514,0.006263252504153605,True,False
3977,0.8539930555555556,0.8836805555555556,0.029687499999999978,True,False
3978,0.8723448137228625,0.9044934113362297,0.03214859761336719,True,False
3979,0.6562798768317636,0.7559426781745281,0.0996628013427645,True,False
3981,0.5504609025671425,0.601271255055586,0.050810352488443455,True,False
3982,0.6099278776778777,0.5376564407814408,-0.07227143689643689,False,False
3983,0.5745568309621502,0.6386627052584499,0.06410587429629977,True,False
3984,0.4422277398527399,0.48764457764457764,0.04541683779183775,True,False
3985,0.6741787436813805,0.6221130798122474,-0.05206566386913314,False,False
3986,0.6887710437710437,0.7289321789321789,0.040161135161135175,True,False
3987,0.23771675084175087,0.11440740740740743,-0.12330934343434344,False,False
3988,0.6140845297965343,0.7504706064760412,0.13638607667950697,True,False
3989,0.7584938630490956,0.7513475554069408,-0.007146307642154848,False,False
3990,0.6912452746351404,0.6499052376769767,-0.041340036958163684,False,False
3991,0.469890444015444,0.5617760617760618,0.09188561776061777,True,False
3992,0.7920093749989917,0.7954156878287787,0.003406312829786984,True,False
3993,0.3858182046666599,0.3201753732424952,-0.06564283142416472,False,False
3994,0.7849064052521271,0.8055497957212135,0.020643390469086476,True,False
3995,0.5829064109926655,0.5699467792835342,-0.01295963170913128,False,False
3996,0.7599734354678485,0.8741880025132888,0.11421456704544031,True,False
3997,0.5306915269857998,0.6229912536604634,0.09229972667466357,True,False
3998,0.3243448307166203,0.46057809837195857,0.13623326765533827,True,False
3999,0.4261795649992562,0.39678706020163607,-0.029392504797620123,False,False
4000,0.6154789114789115,0.6277236652236653,0.012244753744753756,True,False
4001,0.44868602696913906,0.4902870096258874,0.04160098265674833,True,False
4002,0.6728351204548013,0.7016534391534391,0.028818318698637824,True,False
4003,0.5892976851851852,0.6922619047619047,0.10296421957671953,True,False
4004,0.24374233393778538,0.28233461064129667,0.038592276703511286,True,False
4005,0.6555986008158764,0.6558234763831434,0.0002248755672670244,True,False
4006,0.512973646167088,0.5060309925604202,-0.006942653606667792,False,False
4007,0.35583650519070786,0.2642237430082734,-0.09161276218243447,False,False
4009,0.41225432669681483,0.29829101603062536,-0.11396331066618948,False,False
4010,0.5130635756056808,0.48148148148148145,-0.03158209412419938,False,False
4011,0.3467550505050505,0.3132716049382716,-0.0334834455667789,False,False
4013,0.29027368688704247,0.2956441688732199,0.0053704819861774555,True,False
4014,0.6544534944711938,0.5724510444126827,-0.08200245005851114,False,False
4015,0.5267697969422026,0.4791262592976179,-0.04764353764458473,False,False
4016,0.3197156753183191,0.3131254891970123,-0.006590186121306851,False,False
4017,0.6767249103942652,0.75,0.07327508960573481,True,False
4018,0.7287028190187315,0.6738233024691358,-0.054879516549595664,False,False
4019,0.7651075757575758,0.7055555555555556,-0.05955202020202022,False,False
4020,0.6046304062138468,0.6135842964506758,0.00895389023682902,True,False
4021,0.693804517346441,0.747870572228408,0.05406605488196703,True,False
4022,0.368442576810517,0.3779241207202361,0.009481543909719115,True,False
4023,0.4620250713658322,0.5604679608585859,0.09844288949275365,True,False
4024,0.4141845518354682,0.46707519332519337,0.052890641489725165,True,False
4025,0.6923397435897436,0.7546620046620047,0.06232226107226113,True,False
4026,0.47512882828672304,0.4901003060725283,0.014971477785805265,True,False
4027,0.7258805555555555,0.8111111111111112,0.0852305555555557,True,False
4028,0.6718070602113397,0.6923328123618305,0.020525752150490795,True,False
4029,0.6932110655737705,0.63875,-0.054461065573770506,False,False
4030,0.5046399425287356,0.482608795869445,-0.022031146659290568,False,False
4031,0.9236111111111112,0.8358134920634921,-0.08779761904761907,False,False
4032,0.7998015073180484,0.7690367798374842,-0.030764727480564247,False,False
4033,0.6555872393233705,0.6590618072843187,0.0034745679609482494,True,False
4034,0.8793591801701948,0.896757060213104,0.01739788004290921,True,False
4035,0.7458028242192034,0.7957386363636363,0.04993581214443288,True,False
4036,0.5684032384230288,0.524230036774363,-0.04417320164866578,False,False
4037,0.6152040043290044,0.6483585858585859,0.033154581529581506,True,False
4038,0.7838253968253969,0.7426256613756614,-0.04119973544973543,False,False
4039,0.7808684488026593,0.7420891608391609,-0.03877928796349839,False,False
4040,0.47563548269946543,0.5636828644501279,0.08804738175066251,True,False
4041,0.4835476211477292,0.5077548014733189,0.02420718032558966,True,False
4042,0.6008293996301781,0.6538822953393342,0.053052895709156056,True,False
4043,0.7814305008512415,0.7366675079375465,-0.04476299291369501,False,False
4044,0.6090234275528393,0.43437314319667264,-0.1746502843561667,False,False
4045,0.6001259615384615,0.624599358974359,0.024473397435897493,True,False
4046,0.48895587027914617,0.5714285714285714,0.08247270114942523,True,False
4047,0.764845633756924,0.7425275756368946,-0.022318058120029405,False,False
4048,0.6140068237977215,0.6951796459264658,0.08117282212874422,True,False
4049,0.5522995339037644,0.5264878971850836,-0.025811636718680808,False,False
4050,0.7994233194693888,0.8633644483806117,0.06394112891122283,True,False
4051,0.23098379629629628,0.075,-0.15598379629629627,False,False
4052,0.8458101851851851,0.8984567901234568,0.05264660493827167,True,False
4053,0.527626017436398,0.5006682282912996,-0.026957789145098388,False,False
4054,0.6480568869887944,0.6462384911371325,-0.0018183958516618803,False,False
4055,0.335657287030773,0.46697717584861603,0.131319888817843,True,False
4056,0.3938725490196078,0.4166666666666667,0.02279411764705891,True,False
4057,0.6754109477124183,0.6695057189542484,-0.0059052287581699,False,False
4058,0.5135621090910204,0.55169434140491,0.038132232313889625,True,False
4059,0.41600000000000004,0.4392361111111111,0.02323611111111107,True,False
4060,0.7132203607782546,0.7100178280753455,-0.0032025327029090445,False,False
4061,0.6245833333333334,0.5666666666666668,-0.057916666666666616,False,False
4062,0.5647779482842039,0.5697476601406943,0.004969711856490422,True,False
4063,0.65083778727839,0.6979637646304313,0.04712597735204127,True,False
4064,0.3687802808331384,0.3600595519876049,-0.008720728845533487,False,False
4065,0.7000136217948717,0.8209735576923077,0.12095993589743603,True,False
4066,0.3027177927457533,0.47450396825396823,0.17178617550821496,True,False
4067,0.3079072786395703,0.33002015621063235,0.022112877571062062,True,False
4068,0.7722222222222223,0.8666666666666667,0.09444444444444444,True,False
4069,0.7557151875901876,0.7177128427128427,-0.038002344877344885,False,False
4070,0.5940935065435812,0.5678164045047391,-0.026277102038842037,False,False
4071,0.8020701643629274,0.8318803462078316,0.029810181844904138,True,False
4072,0.7242910615813841,0.737997908126343,0.013706846544958906,True,False
4073,0.6323329156223894,0.7309523809523809,0.09861946532999155,True,False
4074,0.7176666666666667,0.7273809523809524,0.009714285714285675,True,False
4075,0.8051195374393049,0.7902509204834787,-0.014868616955826197,False,False
4076,0.6159953007518797,0.6999007936507936,0.08390549289891391,True,False
4077,0.626746139862895,0.7017297128445806,0.07498357298168568,True,False
4078,0.5530039089410026,0.5005538816022688,-0.05245002733873383,False,False
4079,0.7240467965442424,0.6724092617725881,-0.051637534771654336,False,False
4080,0.8088769947372889,0.8675602901093098,0.05868329537202088,True,False
4081,0.7842886904761904,0.7925595238095239,0.00827083333333345,True,False
4082,0.6825832874310318,0.6919123043776784,0.009329016946646562,True,False
4083,0.42660303760652274,0.40014941044351193,-0.026453627163010807,False,False
4084,0.8555581710295125,0.8650925854860473,0.009534414456534801,True,False
4085,0.6654456425707745,0.6994318844064566,0.03398624183568211,True,False
4086,0.8927472614421729,0.8800327022392309,-0.012714559202941955,False,False
4087,0.3441269841269841,0.34766313932980597,0.0035361552028218557,True,False
4088,0.4610132835363085,0.4288026657204399,-0.03221061781586859,False,False
4089,0.6929708493033665,0.7188858344878126,0.025914985184446127,True,False
4090,0.7005055056483052,0.6992915078767038,-0.0012139977716013606,False,False
4091,0.5695093203105077,0.5647198612137637,-0.004789459096743998,False,False
4092,0.6784306220095694,0.725190248348143,0.04675962633857367,True,False
4093,0.8484666964831858,0.8408087392425455,-0.007657957240640334,False,False
4094,0.8626764562105612,0.8467245383754809,-0.01595191783508032,False,False
4095,0.6630397770219199,0.5823524359238644,-0.08068734109805542,False,False
4096,0.5442789946512057,0.6146524725790699,0.07037347792786419,True,False
4097,0.6494301994301995,0.4432573599240266,-0.20617283950617293,False,False
4098,0.662439362924657,0.7602830763434478,0.09784371341879083,True,False
4099,0.615390388359346,0.7321548694969747,0.11676448113762872,True,False
4100,0.9285205627705628,0.8293650793650794,-0.09915548340548341,False,False
4101,0.5583677100226055,0.554589118255998,-0.003778591766607553,False,False
4102,0.3701370161528612,0.39141414141414144,0.021277125261280228,True,False
4103,0.5278938117810245,0.5979055487137384,0.0700117369327139,True,False
4104,0.49354502909590187,0.41961644808007037,-0.0739285810158315,False,False
4106,0.6858270202020202,0.5,-0.18582702020202024,False,False
4107,0.7450410292400814,0.7293244291856752,-0.015716600054406227,False,False
4108,0.8571863636363637,0.9090909090909091,0.05190454545454537,True,False
4109,0.5415694444444444,0.5555555555555555,0.013986111111111033,True,False
4110,0.7200277777777778,0.8516666666666666,0.13163888888888875,True,False
4111,0.601157203907204,0.5872934472934473,-0.013863756613756606,False,False
4112,0.8569842932366651,0.8536796996321687,-0.0033045936044964197,False,False
4113,0.5305204517704517,0.6369047619047619,0.10638431013431016,True,False
4114,0.6914997107361238,0.6894466614303572,-0.0020530493057666632,False,False
4115,0.6472828727250562,0.6926970731937231,0.04541420046866684,True,False
4116,0.6944955995686322,0.7202188193796445,0.025723219811012332,True,False
4117,0.7737304993856451,0.8021364953227408,0.028405995937095696,True,False
4118,0.7818106991727387,0.7236924598504129,-0.05811823932232585,False,False
4119,0.6492929178566571,0.6007309941520468,-0.04856192370461032,False,False
4120,0.5417288011695907,0.47222222222222227,-0.06950657894736839,False,False
4121,0.7101738189300986,0.6412033581573812,-0.0689704607727174,False,False
4122,0.5682667122186151,0.6384690684346901,0.07020235621607496,True,False
4123,0.33709019708361815,0.25427601372577446,-0.08281418335784368,False,False
4124,0.5083999034897507,0.565630419979868,0.057230516490117234,True,False
4125,0.39132619047619044,0.4234457671957672,0.03211957671957677,True,False
4126,0.4714176066970051,0.5301059162127941,0.05868830951578902,True,False
4127,0.651472392694143,0.7413259890390416,0.08985359634489853,True,False
4128,0.6393598039215687,0.6964899540062939,0.05713015008472522,True,False
4129,0.6131159420289855,0.9722222222222222,0.35910628019323676,True,False
4130,0.6581768516319095,0.6508951586336629,-0.007281692998246658,False,False
4131,0.6456830322933772,0.7811460586788994,0.1354630263855222,True,False
4132,0.6553622667910348,0.7824489395086822,0.1270866727176474,True,False
4133,0.5874510302903595,0.5494796833342167,-0.03797134695614279,False,False
4134,0.487304858297036,0.5657788290141231,0.07847397071708712,True,False
4135,0.7270976356976356,0.7704837490551776,0.043386113357541944,True,False
4136,0.8370599334357399,0.858843537414966,0.021783603979226074,True,False
4137,0.6626024163601564,0.647722694115883,-0.014879722244273363,False,False
4138,0.6642374142958883,0.8097756748136256,0.14553826051773722,True,False
4139,0.6427151470039562,0.6294146778869313,-0.013300469117024871,False,False
4140,0.35278354159751124,0.39287783770909507,0.04009429611158383,True,False
4141,0.7428396471319811,0.7886141247160985,0.045774477584117346,True,False
4142,0.3334488304093567,0.381109022556391,0.04766019214703432,True,False
4143,0.9586988304093568,0.9238888888888889,-0.0348099415204679,False,False
4144,0.371493604370099,0.3785638648430453,0.007070260472946288,True,False
4145,0.6907076719576719,0.7306547619047619,0.03994708994708995,True,False
4146,0.7111170634920634,0.682936507936508,-0.02818055555555543,False,False
4147,0.9318377987359218,0.90517411129306,-0.02666368744286174,False,False
4148,0.7158137050145273,0.7513816494719272,0.03556794445739986,True,False
4149,0.7623988689156371,0.873126933289535,0.11072806437389782,True,False
4150,0.40059869431426315,0.4558200041559951,0.05522130984173196,True,False
4151,0.7324384920634921,0.8630952380952381,0.13065674603174604,True,False
4152,0.5382207341269841,0.5065712396069539,-0.031649494520030186,False,False
4153,0.6052651847421584,0.7058025539275539,0.10053736918539546,True,False
4154,0.8380105413105413,0.8765242165242165,0.038513675213675214,True,False
4155,0.5847759834829848,0.6652131760148065,0.08043719253182169,True,False
4156,0.6539178669718265,0.7221014804758835,0.068183613504057,True,False
4157,0.47470526695526694,0.5010416666666666,0.02633639971139967,True,False
4158,0.6215833333333333,0.7777777777777778,0.15619444444444452,True,False
4159,0.8744535947712418,0.30392156862745096,-0.570532026143791,False,False
4160,0.4338820738440304,0.5676813750862664,0.133799301242236,True,False
4161,0.2694233127529436,0.17057675913174633,-0.09884655362119729,False,False
4162,0.8557999958374958,0.877795863556733,0.021995867719237228,True,False
4163,0.4973690476190476,0.5255952380952381,0.028226190476190516,True,False
4164,0.4904112103174603,0.5607993197278912,0.07038810941043089,True,False
4165,0.5976690476190476,0.7265873015873017,0.12891825396825407,True,False
4166,0.7401709064327485,0.721111111111111,-0.019059795321637485,False,False
4167,0.586922193255124,0.6202068193415624,0.03328462608643845,True,False
4168,0.8127905965920672,0.8794366258375547,0.06664602924548746,True,False
4169,0.5949659082545706,0.6202965572437548,0.025330648989184135,True,False
4170,0.6548196248196249,0.7475595238095238,0.09273989898989898,True,False
4171,0.7043076676378913,0.6862989996674888,-0.01800866797040257,False,False
4172,0.902440695970696,0.8981251761059453,-0.00431551986475065,False,False
4173,0.7719189558546975,0.8831838504632622,0.1112648946085647,True,False
4174,0.7669238816738816,0.6809042809042808,-0.0860196007696008,False,False
4175,0.8407071975462387,0.8116539545110973,-0.02905324303514134,False,False
4176,0.8177434640522876,0.8277777777777777,0.01003431372549013,True,False
4177,0.9417985224545569,0.9034467933544288,-0.038351729100128074,False,False
4178,0.5909097222222223,0.8166666666666668,0.2257569444444445,True,False
4179,0.8966207787967108,0.8989969867875466,0.0023762079908358213,True,False
4180,0.5107593588794246,0.5146627066678554,0.003903347788430822,True,False
4181,0.45671180761197333,0.4574468085106383,0.0007350008986649614,True,False
4182,0.8265508958633958,0.8394694297472075,0.0129185338838117,True,False
4183,0.38828649849987323,0.3165594898753303,-0.07172700862454295,False,False
4184,0.47048809523809526,0.75,0.27951190476190474,True,False
4185,0.8053556250659909,0.5151925175095907,-0.2901631075564002,False,False
4186,0.36724779662603474,0.3610675073181034,-0.0061802893079313526,False,False
4187,0.903265479934112,0.92629915507274,0.023033675138627974,True,False
4188,0.5237299644799644,0.4415064102564103,-0.08222355422355415,False,False
4189,0.9676007326007325,0.9494047619047619,-0.018195970695970676,False,False
4190,0.5544033389321185,0.6515932113154335,0.097189872383315,True,False
4191,0.6171730158730159,0.6410714285714285,0.02389841269841264,True,False
4192,0.28010416666666665,0.5,0.21989583333333335,True,False
4193,0.5624982119950229,0.6006955817276423,0.038197369732619335,True,False
4194,0.7549095543345544,0.7684487120785198,0.013539157743965413,True,False
4195,0.8490452380952381,0.8882161753590325,0.03917093726379439,True,False
4196,0.5595652173913044,0.4166666666666667,-0.1428985507246377,False,False
4197,0.8647799422799423,0.9176587301587302,0.05287878787878797,True,False
4198,0.7472731481481482,0.6693121693121693,-0.07796097883597886,False,False
4199,0.5516201861201862,0.5681318681318681,0.01651168201168196,True,False
4200,0.7610198554169142,0.7546466503267973,-0.006373205090116851,False,False
4201,0.70192028841042,0.7839978734715577,0.08207758506113771,True,False
4202,0.6248822751322751,0.5777777777777777,-0.0471044973544974,False,False
4203,0.6774029470227292,0.6029958368707434,-0.07440711015198576,False,False
4204,0.9388639192775987,0.9707939459063495,0.031930026628750774,True,False
4205,0.4641874636085162,0.654920128604339,0.1907326649958228,True,False
4206,0.8653932843245343,0.5652899052899053,-0.300103379034629,False,False
4207,0.8082574271806844,0.8383919172384023,0.030134490057717955,True,False
4208,0.8187530509279735,0.8111059238510219,-0.0076471270769515876,False,False
4209,0.6545089285714286,0.6763392857142857,0.021830357142857082,True,False
4210,0.6333230716292149,0.6653129157885072,0.03198984415929229,True,False
4211,0.3932861842105263,0.46447368421052637,0.07118750000000007,True,False
4212,0.5338960436489554,0.46260124284317833,-0.07129480080577705,False,False
4213,0.7856413540031482,0.7933983648723556,0.007757010869207437,True,False
4214,0.6297533282130057,0.6361607142857143,0.006407386072708632,True,False
4215,0.8004095206339282,0.7986234381167884,-0.0017860825171398531,False,False
4216,0.7779472222222222,0.8250000000000001,0.04705277777777783,True,False
4217,0.821300206909069,0.8707931351635146,0.04949292825444562,True,False
4218,0.6691185609463911,0.6157664220824598,-0.05335213886393131,False,False
4219,0.6011868872110688,0.5379522245201945,-0.0632346626908743,False,False
4220,0.5309919838070349,0.533095988459854,0.0021040046528190137,True,False
4221,0.760574802984574,0.774379349010731,0.013804546026156994,True,False
4222,0.7447102747978867,0.7939011656641238,0.04919089086623718,True,False
4223,0.5018890696273235,0.540499194847021,0.03861012521969753,True,False
4224,0.798426624991135,0.855024914352487,0.05659828936135192,True,False
4225,0.5012725693873159,0.5754271955260978,0.07415462613878188,True,False
4226,0.44095888067870825,0.52191091954023,0.08095203886152169,True,False
4227,0.4155433900142379,0.43902136995492796,0.023477979940690064,True,False
4228,0.6267070707070708,0.8276515151515151,0.20094444444444437,True,False
4229,0.49381891472868217,0.5462521225544482,0.05243320782576605,True,False
4230,0.5160838293650793,0.5631746031746031,0.047090773809523756,True,False
4231,0.6005417409387998,0.6396167557932264,0.03907501485442666,True,False
4232,0.6766834026971221,0.6839358304297328,0.0072524277326107,True,False
4233,0.7123437636750606,0.7473884186088805,0.03504465493381992,True,False
4234,0.7425445419101279,0.7072774178887788,-0.03526712402134902,False,False
4235,0.6118896103896104,0.7552725052725052,0.1433828948828948,True,False
4236,0.7441189393939394,0.7216089466089466,-0.02250999278499277,False,False
4237,0.678205531039044,0.6751455686630369,-0.0030599623760071415,False,False
4238,0.4909891720800811,0.5192697724775689,0.02828060039748781,True,False
4239,0.8252795907795908,0.8370028960938053,0.011723305314214505,True,False
4240,0.7761803359683794,0.8547128897672376,0.07853255379885815,True,False
4241,0.7599500289999432,0.7937181768989549,0.033768147899011614,True,False
4242,0.6397819164423578,0.5517179117179116,-0.0880640047244462,False,False
4243,0.8931242188832195,0.9285143307393623,0.035390111856142825,True,False
4244,0.29737103174603174,0.42162698412698413,0.12425595238095238,True,False
4245,0.5374286768746754,0.6413247305591804,0.10389605368450494,True,False
4246,0.8382166666666667,0.7999999999999999,-0.03821666666666679,False,False
4247,0.5499208707953078,0.3731656184486373,-0.1767552523466705,False,False
4248,0.6248437074263774,0.7493624855148624,0.124518778088485,True,False
4249,0.6418018037518037,0.5151394901394901,-0.12666231361231362,False,False
4250,0.6636395665259939,0.6880464597524519,0.02440689322645806,True,False
4251,0.6146988953075909,0.5994241718426502,-0.015274723464940743,False,False
4252,0.5614375484934695,0.4623452998452998,-0.09909224864816968,False,False
4253,0.5082583305266062,0.5625241329860539,0.054265802459447676,True,False
4254,0.8669903926482874,0.9206349206349207,0.05364452798663333,True,False
4255,0.6844652777777778,0.6978395061728395,0.013374228395061749,True,False
4256,0.5710786435786436,0.6876190476190477,0.11654040404040411,True,False
4257,0.41475329341400774,0.3681580913723771,-0.046595202041630646,False,False
4258,0.5878427757124478,0.5829299116816193,-0.004912864030828468,False,False
4259,0.36549355158730157,0.38784722222222223,0.022353670634920664,True,False
4260,0.28014650772301036,0.23570783080750402,-0.04443867691550635,False,False
4261,0.3941797589895566,0.3831180114185983,-0.011061747570958291,False,False
4262,0.6583730158730158,0.7261904761904763,0.0678174603174605,True,False
4263,0.4880833333333333,0.42666666666666664,-0.061416666666666675,False,False
4264,0.8820717592592593,0.83179012345679,-0.05028163580246925,False,False
4265,0.559702912369389,0.6976364807957587,0.13793356842636972,True,False
4266,0.31435284568372807,0.3617431821213334,0.04739033643760532,True,False
4267,0.4811258255792739,0.3855391351943076,-0.09558669038496631,False,False
4268,0.5050875859159661,0.5903278699408171,0.08524028402485095,True,False
4269,0.5486350545735535,0.6642914550416639,0.11565640046811032,True,False
4270,0.2921461988304094,0.0,-0.2921461988304094,False,False
4271,0.4367978071138783,0.46506156809840843,0.02826376098453015,True,False
4272,0.5498175381263617,0.543357491144606,-0.006460046981755729,False,False
4273,0.9579895104895105,0.9052197802197802,-0.05276973026973031,False,False
4274,0.24273429441828376,0.224141328464709,-0.018592965953574764,False,False
4275,0.6468287037037037,0.6527777777777778,0.005949074074074079,True,False
4276,0.6715091615256089,0.7553651757599126,0.08385601423430367,True,False
4277,0.8708948777042174,0.8775233678117376,0.006628490107520202,True,False
4278,0.6018493788819876,0.6009891879457097,-0.0008601909362779825,False,False
4279,0.45636972427351585,0.3916130293464364,-0.06475669492707947,False,False
4280,0.629900308025308,0.6669565850815851,0.03705627705627701,True,False
4281,0.585807026761606,0.5346865398385261,-0.05112048692307991,False,False
4282,0.6875933245498463,0.6616161616161617,-0.025977162933684683,False,False
4283,0.6075287966537967,0.7307057057057057,0.12317690905190903,True,False
4285,0.6559391995815075,0.7215883200894945,0.06564912050798699,True,False
4286,0.7741087288216655,0.7909128596685873,0.016804130846921783,True,False
4287,0.6764175942196858,0.7531142800177327,0.07669668579804689,True,False
4288,0.8105059523809524,0.8412698412698413,0.030763888888888924,True,False
4289,0.8043997007219452,0.8001397584637214,-0.004259942258223792,False,False
4290,0.7867232142857142,0.8461734693877551,0.05945025510204083,True,False
4291,0.5465976348939428,0.48432875840833706,-0.062268876485605695,False,False
4292,0.478623987854251,0.47179487179487184,-0.006829116059379137,False,False
4293,0.8775663850038851,0.8999384874384874,0.022372102434602303,True,False
4294,0.5095837698412699,0.4748084357710027,-0.03477533407026717,False,False
4296,0.4925921052631579,0.5722639933166249,0.07967188805346703,True,False
4297,0.9421986377825193,0.9537907268170426,0.011592089034523245,True,False
4298,0.8466246935037826,0.860592982352767,0.01396828884898449,True,False
4299,0.7474148130743525,0.7613971828609987,0.013982369786646132,True,False
4300,0.23318392255892256,0.13749999999999998,-0.09568392255892258,False,False
4301,0.8179202168445588,0.8083159530527951,-0.009604263791763712,False,False
4302,0.7322197317911603,0.7549597114302996,0.02273997963913932,True,False
4303,0.6637598975971102,0.6290315600579349,-0.03472833753917526,False,False
4304,0.8814430555555555,0.9305555555555556,0.049112500000000114,True,False
4305,0.6744531510485046,0.6590844961837395,-0.015368654864765019,False,False
4306,0.5308415499533147,0.5079248366013072,-0.02291671335200751,False,False
4307,0.6285164411206078,0.4933894230769231,-0.1351270180436847,False,False
4308,0.43466805405315795,0.5699957614624798,0.13532770740932182,True,False
4309,0.601008344356261,0.5696942515432099,-0.0313140928130512,False,False
4310,0.6295162291030677,0.6729055106651644,0.04338928156209665,True,False
4311,0.22485506851335668,0.32209021563860274,0.09723514712524606,True,False
4312,0.45746719777919537,0.49896881886344857,0.041501621084253204,True,False
4313,0.5863568072364512,0.6209601958499017,0.03460338861345047,True,False
4314,0.4992080026455026,0.6248626373626374,0.12565463471713478,True,False
4315,0.6508599556879608,0.6808339300200447,0.02997397433208382,True,False
4316,0.5801810035842294,0.5641726403823178,-0.01600836320191157,False,False
4317,0.5904920634920634,0.549156746031746,-0.04133531746031738,False,False
4318,0.7341174022577626,0.7428622739408594,0.008744871683096789,True,False
4319,0.6478922735760971,0.6159397092170201,-0.03195256435907701,False,False
4320,0.8978561122357175,0.9293140076754386,0.031457895439721106,True,False
4321,0.708205982905983,0.6685832685832686,-0.03962271432271447,False,False
4322,0.4115440872904076,0.35926661052159947,-0.05227747676880812,False,False
4323,0.48829650467072677,0.5291256121541345,0.04082910748340768,True,False
4324,0.8976923076923076,0.9107142857142857,0.013021978021978131,True,False
4325,0.2347984962406015,0.341687552213868,0.10688905597326648,True,False
4326,0.593878558818081,0.5765406643757159,-0.01733789444236511,False,False
4327,0.8261385840688166,0.8016316853915386,-0.024506898677277955,False,False
4328,0.6611280714513655,0.684701801879149,0.023573730427783435,True,False
4329,0.583269505181249,0.5387477083366095,-0.04452179684463953,False,False
4330,0.5463993055555556,0.6142857142857142,0.06788640873015861,True,False
4331,0.6736964285714286,0.7846153846153846,0.11091895604395596,True,False
4332,0.54525,0.5625,0.017249999999999988,True,False
4333,0.7594796719545427,0.7768589768641195,0.017379304909576843,True,False
4334,0.6089192955969068,0.682987065018315,0.07406776942140814,True,False
4335,0.4576417525947589,0.48086215112373376,0.02322039852897484,True,False
4336,0.7749226620649301,0.6492820695913479,-0.12564059247358217,False,False
4337,0.7525391027334135,0.7795098794943888,0.026970776760975257,True,False
4338,0.5306188888888889,0.4533333333333333,-0.07728555555555555,False,False
4339,0.59577773210083,0.6922094481605351,0.09643171605970513,True,False
4340,0.7451805555555556,0.8572222222222223,0.1120416666666667,True,False
4341,0.688790991902834,0.8862847222222222,0.19749373031938822,True,False
4342,0.7826904982970423,0.7431033309202084,-0.039587167376833876,False,False
4343,0.38247398684727685,0.36030939410727375,-0.022164592740003097,False,False
4344,0.6029102619937353,0.5975806404027507,-0.005329621590984601,False,False
4345,0.5236155320367852,0.5659065879329587,0.042291055896173435,True,False
4346,0.4626706579409845,0.4055203897585843,-0.05715026818240021,False,False
4347,0.5140826707999208,0.5667546180305386,0.052671947230617855,True,False
4348,0.6901505847953215,0.6819298245614035,-0.008220760233918045,False,False
4350,0.6829419813902572,0.6423704615945995,-0.04057151979565765,False,False
4351,0.7095274762544754,0.8239323334066523,0.11440485715217685,True,False
4352,0.51159709438412,0.5059394504102459,-0.005657643973874138,False,False
4353,0.6609615493096378,0.7114006967958857,0.05043914748624789,True,False
4354,0.6154805807992099,0.619459784331112,0.003979203531902176,True,False
4355,0.5723842592592593,0.5816358024691358,0.009251543209876534,True,False
4356,0.5599587835309606,0.5334968684964148,-0.02646191503454587,False,False
4357,0.8595011204481793,0.8836253693396551,0.024124248891475797,True,False
4358,0.5866250000000001,0.6976851851851852,0.11106018518518512,True,False
4359,0.42836777597402603,0.5055082070707071,0.07714043109668106,True,False
4360,0.12746988224124822,0.10876623376623376,-0.01870364847501446,False,False
4361,0.9047667720065167,0.8822434284635572,-0.022523343542959484,False,False
4362,0.40896370931328563,0.4713202653942933,0.06235655608100765,True,False
4363,0.8391812104736774,0.889063026712681,0.04988181623900356,True,False
4364,0.414929141136019,0.5231246605929109,0.10819551945689188,True,False
4365,0.36337847222222225,0.4583333333333333,0.09495486111111107,True,False
4366,0.49840662115662115,0.46269878269878273,-0.035707838457838426,False,False
4367,0.545941489939942,0.612610578848969,0.06666908890902701,True,False
4368,0.5538853862662846,0.6864653251903705,0.13257993892408593,True,False
4369,0.6687480158730159,0.7442129629629629,0.075464947089947,True,False
4370,0.7022856427856428,0.6504629629629629,-0.05182267982267985,False,False
4371,0.636255188403328,0.674895664735781,0.038640476332453044,True,False
4372,0.91985101010101,0.9349747474747474,0.0151237373737374,True,False
4373,0.74086583671073,0.7626378965586851,0.02177205984795505,True,False
4374,0.7530279881395228,0.7762775481160206,0.023249559976497802,True,False
4375,0.8191804199893545,0.8087363590270464,-0.0104440609623081,False,False
4376,0.800147964425458,0.8253486177079528,0.025200653282494767,True,False
4377,0.6666443261372632,0.7132604316138483,0.046616105476585123,True,False
4378,0.4171017802067374,0.418231961836613,0.001130181629875604,True,False
4379,0.34722534499114105,0.346333596409499,-0.0008917485816420379,False,False
4380,0.5935350335495684,0.6321044530225731,0.03856941947300474,True,False
4381,0.5563062073631713,0.6215448386242535,0.0652386312610822,True,False
4382,0.36489074479737127,0.4666666666666667,0.1017759218692954,True,False
4383,0.5908680555555555,0.6006944444444444,0.00982638888888887,True,False
4384,0.786381753584831,0.8144546668535187,0.02807291326868777,True,False
4385,0.3643755910755911,0.3350815850815851,-0.029294005994006,False,False
4386,0.5798077046800427,0.6094763585743095,0.02966865389426676,True,False
4387,0.4304961266759644,0.4536922236436859,0.023196096967721513,True,False
4388,0.6797359956716381,0.730029645655075,0.05029364998343688,True,False
4389,0.46722420634920636,0.4098360655737705,-0.05738814077543586,False,False
4390,0.36928847018246463,0.2945599292348518,-0.07472854094761283,False,False
4391,0.6450632507339403,0.5286796536796537,-0.11638359705428658,False,False
4392,0.6002291666666667,0.8,0.19977083333333334,True,False
4393,0.7877261904761904,0.9126984126984127,0.12497222222222226,True,False
4394,0.6591666666666667,0.68,0.02083333333333337,True,False
4395,0.4737083333333333,0.4930555555555555,0.019347222222222238,True,False
4396,0.5574386363636363,0.635,0.07756136363636368,True,False
4397,0.43634748595220296,0.34959082129706726,-0.0867566646551357,False,False
4398,0.7977777777777777,0.7627314814814814,-0.0350462962962963,False,False
4399,0.3790840347923681,0.45438311688311683,0.07529908209074876,True,False
4400,0.8822886904761904,0.880595238095238,-0.0016934523809524205,False,False
4401,0.6748477519739379,0.6562527478235753,-0.018595004150362526,False,False
4402,0.6496111111111111,0.5555555555555555,-0.09405555555555567,False,False
4403,0.7412300179797319,0.639100831789619,-0.10212918619011291,False,False
4404,0.4771727747329207,0.3766486383793023,-0.1005241363536184,False,False
4405,0.8590277777777777,0.8953042328042328,0.036276455026455046,True,False
4406,0.6549638756644707,0.7321513432189222,0.0771874675544515,True,False
4407,0.5483819635268686,0.5263476312017502,-0.022034332325118422,False,False
4408,0.649516822027915,0.7140524176861391,0.06453559565822409,True,False
4409,0.5155249157649833,0.5330863104126473,0.01756139464766404,True,False
4410,0.7355314153439153,0.7680555555555555,0.032524140211640185,True,False
4411,0.6361260843753045,0.7056110235015243,0.06948493912621978,True,False
4412,0.5129973697013928,0.5212465790914067,0.008249209390013945,True,False
4413,0.6900351851851851,0.8035714285714286,0.11353624338624346,True,False
4414,0.42870178622089894,0.37668634167793125,-0.05201544454296769,False,False
4415,0.603001689651564,0.6634330921545845,0.06043140250302048,True,False
4416,0.7920739413882204,0.8241261487760086,0.032052207387788245,True,False
4417,0.6667107858315289,0.6490771026645639,-0.01763368316696501,False,False
4418,0.7375352334317702,0.7356070945048813,-0.0019281389268889226,False,False
4419,0.5432777777777777,0.65,0.10672222222222227,True,False
4420,0.7826020299145299,0.8915846306471307,0.1089826007326008,True,False
4421,0.626682261208577,0.6228070175438596,-0.003875243664717365,False,False
4422,0.5097577364433817,0.49695548400348494,-0.0128022524398968,False,False
4423,0.8509292605542607,0.876284277065527,0.02535501651126637,True,False
4424,0.9178465811965811,0.9673611111111112,0.04951452991453009,True,False
4425,0.3872685163351054,0.39048576543372226,0.00321724909861687,True,False
4426,0.5991605339105339,0.5596590909090909,-0.03950144300144298,False,False
4427,0.4504761904761904,0.44246031746031744,-0.008015873015872976,False,False
4428,0.6370548433048433,0.6350902184235517,-0.0019646248812915657,False,False
4429,0.5907242063492064,0.5886904761904762,-0.002033730158730207,False,False
4430,0.26158401927987124,0.288034188034188,0.026450168754316772,True,False
4431,0.4730515873015873,0.5154761904761905,0.042424603174603226,True,False
4432,0.7800813656276021,0.8100297328119909,0.029948367184388758,True,False
4433,0.5961925979597098,0.5613245506535948,-0.034868047306115035,False,False
4434,0.6126074561403508,0.6508333333333333,0.03822587719298243,True,False
4435,0.6150575396825396,0.6062358276643991,-0.008821712018140526,False,False
4436,0.5519469541910332,0.45258420476478556,-0.09936274942624768,False,False
4437,0.41985213724057,0.5064058826157105,0.08655374537514049,True,False
4438,0.43706385426849137,0.5647689340229664,0.12770507975447498,True,False
4439,0.4687414021164021,0.4882936507936508,0.019552248677248696,True,False
4440,0.7311989420347264,0.5953495741731036,-0.13584936786162272,False,False
4441,0.36658829365079365,0.16865079365079366,-0.1979375,False,False
4442,0.5207862287833405,0.8240740740740741,0.3032878452907336,True,False
4443,0.400227619830827,0.3923611111111111,-0.007866508719715892,False,False
4444,0.5432888845755693,0.4690019697492523,-0.07428691482631705,False,False
4445,0.33383662583390844,0.3238013873204091,-0.010035238513499356,False,False
4446,0.4647229923611138,0.4531208890952739,-0.01160210326583988,False,False
4447,0.38122404547474353,0.39414253188712467,0.012918486412381136,True,False
4448,0.8654281201938209,0.855823187974901,-0.009604932218919893,False,False
4449,0.8044308253523438,0.8333722254728143,0.02894140012047053,True,False
4450,0.35967108829163846,0.2703753591954023,-0.08929572909623618,False,False
4451,0.3741828466062912,0.4406163776371972,0.06643353103090599,True,False
4452,0.6764649023871268,0.6912124134733336,0.014747511086206866,True,False
4453,0.251401424963925,0.30438988095238095,0.052988455988455974,True,False
4454,0.3259124118740208,0.23789682539682536,-0.08801558647719546,False,False
4455,0.6906872294372295,0.7259585652442795,0.03527133580705,True,False
4456,0.7101708955804544,0.6930257936507936,-0.01714510192966079,False,False
4457,0.8381555087069793,0.8455253896430367,0.007369880936057394,True,False
4458,0.4462073888315907,0.45744347419541254,0.011236085363821813,True,False
4459,0.6930063345761329,0.6566515945298901,-0.03635474004624284,False,False
4460,0.5716365164478995,0.5093756552723131,-0.06226086117558638,False,False
4461,0.8748744240508105,0.9282682912641695,0.053393867213359036,True,False
4462,0.3310378086419753,0.2604166666666667,-0.07062114197530861,False,False
4463,0.7312777777777778,0.8611111111111112,0.12983333333333336,True,False
4464,0.33640625,0.3125,-0.023906250000000018,False,False
4465,0.5014336484593838,0.6742424242424243,0.17280877578304055,True,False
4466,0.6707794638551983,0.6989297352937194,0.028150271438521113,True,False
4467,0.4545996776128355,0.5042004048582995,0.04960072724546405,True,False
4468,0.7913472212170355,0.7430122335290502,-0.048334987687985276,False,False
4469,0.5802199074074074,0.7234567901234569,0.1432368827160495,True,False
4470,0.7795092263950839,0.7877963614783866,0.008287135083302699,True,False
4471,0.5754579921712275,0.6055366682529313,0.03007867608170378,True,False
4472,0.5880581107271656,0.6477250450192754,0.059666934292109786,True,False
4473,0.47728563352833075,0.4790959462136171,0.0018103126852863638,True,False
4474,0.8384880952380952,0.9014406487232574,0.06295255348516215,True,False
4475,0.7499079697106014,0.7997300944669367,0.049822124756335295,True,False
4476,0.6436348710146826,0.40283968850698176,-0.24079518250770088,False,False
4477,0.4938120656482725,0.5303224413677,0.0365103757194275,True,False
4478,0.48415690707889114,0.4683828920464253,-0.015774015032465838,False,False
4479,0.7836372276162309,0.8302945861995413,0.04665735858331044,True,False
4480,0.42943113117625065,0.4467966654747973,0.017365534298546648,True,False
4481,0.5033004835772693,0.5244358265191599,0.021135342941890567,True,False
4482,0.7446397152209837,0.760950088520653,0.016310373299669334,True,False
4483,0.3393319035947712,0.30433298319327734,-0.03499892040149388,False,False
4484,0.876735375337526,0.9384858984383865,0.06175052310086049,True,False
4485,0.5361986710347013,0.5350070614964232,-0.0011916095382781267,False,False
4487,0.6654182231800766,0.6822158365261813,0.016797613346104745,True,False
4488,0.2740435286795021,0.2406724833808167,-0.0333710452986854,False,False
4489,0.7556222428824662,0.769889988601226,0.014267745718759883,True,False
4490,0.498743058475967,0.5183918978223436,0.019648839346376623,True,False
4491,0.7033527948577932,0.7514516178261901,0.04809882296839685,True,False
4492,0.7807380952380951,0.7083333333333333,-0.07240476190476186,False,False
4494,0.7437661404626447,0.777979797979798,0.03421365751715333,True,False
4495,0.8575644841269842,0.8819444444444444,0.02437996031746026,True,False
4496,0.6707384367079489,0.6386650650616033,-0.032073371646345605,False,False
4497,0.7385465785167367,0.710976514309335,-0.027570064207401712,False,False
4498,0.4027660253662747,0.5239411711673633,0.12117514580108857,True,False
4499,0.7627332688916022,0.7591042077580539,-0.003629061133548328,False,False
4500,0.34567550505050504,0.2828282828282828,-0.06284722222222222,False,False
4501,0.7660261583445793,0.6342472057856673,-0.13177895255891203,False,False
4502,0.7312043416435061,0.6354055051252718,-0.09579883651823429,False,False
4503,0.7618055555555556,0.7879166666666667,0.026111111111111085,True,False
4504,0.9097012987012987,0.9151515151515152,0.005450216450216483,True,False
4505,0.9160902691260152,0.9549183592869063,0.03882809016089106,True,False
4506,0.7287043097203295,0.7414309664680019,0.012726656747672371,True,False
4507,0.8478818769436464,0.8012302809215256,-0.04665159602212077,False,False
4508,0.46279969527047704,0.44859949403568455,-0.014200201234792487,False,False
4509,0.7413348454461628,0.7513447733981686,0.010009927952005837,True,False
4510,0.22010056798692837,0.23889565590579678,0.018795087918868414,True,False
4511,0.8488787276287276,0.8632328863098094,0.014354158681081808,True,False
4512,0.6517652477003831,0.7968170767610848,0.1450518290607017,True,False
4513,0.5104514472455649,0.5166466586634654,0.00619521141790047,True,False
4514,0.569456628399476,0.6549276367703001,0.08547100837082411,True,False
4515,0.9150021786492374,0.8768790849673203,-0.03812309368191713,False,False
4516,0.8954646464646464,0.9225308641975308,0.027066217732884423,True,False
4517,0.43975803012684617,0.421309029255131,-0.018449000871715193,False,False
4518,0.900818138651472,0.9395465337132004,0.03872839506172843,True,False
4519,0.5240853054353054,0.6642917267917268,0.14020642135642136,True,False
4520,0.6989351754742827,0.7809866608747933,0.08205148540051055,True,False
4521,0.5873877952929054,0.5967137065859426,0.00932591129303717,True,False
4522,0.5191608758499346,0.5291112042459374,0.009950328396002739,True,False
4523,0.6541224075223161,0.6412068329189845,-0.012915574603331592,False,False
4524,0.4254347237431842,0.398312836697154,-0.02712188704603019,False,False
4525,0.5600277777777778,0.6583333333333333,0.09830555555555553,True,False
4526,0.5764513110152412,0.670273044270756,0.0938217332555148,True,False
4527,0.5450833333333334,0.46924603174603174,-0.07583730158730162,False,False
4528,0.5018748106530062,0.5645593575776175,0.06268454692461134,True,False
4529,0.7187750250250251,0.75,0.031224974974974895,True,False
4530,0.6802000891265597,0.7043697478991596,0.02416965877259991,True,False
4531,0.5537683686931836,0.5913870800158834,0.03761871132269978,True,False
4532,0.8118832844811632,0.880189648080953,0.06830636359978981,True,False
4533,0.5880577801827802,0.7301587301587301,0.1421009499759499,True,False
4534,0.5842645945823588,0.5490417873230373,-0.035222807259321476,False,False
4535,0.8240386811149618,0.8229592439201778,-0.0010794371947839831,False,False
4536,0.7911190476190475,0.9302083333333333,0.1390892857142858,True,False
4537,0.813959595959596,0.791919191919192,-0.02204040404040397,False,False
4538,0.40955324074074073,0.6574074074074074,0.2478541666666667,True,False
4539,0.12126586886655556,0.2621611090603339,0.14089524019377836,True,False
4540,0.7462222222222222,0.7329545454545454,-0.013267676767676817,False,False
4541,0.27796959680937045,0.4078856206102234,0.12991602380085293,True,False
4542,0.524767871017871,0.4241345074678408,-0.10063336355003022,False,False
4543,0.5096820299313977,0.5327074113798806,0.023025381448482984,True,False
4544,0.6778018910913647,0.7051542207792207,0.02735232968785606,True,False
4545,0.6355486111111112,0.7087962962962964,0.07324768518518521,True,False
4546,0.75375182748538,0.7358349577647822,-0.017916869720597806,False,False
4547,0.27525992063492066,0.36011904761904756,0.0848591269841269,True,False
4549,0.4303416666666666,0.626984126984127,0.19664246031746035,True,False
4550,0.5745542929292929,0.5608901515151515,-0.013664141414141406,False,False
4551,0.6355514301589883,0.686092357255148,0.05054092709615976,True,False
4552,0.5378329174526024,0.5559785391558137,0.018145621703211323,True,False
4553,0.3241858164983165,0.5639998469543923,0.2398140304560758,True,False
4554,0.6504305555555555,0.6375,-0.012930555555555556,False,False
4555,0.5360981468878631,0.5977398675519591,0.06164172066409601,True,False
4556,0.5549398443046824,0.6548899301444105,0.0999500858397282,True,False
4557,0.6021683367859838,0.5891760410142762,-0.012992295771707574,False,False
4558,0.8570833333333333,1.0,0.1429166666666667,True,False
4559,0.7397228411566646,0.8203295206971677,0.08060667954050305,True,False
4560,0.49055769071072597,0.5480675886020944,0.0575098978913684,True,False
4561,0.6858013963150478,0.6636872337454108,-0.02211416256963694,False,False
4562,0.6362122870235836,0.6567577979701366,0.02054551094655299,True,False
4563,0.7760511363636364,0.7550505050505051,-0.021000631313131346,False,False
4564,0.5901031746031746,0.5685714285714286,-0.021531746031746013,False,False
4565,0.7270575396825397,0.7610969387755102,0.03403939909297049,True,False
4566,0.6133702465416854,0.6889061928853217,0.07553594634363636,True,False
4567,0.7872145033615623,0.6961701107534441,-0.09104439260811814,False,False
4568,0.4996659551348519,0.49567729448891423,-0.0039886606459376694,False,False
4569,0.6630135840054245,0.7731706081936497,0.11015702418822515,True,False
4570,0.37655555555555553,0.3353174603174603,-0.04123809523809524,False,False
4571,0.7601980666204804,0.7541857009529422,-0.006012365667538155,False,False
4572,0.7017568003833929,0.7753174515822283,0.07356065119883537,True,False
4573,0.6816620569730325,0.6442928724178725,-0.03736918455516003,False,False
4574,0.6062182539682539,0.6136002886002886,0.007382034632034684,True,False
4575,0.16950555555555552,0.17887759170653908,0.00937203615098356,True,False
4576,0.7516240601503759,0.9291666666666667,0.17754260651629084,True,False
4577,0.4516272457409126,0.4305343472974571,-0.02109289844345552,False,False
4578,0.703613732751956,0.7206594354532362,0.01704570270128014,True,False
4579,0.6894431745284738,0.6778551509175905,-0.011588023610883291,False,False
4580,0.6055999761209361,0.6979314943170365,0.09233151819610041,True,False
4581,0.6863769480519482,0.6916666666666668,0.005289718614718608,True,False
4582,0.8931922753172753,0.9200582750582751,0.02686599974099979,True,False
4583,0.6506547619047619,0.7291666666666667,0.07851190476190484,True,False
4584,0.9039847860994478,0.9107301080985292,0.0067453219990813995,True,False
4585,0.7041435942212441,0.6857702899343683,-0.01837330428687578,False,False
4586,0.8310699445089689,0.8958282007062496,0.0647582561972807,True,False
4587,0.2851666666666667,0.275,-0.010166666666666657,False,False
4588,0.7400498790841533,0.8665994623655914,0.12654958328143806,True,False
4589,0.9184458691683309,0.9262898943244945,0.007844025156163559,True,False
4590,0.7253468573253056,0.5989479565772668,-0.12639890074803872,False,False
4591,0.4841261802568835,0.4907809373340865,0.006654757077203033,True,False
4592,0.5745286134958396,0.5871062318728136,0.01257761837697402,True,False
4593,0.29348463405777747,0.38119680469478284,0.08771217063700537,True,False
4594,0.6941664926204401,0.8361557829759585,0.14198929035551844,True,False
4595,0.9588070448070448,0.9579873251748252,-0.0008197196322196065,False,False
4596,0.5529431907873472,0.5603447494292565,0.007401558641909278,True,False
4597,0.5125212418300653,0.561111111111111,0.048589869281045694,True,False
4598,0.6424705687830687,0.718927368927369,0.07645680014430023,True,False
4599,0.8019156692406691,0.8621399176954733,0.06022424845480412,True,False
4600,0.6036032031189522,0.5711606901951838,-0.03244251292376843,False,False
4601,0.49035303612134384,0.47103645866803767,-0.019316577453306172,False,False
4602,0.459805254930255,0.5554383116883117,0.09563305675805672,True,False
4603,0.6889129668224495,0.5776862026862026,-0.11122676413624688,False,False
4604,0.4913805916305916,0.487012987012987,-0.0043676046176046035,False,False
4605,0.4760523513554507,0.4806759787834496,0.004623627427998878,True,False
4606,0.4401807189142095,0.5276875561545373,0.08750683724032782,True,False
4607,0.7354930211478559,0.754464428273497,0.01897140712564116,True,False
4608,0.6200630205259361,0.7563020525936127,0.13623903206767662,True,False
4609,0.2852374930904311,0.28078879106633214,-0.004448702024098972,False,False
4610,0.4116744388473686,0.4389524791305398,0.027278040283171212,True,False
4611,0.4440081802989001,0.4489058457212784,0.0048976654223782945,True,False
4612,0.5866041666666666,0.6111111111111112,0.024506944444444567,True,False
4613,0.6737245532245533,0.7839172979797979,0.11019274475524465,True,False
4614,0.7662878787878787,0.751641414141414,-0.014646464646464685,False,False
4615,0.4967418490919998,0.5084607999174656,0.011718950825465813,True,False
4616,0.6975583964646465,0.6849221380471381,-0.012636258417508373,False,False
4617,0.36767817373364603,0.2756349206349206,-0.09204325309872541,False,False
4618,0.6419659020660258,0.6330855633863705,-0.00888033867965532,False,False
4619,0.5007832416739405,0.5592078981909491,0.058424656517008566,True,False
4620,0.6235391142545398,0.6411004221841988,0.017561307929659042,True,False
4621,0.6207368617773562,0.5641801767467794,-0.05655668503057676,False,False
4622,0.5281851851851852,0.625,0.0968148148148148,True,False
4623,0.7569722222222223,0.8583333333333334,0.10136111111111112,True,False
4624,0.671132554945055,0.7051010717677384,0.033968516822683426,True,False
4625,0.4424488369269619,0.5200052609427609,0.07755642401579899,True,False
4626,0.5011108291616272,0.5808569320760043,0.07974610291437711,True,False
4627,0.7165390889146986,0.6970348324514992,-0.01950425646319942,False,False
4628,0.479425925925926,0.4185185185185185,-0.060907407407407466,False,False
4629,0.5124705128205128,0.588003663003663,0.07553315018315021,True,False
4630,0.7774720209339775,0.7083333333333334,-0.06913868760064412,False,False
4631,0.5988216315067889,0.7463773174316941,0.1475556859249052,True,False
4632,0.6655595048226627,0.680642081393961,0.0150825765712983,True,False
4633,0.7456651079575187,0.7761767723618374,0.030511664404318628,True,False
4634,0.9537721937946719,0.9720734126984127,0.018301218903740812,True,False
4635,0.6265846081309717,0.6270279855946443,0.0004433774636726229,True,False
4637,0.6734195819138806,0.6635736218288911,-0.009845960084989502,False,False
4639,0.856709349593496,0.9240079365079366,0.06729858691444057,True,False
4640,0.3131754606108128,0.22866648258876998,-0.08450897802204282,False,False
4641,0.840812062937063,0.8388195138195138,-0.0019925491175492027,False,False
4642,0.6464932498057497,0.6377331002331003,-0.008760149572649478,False,False
4643,0.29462802012802014,0.24494725953059288,-0.049680760597427265,False,False
4644,0.5394178938507885,0.5511195286195286,0.011701634768740088,True,False
4645,0.7362656145368531,0.8340333723042113,0.09776775776735813,True,False
4646,0.39376178051865907,0.49411764705882355,0.10035586654016448,True,False
4647,0.45401468372483467,0.5419117448435851,0.0878970611187504,True,False
4648,0.615450002414759,0.5790281629893336,-0.03642183942542543,False,False
4649,0.9700980392156864,0.9846477052359406,0.014549666020254204,True,False
4650,0.33341472180576376,0.3526669671700097,0.019252245364245968,True,False
4651,0.4268672093606876,0.5043101825710521,0.07744297321036447,True,False
4652,0.8903064102564103,0.9294871794871795,0.039180769230769186,True,False
4653,0.472729381236869,0.4791952815115709,0.006465900274701952,True,False
4654,0.7349991388539776,0.7902017486694906,0.05520260981551295,True,False
4655,0.6144085884002752,0.5978688386917955,-0.016539749708479712,False,False
4656,0.8042641734839038,0.7877764896680289,-0.016487683815874843,False,False
4657,0.7101423611111111,0.795138888888889,0.08499652777777789,True,False
4658,0.3924542290740679,0.41020649445475554,0.017752265380687637,True,False
4659,0.7395630469409451,0.7797052536862986,0.040142206745353515,True,False
4660,0.8129477831196581,0.8375,0.024552216880341926,True,False
4661,0.851014626177612,0.8701036428060472,0.019089016628435207,True,False
4662,0.38060316788339477,0.3859496124031008,0.005346444519706006,True,False
4663,0.4926490136385267,0.5008486273093342,0.008199613670807515,True,False
4664,0.9111666666666666,0.9191176470588235,0.007950980392156914,True,False
4665,0.8873248663101605,0.8959911616161615,0.008666295306001048,True,False
4666,0.5413664495748207,0.5123787580645317,-0.028987691510289015,False,False
4667,0.7228612479474548,0.631547619047619,-0.09131362889983574,False,False
4668,0.7534166666666667,0.8541335978835978,0.10071693121693104,True,False
4669,0.601012962962963,0.55,-0.05101296296296298,False,False
4670,0.5000837089641438,0.490715403758882,-0.009368305205261773,False,False
4671,0.6583783818520661,0.7662311162396053,0.10785273438753917,True,False
4672,0.4787962962962963,0.7708333333333333,0.292037037037037,True,False
4673,0.60643513259896,0.6651708531831197,0.05873572058415977,True,False
4674,0.7353833979328165,0.8982637240942888,0.1628803261614723,True,False
4675,0.6403426885501429,0.6739101666359152,0.03356747808577232,True,False
4676,0.5139738247863248,0.5,-0.013973824786324807,False,False
4677,0.8908926661573721,0.8390883626177743,-0.05180430353959775,False,False
4678,0.5987311999547295,0.5267337038982259,-0.07199749605650352,False,False
4679,0.4036029078297986,0.49431476294221394,0.09071185511241536,True,False
4680,0.6102817815095317,0.6526219272323267,0.042340145722794986,True,False
4681,0.6152202559046195,0.6209471379784517,0.005726882073832207,True,False
4682,0.5699131197794391,0.5960465191524243,0.0261333993729852,True,False
4683,0.4053499937683783,0.3085290687989339,-0.09682092496944444,False,False
4684,0.6018086883876357,0.5856482382426654,-0.01616045014497025,False,False
4685,0.3935952746247078,0.3828097629115071,-0.01078551171320069,False,False
4686,0.8960641025641025,0.9115081759199407,0.015444073355838195,True,False
4687,0.7871544096239748,0.7643703091071512,-0.022784100516823558,False,False
4688,0.6611243121414354,0.6577986981097711,-0.0033256140316643146,False,False
4689,0.7297259539659424,0.748940361168622,0.01921440720267953,True,False
4690,0.5063227003693105,0.5926557239057239,0.08633302353641337,True,False
4691,0.43991818609022554,0.4151965338917093,-0.024721652198516242,False,False
4692,0.3497375356125356,0.6999999999999998,0.3502624643874642,True,False
4693,0.6844348829275301,0.8823084789471344,0.1978735960196043,True,False
4694,0.8472656232656233,0.8869658119658119,0.039700188700188654,True,False
4695,0.46830555555555553,0.25,-0.21830555555555553,False,False
4696,0.8374603174603175,0.8888888888888888,0.05142857142857138,True,False
4697,0.8756421322245818,0.8494176212615722,-0.026224510963009595,False,False
4698,0.8582132682132682,0.8992673992673992,0.04105413105413103,True,False
4699,0.3479721530716677,0.3630327663675068,0.015060613295839131,True,False
4700,0.5919461804115702,0.6268613192526236,0.03491513884105335,True,False
4701,0.9238809523809524,0.8843290043290043,-0.03955194805194806,False,False
4702,0.6447968426501035,0.8019701086956522,0.1571732660455487,True,False
4703,0.7775529100529099,0.7896825396825397,0.012129629629629712,True,False
4704,0.11916596278532926,0.1182359960031623,-0.0009299667821669605,False,False
4705,0.7908481919516767,0.7964649463683479,0.005616754416671199,True,False
4706,0.4420266560093378,0.453919601543715,0.011892945534377197,True,False
4707,0.5559184210526316,0.6561403508771929,0.10022192982456135,True,False
4708,0.7777793322091319,0.7428557828957796,-0.03492354931335229,False,False
4709,0.6392341540993501,0.5588082034160465,-0.0804259506833036,False,False
4710,0.7021793650793652,0.7598412698412698,0.05766190476190458,True,False
4711,0.538285009283596,0.6520887319673991,0.11380372268380312,True,False
4712,0.3990154214559387,0.3416666666666667,-0.05734875478927204,False,False
4713,0.6076959401709402,0.6376150460184073,0.029919105847467153,True,False
4714,0.5886594860166289,0.7146748093176665,0.1260153233010376,True,False
4715,0.7044484432615712,0.653958054763197,-0.05049038849837417,False,False
4716,0.8082390873015873,0.7848214285714286,-0.023417658730158775,False,False
4717,0.7405071330868206,0.7534206743777057,0.012913541290885067,True,False
4718,0.8887214609909657,0.9177240672983707,0.029002606307405032,True,False
4719,0.9168416666666667,0.9137103174603175,-0.0031313492063491655,False,False
4720,0.8791299871299871,0.8848455598455598,0.005715572715572659,True,False
4721,0.7301825951825951,0.8082835967451352,0.07810100156254007,True,False
4722,0.7666666666666667,0.8333333333333334,0.06666666666666665,True,False
4723,0.8125636169386169,0.7731481481481483,-0.039415468790468644,False,False
4724,0.8840149572649573,0.9423076923076923,0.05829273504273502,True,False
4725,0.20578500050544857,0.224699431849081,0.018914431343632437,True,False
4726,0.642869546582782,0.6432109049296549,0.0003413583468729886,True,False
4727,0.7077528730347358,0.7087435984494809,0.0009907254147450972,True,False
4728,0.5030996142689468,0.48850992886732464,-0.014589685401622143,False,False
4729,0.6684368673507562,0.7217947998503554,0.05335793249959919,True,False
4730,0.6397587301587301,0.725,0.0852412698412699,True,False
4731,0.7521567460317461,0.7685912698412698,0.016434523809523705,True,False
4732,0.6790742959566792,0.6820490355798046,0.002974739623125333,True,False
4733,0.6974275990631412,0.7345437163145497,0.03711611725140851,True,False
4734,0.7577002729087434,0.805111934848777,0.047411661940033545,True,False
4735,0.8394098124098125,0.8471282859440754,0.007718473534262915,True,False
4736,0.5054187109583633,0.6121122550449037,0.10669354408654041,True,False
4737,0.8256886606727906,0.8757480003949838,0.05005933972219323,True,False
4738,0.5324839251148462,0.5411007607158923,0.008616835601046091,True,False
4739,0.6570852478352478,0.7274059819514366,0.07032073411618878,True,False
4740,0.6570267417767418,0.6966624938847161,0.03963575210797432,True,False
4741,0.8065721288515405,0.786391223155929,-0.020180905695611484,False,False
4742,0.48233781553866417,0.5025685739939597,0.02023075845529554,True,False
4743,0.7062878787878788,0.8037878787878789,0.09750000000000014,True,False
4744,0.6651903235653236,0.7486846486846488,0.0834943251193252,True,False
4745,0.6552839058570765,0.6586300586300586,0.003346152772982114,True,False
4746,0.5741347599768652,0.4848201566951567,-0.08931460328170854,False,False
4747,0.5082645721033067,0.44369243518345686,-0.06457213691984981,False,False
4748,0.8106350069319861,0.8043700684837438,-0.006264938448242274,False,False
4749,0.5377861111111111,0.5833333333333334,0.045547222222222294,True,False
4750,0.7868257755302202,0.7240786561448169,-0.06274711938540323,False,False
4751,0.7189751190838147,0.8024475524475525,0.08347243336373777,True,False
4752,0.8663788377192982,0.8583333333333334,-0.008045504385964852,False,False
4753,0.5928187179906287,0.6951968916857361,0.10237817369510738,True,False
4754,0.6739354662810308,0.6971299139501904,0.023194447669159568,True,False
4755,1.0,1.0,0.0,False,True
4756,0.5536904761904762,0.5910714285714285,0.03738095238095229,True,False
4757,0.8225415001665002,0.8196147602397602,-0.002926739926739974,False,False
4758,0.6979289215686275,0.6372549019607843,-0.060674019607843244,False,False
4759,0.7312543116605617,0.7476851851851852,0.01643087352462358,True,False
4760,0.6566364893276657,0.6472704250482029,-0.009366064279462849,False,False
4761,0.4194448924731183,0.515625,0.09618010752688172,True,False
4762,0.8250528188286809,0.838943833943834,0.013891015115153116,True,False
4763,0.7372543537617067,0.7240678847296494,-0.013186469032057224,False,False
4764,0.7763510101010102,0.7825396825396825,0.006188672438672382,True,False
4765,0.8361777357877125,0.8621828520852806,0.026005116297568076,True,False
4766,0.5682902554961379,0.8529411764705883,0.28465092097445044,True,False
4767,0.5744051909051909,0.886005291005291,0.3116001001001001,True,False
4768,0.8383145429426055,0.865015166028097,0.02670062308549148,True,False
4769,0.5067871835766572,0.5154289350999878,0.008641751523330576,True,False
4770,0.584590583028083,0.5726190476190476,-0.011971535409035394,False,False
4771,0.6446985789953038,0.7037883239314477,0.05908974493614394,True,False
4772,0.8190293990853202,0.8540947499925828,0.035065350907262594,True,False
4773,0.8199376278415691,0.7967845339998549,-0.023153093841714156,False,False
4774,0.8567528048309311,0.8424814897257136,-0.014271315105217508,False,False
4776,0.8300078703703704,0.7192708333333333,-0.11073703703703708,False,False
4777,0.8675767720306513,0.8331018518518519,-0.034474920178799384,False,False
4778,0.6796695755225167,0.8302224736048265,0.15055289808230976,True,False
4779,0.8703447575381555,0.9031108013026273,0.032766043764471786,True,False
4780,0.8455250743564051,0.8810252966884065,0.03550022233200134,True,False
4781,0.706600233426704,0.7691964285714286,0.06259619514472459,True,False
4782,0.6136362823909726,0.5615696438064859,-0.05206663858448668,False,False
4783,0.5725192099567099,0.621548202614379,0.049028992657669135,True,False
4784,0.7475896043169961,0.743474948800253,-0.00411465551674306,False,False
4785,0.8311054536905447,0.8201678451088491,-0.010937608581695568,False,False
4786,0.7487130951666124,0.7486529051334757,-6.01900331367311e-05,False,False
4787,0.34354999999999997,0.309375,-0.034174999999999955,False,False
4788,0.541015490577216,0.4727051668493485,-0.0683103237278675,False,False
4789,0.5230327517806638,0.5386386310488692,0.015605879268205447,True,False
4790,0.5071563485440092,0.5265165098057368,0.019360161261727682,True,False
4791,0.3740781283238265,0.39960575439745744,0.02552762607363096,True,False
4792,0.6065731481481482,0.6057098765432098,-0.000863271604938376,False,False
4793,0.4864174775107506,0.47429712256062784,-0.012120354950122758,False,False
4794,0.8122602212602213,0.8021100359335653,-0.010150185326656014,False,False
4795,0.8178361053600183,0.8627645502645502,0.04492844490453196,True,False
4796,0.6213430789988365,0.609384180274935,-0.011958898723901434,False,False
4797,0.8156386452241715,0.7562134502923977,-0.059425194931773784,False,False
4798,0.4986495600160074,0.5015848460749777,0.0029352860589702545,True,False
4799,0.6701909722222221,0.5314440993788819,-0.1387468728433402,False,False
4800,0.5040859723688751,0.5016709793323191,-0.0024149930365560124,False,False
4801,0.9700594491922331,0.9723425085095234,0.002283059317290337,True,False
4802,0.7823384401652828,0.7826245801706071,0.00028614000532434236,True,False
4803,0.5556248084291188,0.6666666666666666,0.11104185823754786,True,False
4804,0.0885689618189618,0.09523809523809523,0.00666913341913343,True,False
4805,0.6035714285714285,0.6220238095238095,0.018452380952380998,True,False
4806,0.7913408379678064,0.8348050261285556,0.04346418816074915,True,False
4807,0.7097326260471405,0.7330835621559604,0.023350936108819886,True,False
4808,0.3018076870086903,0.36340624531414,0.06159855830544969,True,False
4809,0.7913047611884434,0.7794931997365611,-0.011811561451882335,False,False
4810,0.4868571103858499,0.4496923518817334,-0.03716475850411649,False,False
4811,0.7155947836205189,0.7437657386186798,0.028170954998160913,True,False
4812,0.5302384208521851,0.5093837727195285,-0.020854648132656584,False,False
4813,0.7546540942743495,0.754951166673864,0.0002970723995144864,True,False
4814,0.5306269072102405,0.5960703560703561,0.06544344886011555,True,False
4815,0.8767539127467656,0.8961291827166251,0.0193752699698595,True,False
4816,0.8238797745586429,0.8324068434187006,0.008527068860057718,True,False
4817,0.9063884276555509,0.8636363636363636,-0.0427520640191873,False,False
4818,0.5839812013694367,0.6387098498209609,0.05472864845152425,True,False
4819,0.6239375477972602,0.6770839713877259,0.05314642359046573,True,False
4820,0.563484126984127,0.4492857142857143,-0.11419841269841269,False,False
4821,0.5063141621247448,0.6153422098946137,0.10902804776986896,True,False
4822,0.45351430976430973,0.48316498316498313,0.0296506734006734,True,False
4823,0.42062877719850233,0.43804617736087204,0.0174174001623697,True,False
4824,0.7035785017747535,0.6922102998794815,-0.01136820189527199,False,False
4825,0.74385116533793,0.591704598506069,-0.152146566831861,False,False
4826,0.7309608753263644,0.7175472347269708,-0.01341364059939365,False,False
4827,0.3456703216374269,0.5743253968253967,0.22865507518796985,True,False
4828,0.5142062692528118,0.561790780141844,0.04758451088903226,True,False
4829,0.7245959875443023,0.7065378859762258,-0.018058101568076523,False,False
4830,0.5341551440761968,0.43026512340237827,-0.10389002067381853,False,False
4831,0.7488296055171658,0.7281713863516127,-0.020658219165553104,False,False
4832,0.7457987166497805,0.7500555397247551,0.004256823074974658,True,False
4833,0.8248547291828543,0.8332298054954306,0.00837507631257628,True,False
4834,0.5963069818038859,0.6442526379625224,0.04794565615863655,True,False
4835,0.5976442735505235,0.47757994320494324,-0.12006433034558028,False,False
4836,0.5660508935508936,0.5995516388373531,0.03350074528645952,True,False
4837,0.5220076945520367,0.5140285714285715,-0.00797912312346516,False,False
4838,0.6616094133182419,0.5986842105263158,-0.06292520279192604,False,False
4840,0.683593314093314,0.6763468013468014,-0.007246512746512668,False,False
4841,0.6952626262626262,0.7292087542087542,0.033946127946127946,True,False
4842,0.7542945526695526,0.7251332001332002,-0.029161352536352436,False,False
4843,0.8396580509244125,0.8576106459330144,0.017952595008601913,True,False
4844,0.6836694271911664,0.6615873015873015,-0.02208212560386491,False,False
4845,0.636398822697574,0.6940103041268201,0.0576114814292461,True,False
4846,0.49572222222222223,0.5291666666666667,0.03344444444444444,True,False
4847,0.7497443866308282,0.7167589848987637,-0.032985401732064545,False,False
4848,0.6000940100964041,0.6741143767819555,0.07402036668555145,True,False
4849,0.8236685863319687,0.7671477052359406,-0.05652088109602815,False,False
4850,0.7894468162744025,0.7894875478927202,4.073161831774641e-05,True,False
4851,0.5008552631578947,0.6875,0.18664473684210525,True,False
4852,0.573068605006105,0.5916477298421743,0.018579124836069272,True,False
4853,0.8449049175225646,0.8425711951447246,-0.0023337223778400196,False,False
4854,0.7945986155600496,0.7904228918370432,-0.0041757237230064526,False,False
4855,0.3755476794366027,0.3712732592915919,-0.004274420145010838,False,False
4856,0.5956842532467532,0.631468253968254,0.035784000721500786,True,False
4857,0.3941258597883598,0.423869992441421,0.029744132653061195,True,False
4858,0.7260775437525437,0.823137491163807,0.09705994741126323,True,False
4859,0.9270895051353876,0.9211814725890356,-0.005908032546351971,False,False
4860,0.7949177805625175,0.8254142300194932,0.030496449456975716,True,False
4861,0.6782436530045812,0.7006799306672632,0.02243627766268197,True,False
4862,0.3582457291733608,0.44164404065719853,0.08339831148383775,True,False
4863,0.8019583333333334,0.62,-0.18195833333333344,False,False
4864,0.8930571095571096,0.7167346542346542,-0.17632245532245538,False,False
4865,0.4696357549736574,0.5189395485327326,0.049303793559075215,True,False
4866,0.803008912505623,0.7328457361352098,-0.07016317637041325,False,False
4867,0.6849490726065288,0.6798297489228806,-0.0051193236836482026,False,False
4868,0.6394460488093467,0.6327438470217726,-0.006702201787574191,False,False
4869,0.53624838295346,0.5191879930685743,-0.017060389884885674,False,False
4870,0.7706023206684129,0.7866504650201698,0.016048144351756832,True,False
4871,0.8386909722222222,0.7946428571428572,-0.04404811507936501,False,False
4872,0.6107532196969697,0.64,0.029246780303030295,True,False
4873,0.5843231601731602,0.6202020202020202,0.03587886002885998,True,False
4874,0.8247361111111111,0.883994708994709,0.059258597883597885,True,False
4875,0.6121053979511426,0.7007007767646065,0.08859537881346391,True,False
4876,0.8679275793650794,0.9523809523809523,0.08445337301587297,True,False
4877,0.5696345314042682,0.7725164552796131,0.20288192387534487,True,False
4878,0.44690864966676325,0.4972906403940887,0.050381990727325465,True,False
4879,0.5036587175722425,0.5338399182818203,0.03018120070957786,True,False
4880,0.4964166666666667,0.53125,0.03483333333333333,True,False
4881,0.7955024509803921,0.7916666666666666,-0.0038357843137254433,False,False
4882,0.7576492701552301,0.7232147359899377,-0.03443453416529241,False,False
4883,0.3562392191142191,0.2938701923076923,-0.062369026806526784,False,False
4884,0.6410132279773992,0.6167091896588948,-0.024304038318504473,False,False
4885,0.8709996392496393,0.8975468975468975,0.026547258297258236,True,False
4886,0.7355368432566688,0.8587794886437781,0.12324264538710927,True,False
4887,0.4946511185801519,0.4999549712865007,0.005303852706348755,True,False
4888,0.777178936882276,0.8642322502608006,0.08705331337852462,True,False
4889,0.9079137055174218,0.9097473664290526,0.001833660911630841,True,False
4890,0.5014030230704551,0.598984832500931,0.0975818094304759,True,False
4891,0.5818665648077412,0.5991957389016213,0.017329174093880018,True,False
4892,0.5000018122643515,0.46559381317118975,-0.03440799909316172,False,False
4893,0.6831604966017415,0.7589456695953575,0.07578517299361598,True,False
4894,0.6000613620448179,0.6975288448712819,0.097467482826464,True,False
4895,0.6823465608465608,0.673859126984127,-0.00848743386243378,False,False
4896,0.5841211805555555,0.7471064814814815,0.162985300925926,True,False
4897,0.535503730197721,0.5219990603625526,-0.013504669835168404,False,False
4898,0.8607115398277483,0.8363293481326511,-0.024382191695097144,False,False
4899,0.6424389236322822,0.6240976515713897,-0.018341272060892422,False,False
4900,0.7357407407407408,0.8148148148148149,0.07907407407407407,True,False
4901,0.7173382105504374,0.7158221405190125,-0.0015160700314249542,False,False
4902,0.5642175470605197,0.5778612304617448,0.013643683401225015,True,False
4903,0.759630280114151,0.756336405529954,-0.003293874584197054,False,False
4904,0.9381849992362994,0.943254036970164,0.005069037733864579,True,False
4905,0.43827356902356907,0.4992186748436748,0.06094510582010576,True,False
4906,0.7102793798637471,0.6343980978662086,-0.07588128199753852,False,False
4907,0.5194963709040459,0.5621792503380519,0.04268287943400606,True,False
4908,0.6801610091297592,0.6649886355565026,-0.015172373573256626,False,False
4909,0.6470529515893192,0.6213382194653971,-0.025714732123922057,False,False
4910,0.5249935897435898,0.5822649572649572,0.05727136752136741,True,False
4911,0.49318595679012345,0.548125,0.054939043209876526,True,False
4912,0.7977173573975044,0.6278409090909092,-0.1698764483065952,False,False
4913,0.4325214646464646,0.6017316017316017,0.16921013708513705,True,False
4914,0.7599537909583641,0.7860969387755102,0.026143147817146106,True,False
4915,0.6743838038819499,0.5622723174677188,-0.11211148641423108,False,False
4916,0.2104688725419589,0.24818511796733211,0.03771624542537322,True,False
4917,0.6293631250218129,0.6594454951405306,0.030082370118717727,True,False
4918,0.5175958022515755,0.5256284256966013,0.008032623445025755,True,False
4919,0.8327021300857507,0.8722134038800705,0.039511273794319846,True,False
4920,0.5655352965747703,0.5938979392926762,0.028362642717905895,True,False
4921,0.8710503072652978,0.8053274956121256,-0.06572281165317218,False,False
4922,0.6500289329406976,0.7349787383724036,0.08494980543170594,True,False
4923,0.4703777167277168,0.4710927960927961,0.0007150793650793075,True,False
4924,0.5850339285714286,0.5680505952380952,-0.01698333333333335,False,False
4925,0.8888888888888888,0.943228582117471,0.05433969322858212,True,False
4926,0.35637500000000005,0.5,0.14362499999999995,True,False
4927,0.7819328629703629,0.7948799175361675,0.012947054565804583,True,False
4928,0.5141425525687913,0.49922119714742574,-0.014921355421365523,False,False
4929,0.9112916666666666,0.8703703703703703,-0.04092129629629626,False,False
4930,0.6743997237624084,0.7144431853543343,0.040043461591925844,True,False
4931,0.7505746005202526,0.6590523194599281,-0.09152228106032445,False,False
4932,0.6890788913058037,0.685589812309741,-0.0034890789960626556,False,False
4933,0.6007783084133379,0.6187082046741362,0.017929896260798328,True,False
4934,0.5153400969945088,0.5272331154684096,0.011893018473900785,True,False
4935,0.5448781937017231,0.6990493166963755,0.1541711229946524,True,False
4936,0.6562847222222221,0.7604166666666666,0.10413194444444451,True,False
4937,0.7745000134578051,0.8348975083681329,0.060397494910327865,True,False
4938,0.5996160030103996,0.7334085933223864,0.13379259031198676,True,False
4939,0.6915437410289329,0.6751611796982168,-0.01638256133071614,False,False
4940,0.7195915598278952,0.7006314195791175,-0.01896014024877779,False,False
4941,0.5509691358024691,0.547037037037037,-0.003932098765432102,False,False
4942,0.6421493519912089,0.6288119388882958,-0.013337413102913143,False,False
4943,0.5415179924242424,0.5368409090909091,-0.004677083333333276,False,False
4944,0.5686013071895425,0.7833333333333334,0.21473202614379094,True,False
4945,0.651871585942238,0.6271974262988755,-0.024674159643362503,False,False
4946,0.6453810529982057,0.5694161149475273,-0.07596493805067839,False,False
4947,0.8219304603420317,0.9162292873230373,0.09429882698100567,True,False
4948,0.4129161358631959,0.4436859368848795,0.030769801021683585,True,False
4949,0.7752300653594771,0.8867647058823529,0.11153464052287576,True,False
4950,0.6502426058624515,0.6574323631193201,0.007189757256868545,True,False
4951,0.5951238023066087,0.5836630413636572,-0.011460760942951453,False,False
4952,0.6539134241690957,0.7055031452717477,0.05158972110265203,True,False
4953,0.7688457445148866,0.7766725287024393,0.007826784187552671,True,False
4954,0.3756789029397394,0.4378068993282332,0.06212799638849381,True,False
4955,0.7319545454545455,0.8356376262626263,0.10368308080808075,True,False
4956,0.6320814486177899,0.6150493693967095,-0.01703207922108041,False,False
4957,0.4366755872864579,0.533133849073128,0.09645826178667011,True,False
4958,0.5593804228847113,0.5838211493376945,0.02444072645298312,True,False
4959,0.8604164624183006,0.8659251708161897,0.005508708397889084,True,False
4960,0.8334051820728291,0.8391736694677872,0.005768487394958055,True,False
4961,0.3220047937102859,0.5342753024819314,0.21227050877164555,True,False
4962,0.6754463152782847,0.7684490837513935,0.09300276847310884,True,False
4963,0.5181178867428867,0.5861150245765631,0.06799713783367634,True,False
4964,0.6026842739434762,0.5595706441139916,-0.043113629829484634,False,False
4965,0.3281641173361842,0.33415083913371246,0.005986721797528238,True,False
4966,0.6678373080651718,0.7046085858585859,0.03677127779341405,True,False
4967,0.6407191700095156,0.6628256840016709,0.02210651399215524,True,False
4968,0.772873593073593,0.9779040404040403,0.20503044733044729,True,False
4969,0.37514492753623185,0.5461538461538462,0.17100891861761436,True,False
4971,0.8880808080808081,0.8121212121212121,-0.075959595959596,False,False
4972,0.6151328427101996,0.5978700638764719,-0.017262778833727732,False,False
4973,0.5583113553113553,0.5406247819947511,-0.01768657331660428,False,False
4974,0.27360028860028857,0.5181818181818182,0.24458152958152962,True,False
4975,0.7455556451102504,0.7006168780311167,-0.04493876707913369,False,False
4976,0.625438167126754,0.5280059044551798,-0.09743226267157423,False,False
4977,0.5499133543909002,0.511401344135898,-0.03851201025500217,False,False
4978,0.5691251628488471,0.638791784735181,0.06966662188633388,True,False
4979,0.4729231222829031,0.5074767122653477,0.03455358998244462,True,False
4980,0.5860853876398159,0.5602585644618832,-0.025826823177932723,False,False
4981,0.8503166301973475,0.8291001021756398,-0.021216528021707703,False,False
4982,0.8435007734124114,0.8318778409603533,-0.011622932452058032,False,False
4983,0.7112092236024499,0.695604215888545,-0.015605007713904828,False,False
4984,0.461372552523634,0.45417870108302844,-0.007193851440605581,False,False
4985,0.6921840522990201,0.6001573411097479,-0.09202671118927219,False,False
4986,0.9660112433862434,0.9202861952861952,-0.04572504810004829,False,False
4987,0.48447274701847876,0.5426342362317972,0.05816148921331843,True,False
4988,0.7410833333333333,0.8583333333333334,0.11725000000000008,True,False
4989,0.6812143682819912,0.6795604668555488,-0.0016539014264423946,False,False
4990,0.7916782106782106,0.8319624819624819,0.040284271284271256,True,False
4991,0.6242291666666666,0.6666666666666666,0.04243750000000002,True,False
4992,0.5996805555555556,0.49322916666666666,-0.10645138888888889,False,False
4993,0.7209356902955587,0.8485852217348928,0.1276495314393341,True,False
4994,0.8602595567060163,0.8306042626924466,-0.0296552940135697,False,False
4995,0.3582091501368707,0.37376517338980825,0.015556023252937534,True,False
4996,0.6803502886002886,0.6866402116402117,0.006289923039923151,True,False
4997,0.57014997536339,0.4563008130081301,-0.11384916235525988,False,False
4998,0.7940839793281654,0.7576923076923077,-0.03639167163585777,False,False
4999,0.7512193732193733,0.6910185185185185,-0.06020085470085479,False,False
5000,0.8813876905032629,0.9051940481954006,0.02380635769213768,True,False
5001,0.7090365698296245,0.7138839647129107,0.004847394883286227,True,False
5002,0.493436204657555,0.5381704654669587,0.04473426080940368,True,False
5003,0.8570833333333333,0.9130036630036631,0.05592032967032978,True,False
5004,0.5390188492063492,0.5530133928571428,0.013994543650793556,True,False
5005,0.4968357534854702,0.5512605388982306,0.05442478541276036,True,False
5006,0.855578373015873,0.877744708994709,0.022166335978835994,True,False
5007,0.921494708994709,0.9746031746031747,0.053108465608465716,True,False
5008,0.8720175329225528,0.8356893226335854,-0.03632821028896738,False,False
5009,0.7948730158730158,0.7784271284271285,-0.016445887445887375,False,False
5010,0.8314577149739751,0.7608024691358024,-0.07065524583817273,False,False
5011,0.825314033479571,0.8206446454948991,-0.004669387984671869,False,False
5012,0.3577272727272727,0.48863636363636365,0.13090909090909092,True,False
5013,0.6258839285714286,0.7701388888888889,0.14425496031746032,True,False
5014,0.48455112685949436,0.39544212084254265,-0.08910900601695171,False,False
5015,0.7590385336906796,0.7535792093248209,-0.00545932436585872,False,False
5016,0.3182155388471178,0.41250000000000003,0.09428446115288225,True,False
5017,0.8843144288507192,0.8194451717637201,-0.06486925708699909,False,False
5018,0.8794925750551766,0.8865410474800719,0.007048472424895258,True,False
5019,0.5137390215099535,0.5540067625283935,0.040267741018439995,True,False
5020,0.5416828869461928,0.7216358024691358,0.179952915522943,True,False
5021,0.48861622963656437,0.5660386994530429,0.07742246981647849,True,False
5022,0.811042790055948,0.9354805363577293,0.12443774630178128,True,False
5023,0.5188182174927216,0.4778645865024602,-0.04095363099026139,False,False
5024,0.668970797303789,0.7083333333333334,0.039362536029544315,True,False
5025,0.8284801497004165,0.8563682918911855,0.02788814219076896,True,False
5026,0.4051743122985674,0.3825243126392719,-0.022649999659295483,False,False
5027,0.6031666666666667,0.4666666666666666,-0.13650000000000012,False,False
5028,0.4837281144781145,0.3111111111111111,-0.17261700336700336,False,False
5029,0.6136236306433878,0.5593975580448853,-0.05422607259850243,False,False
5030,0.7430575757575758,0.5993939393939394,-0.14366363636363644,False,False
5031,0.9522068452380953,0.9458956916099773,-0.00631115362811796,False,False
5032,0.5834017673834747,0.6587253487253488,0.07532358134187411,True,False
5033,0.7873545100124048,0.7605381298363755,-0.026816380176029275,False,False
5034,0.7475222933508537,0.7548899102691673,0.007367616918313558,True,False
5035,0.6299706848349094,0.6904911304723953,0.06052044563748593,True,False
5036,0.36498806894859526,0.3193972693972694,-0.045590799551325834,False,False
5037,0.8711044089311711,0.8391381628066933,-0.03196624612447785,False,False
5038,0.5793209476178542,0.5975591377549435,0.018238190137089272,True,False
5039,0.12616733158990415,0.14545199836587544,0.019284666775971293,True,False
5040,0.7541203800828801,0.8366050588844707,0.0824846788015906,True,False
5041,0.7837023059523059,0.7929097319722319,0.009207426019925968,True,False
5042,0.591350527580767,0.6453405446214552,0.053990017040688176,True,False
5043,0.9169243697478991,0.9372549019607843,0.020330532212885166,True,False
5044,0.6926385921228624,0.7877698575842702,0.09513126546140782,True,False
5045,0.39357870370370374,0.4583333333333333,0.06475462962962958,True,False
5046,0.6306363442262601,0.6447430547792811,0.01410671055302093,True,False
5047,0.5509852094299119,0.5941722348894152,0.04318702545950326,True,False
5048,0.8139532535282891,0.8324323035850496,0.018479050056760538,True,False
5049,0.8638501841095335,0.8531968184758394,-0.010653365633694123,False,False
5050,0.7982700593664843,0.8327482802159526,0.03447822084946828,True,False
5051,0.49670588235294116,0.48970588235294116,-0.007000000000000006,False,False
5052,0.5923194444444444,0.7541666666666667,0.16184722222222225,True,False
5053,0.593524333147564,0.5994173655164368,0.00589303236887273,True,False
5054,0.3957522879966047,0.40502743425143034,0.009275146254825617,True,False
5055,0.6317773448773449,0.805074555074555,0.17329721019721012,True,False
5056,0.9331673188296172,0.9716423318397002,0.03847501301008294,True,False
5057,0.43309317549995513,0.5444578961528114,0.11136472065285624,True,False
5058,0.7983616205491205,0.9947916666666667,0.19643004611754622,True,False
5059,0.6698734116773033,0.6647296023638494,-0.005143809313453929,False,False
5060,0.6074888768638769,0.6626877751877752,0.05519889832389835,True,False
5061,0.5767265041610437,0.6260859437833122,0.04935943962226852,True,False
5062,0.7904342105263159,0.7466666666666667,-0.043767543859649205,False,False
5063,0.62220962513089,0.7105298065817307,0.08832018145084075,True,False
5064,0.7185415018035981,0.7409404356256659,0.022398933822067812,True,False
5065,0.672848318582784,0.6995480147114487,0.02669969612866463,True,False
5066,0.7264789377289377,0.8065476190476191,0.08006868131868139,True,False
5067,0.8259880952380952,0.85,0.024011904761904734,True,False
5068,0.8962024312896406,0.9194014671023129,0.023199035812672242,True,False
5069,1.0,1.0,0.0,False,True
5070,0.6016969615184113,0.6048940539567828,0.0031970924383714072,True,False
5071,0.9275197811447811,0.8956369248035915,-0.03188285634118959,False,False
5072,0.8409708924349881,0.863699494949495,0.022728602514506924,True,False
5073,0.9221250000000001,0.8408482142857143,-0.08127678571428576,False,False
5074,0.533611670212413,0.5622808875850615,0.028669217372648492,True,False
5075,0.744488055149596,0.8157063346171802,0.07121827946758419,True,False
5076,0.45372870214328925,0.47287003428110513,0.01914133213781588,True,False
5077,0.5390456161302822,0.5434162956200982,0.004370679489815954,True,False
5078,0.7929732926065163,0.8381519274376418,0.0451786348311255,True,False
5079,0.49764550264550267,0.5560185185185186,0.05837301587301591,True,False
5080,0.7149180735930736,0.6731932419432419,-0.04172483164983165,False,False
5081,0.7020077082528455,0.6470920214004747,-0.054915686852370804,False,False
5082,0.5617044262896025,0.5991238221085998,0.037419395818997336,True,False
5083,0.4982260099788244,0.5345686088637912,0.036342598884966826,True,False
5084,0.3391731417074152,0.37075726754587596,0.031584125838460764,True,False
5085,0.7591213794325753,0.8532960449258975,0.09417466549332221,True,False
5086,0.7360176072200326,0.730355968174998,-0.005661639045034583,False,False
5087,0.5735101449426248,0.5649004788310393,-0.008609666111585423,False,False
5088,0.939375,0.953111111111111,0.01373611111111106,True,False
5089,0.5800626780626781,0.5926923076923076,0.012629629629629546,True,False
5090,0.7745640269429778,0.7798965731775,0.005332546234522284,True,False
5091,0.6504132557699046,0.6653751218131859,0.014961866043281313,True,False
5092,0.8215682338086749,0.8960560146923783,0.07448778088370334,True,False
5093,0.4692714692714693,0.576168430335097,0.10689696106362773,True,False
5094,0.9442104812283161,0.9589423648247177,0.014731883596401651,True,False
5095,0.88731162464986,0.9305555555555556,0.04324393090569556,True,False
5096,0.584136751365918,0.6049870508203842,0.020850299454466148,True,False
5097,0.7396257774554696,0.7702911059528708,0.030665328497401112,True,False
5098,0.35807655983593617,0.3474284487442382,-0.010648111091697943,False,False
5099,0.6162322453595986,0.7756715830704765,0.15943933771087782,True,False
5100,0.8338754776739639,0.8800161812357538,0.0461407035617899,True,False
5101,0.21378374403374406,0.23767806267806268,0.023894318644318624,True,False
5102,0.9561155231161877,0.9622026408404116,0.006087117724223878,True,False
5103,0.814425142627653,0.8345472629991526,0.02012212037149963,True,False
5104,0.7710685961325495,0.7773641636141636,0.006295567481614084,True,False
5105,0.4306467074592074,0.522164694280079,0.09151798682087153,True,False
5106,0.6684404048916761,0.6285151640024521,-0.039925240889224,False,False
5107,0.3964723458826227,0.5035752895106685,0.10710294362804584,True,False
5108,0.47463776357269993,0.4529060533454396,-0.021731710227260337,False,False
5109,0.7593446558509059,0.739552183486007,-0.019792472364898894,False,False
5110,0.9148979797979798,0.9627272727272727,0.04782929292929283,True,False
5111,0.5938532079886842,0.5934281199943839,-0.0004250879943002994,False,False
5112,0.31298151651928546,0.2658415718625802,-0.04713994465670529,False,False
5113,0.23927645812020767,0.2704993295197471,0.031222871399539415,True,False
5114,0.7493376527971534,0.7519237111614606,0.0025860583643072532,True,False
5115,0.8054375,0.9119791666666667,0.10654166666666665,True,False
5116,0.877674512987013,0.8010010822510822,-0.0766734307359308,False,False
5117,0.4740897817460317,0.48437499999999994,0.01028521825396822,True,False
5118,0.3918727758985782,0.39302760218938754,0.0011548262908093188,True,False
5119,0.5897514619883041,0.7152777777777777,0.1255263157894736,True,False
5120,0.6185631319779064,0.670608864641278,0.05204573266337165,True,False
5121,0.6143934654641948,0.6422805578447741,0.027887092380579293,True,False
5122,0.8812592592592593,0.7222222222222221,-0.1590370370370372,False,False
5123,0.5601363328476855,0.5084967602177747,-0.05163957262991081,False,False
5124,0.47527181602510554,0.45475640569451486,-0.020515410330590678,False,False
5125,0.7584952516619183,0.948076923076923,0.1895816714150047,True,False
5126,0.8186272354793215,0.8064429416115924,-0.012184293867729123,False,False
5127,0.4898533525298231,0.39746484452366804,-0.09238850800615506,False,False
5128,0.6993324435226609,0.7636708529565672,0.06433840943390634,True,False
5129,0.6559791767352874,0.6152664135829771,-0.040712763152310316,False,False
5130,0.6026057692307693,0.6853632478632479,0.08275747863247862,True,False
5131,0.4854811929691808,0.48791423914446186,0.0024330461752810617,True,False
5132,0.6739243662295835,0.7558225108225108,0.08189814459292732,True,False
5133,0.5252829861111111,0.4695598094035594,-0.055723176707551725,False,False
5134,0.5632985752780645,0.576795116194626,0.013496540916561495,True,False
5135,0.811222916445467,0.8942814387258831,0.0830585222804161,True,False
5136,0.6426536131996659,0.6280856138865742,-0.014567999313091606,False,False
5137,0.7858975433726073,0.7286601584768677,-0.057237384895739596,False,False
5138,0.42719516545305664,0.4438244281247031,0.01662926267164644,True,False
5139,0.5008575969571205,0.5630057573952749,0.06214816043815441,True,False
5140,0.4888836722818859,0.5243349907145048,0.03545131843261895,True,False
5141,0.6882977145403616,0.741966366966367,0.05366865242600538,True,False
5142,0.5763884754396458,0.589943607998755,0.013555132559109229,True,False
5143,0.7771571374045059,0.7130979637646304,-0.06405917363987546,False,False
5144,0.7405051587301587,0.8968253968253967,0.1563202380952381,True,False
5146,0.5682720588235294,0.7647058823529411,0.19643382352941174,True,False
5147,0.5856627481713689,0.7755050505050504,0.1898423023336815,True,False
5148,0.7120896669927101,0.7589473541929557,0.046857687200245524,True,False
5149,0.7367247474747475,0.7161931818181818,-0.020531565656565665,False,False
5150,0.5109920634920635,0.6319444444444444,0.12095238095238092,True,False
5151,0.4218820912771134,0.39646135265700483,-0.025420738620108574,False,False
5152,0.48935833333333334,0.6503472222222222,0.16098888888888885,True,False
5153,0.4323419144375788,0.5098099320537874,0.07746801761620864,True,False
5154,0.8206891025641027,0.9756944444444445,0.15500534188034187,True,False
5155,0.2948863636363636,0.09090909090909091,-0.2039772727272727,False,False
5156,0.8118515705430677,0.7974249229964766,-0.014426647546591065,False,False
5157,0.8270544670846395,0.8519567597153804,0.024902292630740952,True,False
5158,0.7735222241211889,0.8228330973703409,0.049310873249152065,True,False
5160,0.7821992753623188,0.7166666666666667,-0.06553260869565214,False,False
5161,0.4888611138410049,0.5384962529915025,0.04963513915049761,True,False
5162,0.42281150793650796,0.41269841269841273,-0.010113095238095227,False,False
5163,0.7108653396091633,0.694823522608304,-0.01604181700085927,False,False
5164,0.7966680402930403,0.8161324786324785,0.019464438339438228,True,False
5165,0.907758845115107,0.9436312423479106,0.035872397232803666,True,False
5166,0.7673185602760411,0.695773597041713,-0.07154496323432802,False,False
5167,0.7032214903469806,0.7117870617185775,0.00856557137159697,True,False
5168,0.9386111111111112,0.9236111111111112,-0.015000000000000013,False,False
5169,0.6337528321311892,0.6844732567583247,0.05072042462713555,True,False
5170,0.8734324632680566,0.879341752207975,0.005909288939918378,True,False
5171,0.7604181096681097,0.8993650793650794,0.13894696969696962,True,False
5172,0.5819285369815718,0.6025036347192544,0.020575097737682624,True,False
5173,0.5679673976329986,0.581672718716268,0.013705321083269384,True,False
5174,0.8429166666666668,1.0,0.15708333333333324,True,False
5175,0.7451493783993784,0.6683501683501684,-0.07679921004921009,False,False
5176,0.5458555555555555,0.5885416666666666,0.04268611111111109,True,False
5177,0.5956005213438939,0.6103082344686822,0.014707713124788357,True,False
5178,0.6163046726617705,0.6743223453610601,0.05801767269928959,True,False
5179,0.587886401456966,0.5570286195286195,-0.03085778192834654,False,False
5180,0.8143505339624885,0.8433776183571936,0.029027084394705138,True,False
5181,0.7201888475684207,0.7405372405372405,0.02034839296881974,True,False
5182,0.667304205486764,0.6795504621599502,0.01224625667318624,True,False
5183,0.6066896535036779,0.6555216802168022,0.048832026713124366,True,False
5184,0.7062848469492843,0.757201543541676,0.05091669659239173,True,False
5185,0.3619906776974432,0.37760161642550033,0.015610938728057133,True,False
5186,0.6821723445089924,0.712775868120071,0.030603523611078542,True,False
5187,0.6077686841466137,0.6613343433403464,0.053565659193732684,True,False
5188,0.7918668355160201,0.7106200329884541,-0.081246802527566,False,False
5189,0.7534960317460317,0.763451479076479,0.009955447330447287,True,False
5190,0.6838131472285883,0.8023318502485169,0.11851870301992862,True,False
5191,0.6600476190476191,0.6610119047619047,0.0009642857142856398,True,False
5192,0.7422401960784313,0.45833333333333337,-0.2839068627450979,False,False
5193,0.6424338990902695,0.6335873239266122,-0.008846575163657278,False,False
5194,0.45454425955988453,0.4575834986772486,0.00303923911736409,True,False
5195,0.8910176029511585,0.8787153802605983,-0.01230222269056025,False,False
5196,0.32774093257992853,0.3795462482075058,0.051805315627577286,True,False
5197,0.5667873933383872,0.6960363199267865,0.12924892658839926,True,False
5198,0.2850644633144633,0.2847423108292673,-0.00032215248519595896,False,False
5199,0.6368994047619048,0.7627777777777778,0.125878373015873,True,False
5200,0.737931103502007,0.6169211607201803,-0.12100994278182664,False,False
5201,0.5211859768506111,0.5612441514372409,0.04005817458662986,True,False
5203,0.8542810846560847,0.8184523809523809,-0.035828703703703724,False,False
5204,0.8266135841724078,0.7441748366013072,-0.08243874757110059,False,False
5205,0.523173317250504,0.502000674977607,-0.021172642272896947,False,False
5206,0.8039798216276478,0.637736900780379,-0.16624292084726877,False,False
5207,0.829644075749958,0.7926449639684934,-0.036999111781464644,False,False
5208,0.8329701249111392,0.840303643731626,0.0073335188204868285,True,False
5209,0.628907196014439,0.7258909587497551,0.09698376273531606,True,False
5210,0.7193116258741259,0.7424241557054058,0.02311252983127987,True,False
5211,0.6299749138673557,0.7204658636064244,0.09049094973906868,True,False
5212,0.88275,0.9345238095238095,0.0517738095238095,True,False
5213,0.538908201058201,0.5277777777777778,-0.01113042328042324,False,False
5214,0.301,0.4444444444444444,0.14344444444444443,True,False
5215,0.8463020833333332,0.5125868055555556,-0.33371527777777765,False,False
5216,0.45020337301587304,0.4642857142857143,0.014082341269841259,True,False
5217,0.42129187172476645,0.4476257721323511,0.026333900407584654,True,False
5218,0.802227670940171,0.7396100427350428,-0.06261762820512817,False,False
5219,0.6964509113571614,0.7199331430642706,0.02348223170710917,True,False
5220,0.46749379068500746,0.4552411574396963,-0.012252633245311173,False,False
5221,0.6366944444444445,0.9222222222222222,0.2855277777777777,True,False
5222,0.472200532515051,0.5060515462161786,0.03385101370112764,True,False
5223,0.5635569574761339,0.5186121749828959,-0.04494478249323797,False,False
5224,0.39401175213675216,0.5740231990231991,0.18001144688644694,True,False
5225,0.5803414960837562,0.5413857563812192,-0.03895573970253696,False,False
5226,0.5809049128068736,0.6730852526195663,0.09218033981269269,True,False
5227,0.29931054893993747,0.3866629882898086,0.08735243934987114,True,False
5228,0.7417163742690058,0.7466666666666667,0.0049502923976608715,True,False
5229,0.7974055471761353,0.8679378247025304,0.07053227752639513,True,False
5230,0.6068652119704351,0.5993780745078323,-0.0074871374626027665,False,False
5231,0.7529702982202982,0.8819444444444444,0.12897414622414627,True,False
5232,0.5224116952538005,0.48966647247897244,-0.03274522277482805,False,False
5233,0.7767214375196645,0.767158246580441,-0.009563190939223531,False,False
5234,0.7092318730057025,0.6849439498551817,-0.02428792315052075,False,False
5235,0.7295429894179893,0.5058163265306123,-0.22372666288737708,False,False
5236,0.6110172735760971,0.6795745149911816,0.06855724141508446,True,False
5237,0.3918406272873664,0.42340067340067344,0.03156004611330704,True,False
5238,0.3316200980392157,0.47852941176470587,0.14690931372549015,True,False
5239,0.7047735645432326,0.7483327717445655,0.043559207201332883,True,False
5240,0.6707569745069745,0.6979797979797979,0.027222823472823454,True,False
5241,0.5046040254869748,0.5242884957170671,0.019684470230092344,True,False
5242,0.48117025062656643,0.32340745171008334,-0.1577627989164831,False,False
5243,0.3870748026483321,0.5503734827264238,0.16329868007809173,True,False
5244,0.6835529100529101,0.4311111111111111,-0.25244179894179897,False,False
5245,0.7845516705516705,0.7476689976689976,-0.036882672882672884,False,False
5246,0.6190343993019676,0.5703893395532678,-0.048645059748699815,False,False
5247,0.3031089743589743,0.358974358974359,0.05586538461538465,True,False
5248,0.5103227260348584,0.5475565843621398,0.03723385832728143,True,False
5249,0.48236929850221905,0.5115691030612209,0.029199804559001896,True,False
5250,0.5187675033920237,0.5068361272877012,-0.011931376104322489,False,False
5251,0.4891636998479104,0.5984154481371081,0.1092517482891977,True,False
5252,0.74489137967767,0.7693844823497429,0.02449310267207283,True,False
5253,0.678893510126187,0.7074012887983476,0.02850777867216059,True,False
5254,0.5248356417887667,0.5294402613847058,0.004604619595939052,True,False
5255,0.9439741091668337,0.9420166135130015,-0.0019574956538321864,False,False
5256,0.4036215121442681,0.4187288063508854,0.015107294206617272,True,False
5257,0.7571112185686654,0.6811211837807583,-0.07599003478790711,False,False
5258,0.7142529761904761,0.6857142857142857,-0.028538690476190398,False,False
5259,0.7561353615520282,0.8011363636363638,0.04500100208433555,True,False
5260,0.6071951897420433,0.6648090214095685,0.057613831667525206,True,False
5261,0.42597945713620033,0.4927985026669237,0.06681904553072338,True,False
5262,0.27229582944288827,0.31013655462184875,0.03784072517896048,True,False
5263,0.6198175205824318,0.6655188749242638,0.04570135434183198,True,False
5264,0.7410223122196807,0.7306131724933664,-0.010409139726314298,False,False
5265,0.6791007312648589,0.7010976719934638,0.02199694072860492,True,False
5266,0.8332847826086958,1.0,0.16671521739130424,True,False
5267,0.5584413609529834,0.5692213085951227,0.010779947642139298,True,False
5268,0.45706084811187353,0.5108402821699493,0.053779434058075726,True,False
5269,0.49058921219950263,0.5191451722546558,0.028555960055153207,True,False
5270,0.6185078829552514,0.6084009557693769,-0.01010692718587447,False,False
5271,0.6427905630960891,0.6532287226950888,0.010438159598999741,True,False
5272,0.46631639403693176,0.5056670382757339,0.039350644238802135,True,False
5273,0.738551863213234,0.7959358581442494,0.057383994931015425,True,False
5274,0.38076388888888885,0.4625,0.08173611111111118,True,False
5275,0.7806526037315511,0.7499582289055973,-0.03069437482595383,False,False
5276,0.5807811101275294,0.6201361990835675,0.03935508895603812,True,False
5277,0.5253524854773352,0.4991341755178914,-0.026218309959443742,False,False
5278,0.6235575433475362,0.5982298288855612,-0.025327714461975015,False,False
5279,0.7184688218390805,0.7083985411140583,-0.01007028072502214,False,False
5280,0.6473207671957673,0.8013888888888889,0.15406812169312167,True,False
5281,0.7618283980219016,0.7331910638020142,-0.028637334219887456,False,False
5282,0.5348446321842923,0.5300966591817431,-0.004747973002549255,False,False
5283,0.6014496477218682,0.6112372996447977,0.009787651922929519,True,False
5284,0.6940204884599167,0.735623069917122,0.0416025814572053,True,False
5285,0.5707744107744108,0.7222222222222222,0.1514478114478114,True,False
5286,0.6698666748008665,0.6951943075807893,0.025327632779922782,True,False
5287,0.6356851441113578,0.6514403231897079,0.015755179078350112,True,False
5288,0.5628584803139757,0.5763480880789318,0.013489607764956113,True,False
5289,0.7503139373499907,0.7454615217013859,-0.004852415648604835,False,False
5290,0.6973271300857508,0.6870748299319728,-0.010252300153777982,False,False
5291,0.8200113287250385,0.8632005986844696,0.043189269959431176,True,False
5292,0.5325046296296296,0.6988888888888889,0.16638425925925926,True,False
5293,0.7300395021645022,0.7290614478114478,-0.000978054353054425,False,False
5294,0.7296616596104498,0.79409845697519,0.06443679736474017,True,False
5295,0.42361029411764706,0.2767857142857143,-0.14682457983193276,False,False
5296,0.711630291005291,0.710809555303603,-0.0008207357016879469,False,False
5297,0.7450750534188034,0.7337918447293448,-0.011283208689458646,False,False
5298,0.4599803889963464,0.4601023326555242,0.00012194365917778116,True,False
5299,0.3910600765981201,0.3207792207792208,-0.07028085581889931,False,False
5300,0.7820922200788913,0.8154689523548687,0.03337673227597737,True,False
5301,0.44859082336655864,0.5646151053013798,0.11602428193482117,True,False
5302,0.5557870448140829,0.6062766319831537,0.050489587169070815,True,False
5303,0.5693472222222222,0.6742488662131519,0.10490164399092972,True,False
5305,0.7377137406700308,0.7210333541693086,-0.016680386500722233,False,False
5306,0.5536488572222877,0.5778020817105911,0.02415322448830337,True,False
5308,0.5301994478951001,0.5964285714285714,0.06622912353347132,True,False
5309,0.6814930555555556,0.611111111111111,-0.07038194444444457,False,False
5310,0.6665241402116402,0.8616464120370371,0.19512227182539688,True,False
5311,0.458837481962482,0.5814093314093314,0.1225718494468494,True,False
5312,0.731349518978259,0.7466659330546752,0.015316414076416263,True,False
5313,0.861842673248161,0.9185177119628339,0.05667503871467294,True,False
5314,0.5812400793650794,0.7142857142857143,0.13304563492063493,True,False
5315,0.6666151515151515,0.732034632034632,0.06541948051948054,True,False
5316,0.8519348118279569,0.8951612903225806,0.04322647849462369,True,False
5317,0.7717214668968511,0.7501884394758277,-0.021533027421023365,False,False
5318,0.45281192588072317,0.4981028260038604,0.045290900123137245,True,False
5319,0.7675921004507137,0.7698085827881842,0.0022164823374705156,True,False
5321,0.38124822682150267,0.4837247962247963,0.10247656940329364,True,False
5322,0.7592191378459353,0.693866672543143,-0.06535246530279226,False,False
5323,0.657548206978842,0.4641111101279866,-0.19343709685085536,False,False
5324,0.741624496968892,0.7177362537024533,-0.02388824326643868,False,False
5325,0.3582299498746867,0.5236528822055138,0.16542293233082705,True,False
5326,0.16190768638078537,0.23260162601626017,0.0706939396354748,True,False
5327,0.7919332957516981,0.7324833811668541,-0.059449914584844055,False,False
5328,0.6441718253968254,0.7706349206349207,0.1264630952380953,True,False
5329,0.8276894667836358,0.8239534044144876,-0.003736062369148141,False,False
5330,0.486281179138322,0.5692708333333334,0.08298965419501142,True,False
5331,0.6111116677689594,0.6207520392416226,0.009640371472663167,True,False
5332,0.7242935442027735,0.7154097142433856,-0.008883829959387857,False,False
5333,0.4962130045395046,0.5831143104862292,0.08690130594672457,True,False
5334,0.13584498834498834,0.08653846153846154,-0.04930652680652681,False,False
5335,0.679581212537983,0.7144078698619273,0.0348266573239443,True,False
5336,0.8891728156728156,0.9182858967341726,0.029113081061357016,True,False
5337,0.8451996288400153,0.7111985018938922,-0.1340011269461231,False,False
5338,0.762169927368247,0.7324382671422145,-0.029731660226032464,False,False
5339,0.6729184934727855,0.6652540283667734,-0.007664465106012153,False,False
5340,0.6494682916759433,0.6624238741740551,0.012955582498111795,True,False
5341,0.5895883082265745,0.6027385163092078,0.013150208082633341,True,False
5342,0.6873629155210961,0.7448973418768597,0.05753442635576367,True,False
5343,0.9638015873015873,0.9845833333333334,0.020781746031746096,True,False
5344,0.7726233171363933,0.7761154125543627,0.003492095417969354,True,False
5345,0.6875818840247089,0.7482888271239071,0.06070694309919822,True,False
5346,0.6841973744924326,0.7735339506172839,0.08933657612485135,True,False
5347,0.43738231211372103,0.3852214481824652,-0.05216086393125585,False,False
5348,0.6419624999999999,0.4642857142857143,-0.17767678571428558,False,False
5349,0.8115537064995023,0.8079197108754914,-0.0036339956240108995,False,False
5350,0.23175920485853138,0.23687152497533853,0.005112320116807151,True,False
5351,0.7432457264957264,0.7954415954415955,0.05219586894586914,True,False
5352,0.6833606426585499,0.6868515165311144,0.003490873872564526,True,False
5353,0.6491097887927676,0.7012679628064243,0.052158174013656744,True,False
5354,0.5465198782698782,0.5847866125643904,0.038266734294512106,True,False
5355,0.5432713917582843,0.5226677194549317,-0.020603672303352583,False,False
5356,0.9166882440476191,0.7023809523809524,-0.21430729166666662,False,False
5357,0.6591881597934229,0.5442779025485792,-0.11491025724484372,False,False
5358,0.686137566137566,0.7849702380952381,0.09883267195767209,True,False
5359,0.6708721757575524,0.6445203946085161,-0.026351781149036357,False,False
5360,0.44993681457431456,0.4692775974025974,0.019340782828282832,True,False
5361,0.6840680304272895,0.680898094595463,-0.0031699358318264537,False,False
5362,0.3708605100189004,0.41134386446886445,0.04048335444996404,True,False
5363,0.9733055555555556,0.9850063131313131,0.011700757575757503,True,False
5364,0.6353022336168365,0.6032870094944904,-0.03201522412234603,False,False
5365,0.7204654911709474,0.7367939774758294,0.01632848630488204,True,False
5366,0.5270228017154241,0.5881769338308925,0.061154132115468385,True,False
5367,0.2809956513635419,0.33852735478822604,0.057531703424684166,True,False
5368,0.5168540254226529,0.5423717017671267,0.025517676344473772,True,False
5369,0.6061495711171916,0.5567789500285425,-0.04937062108864909,False,False
5370,0.26514603174603174,0.0,-0.26514603174603174,False,False
5371,0.7819042392995764,0.7839614404737617,0.002057201174185286,True,False
5372,0.8489381105006104,0.8694368131868131,0.020498702686202686,True,False
5373,0.7301243943191312,0.707358395989975,-0.022765998329156267,False,False
5374,0.5605874006597691,0.5859520596362702,0.025364658976501087,True,False
5375,0.8858212560386474,0.9027777777777778,0.016956521739130426,True,False
5376,0.6923577439459639,0.7187354040340747,0.02637766008811071,True,False
5377,0.5703051470588235,0.6444444444444445,0.07413929738562097,True,False
5378,0.6044163235500803,0.6076162028634805,0.0031998793134001557,True,False
5379,0.7065090996168583,0.764795918367347,0.05828681875048869,True,False
5380,0.42991666666666667,0.4083333333333333,-0.021583333333333343,False,False
5381,0.645,0.6157142857142857,-0.02928571428571436,False,False
5382,0.7952428681402044,0.8402056277056277,0.04496275956542328,True,False
5383,0.5109709595959596,0.6966666666666667,0.18569570707070704,True,False
5384,0.8803949275362319,0.9963768115942029,0.11598188405797094,True,False
5385,0.7883689458689459,0.8258389894419307,0.03747004357298478,True,False
5386,0.7593812720628641,0.7819574846966036,0.022576212633739545,True,False
5387,0.6046880750226452,0.6177436814608509,0.013055606438205691,True,False
5388,0.5475255847953217,0.7744444444444445,0.22691885964912284,True,False
5389,0.42251238389280993,0.4273412234560686,0.004828839563258691,True,False
5390,0.6901333322866715,0.650998083984419,-0.03913524830225246,False,False
5391,0.5746097883597884,0.5535714285714286,-0.021038359788359773,False,False
5392,0.9317822128851541,0.9821428571428572,0.05036064425770315,True,False
5393,0.4211178962363173,0.4387263613579403,0.017608465121623007,True,False
5394,0.4835243673125891,0.5109865707721627,0.02746220345957362,True,False
5395,0.6715932001005531,0.7188712023270847,0.04727800222653156,True,False
5396,0.6442521436896436,0.7049104020979021,0.06065825840825856,True,False
5397,0.4405385864067726,0.45865306374646736,0.018114477339694735,True,False
5398,0.7161562049062049,0.6931818181818182,-0.022974386724386675,False,False
5399,0.763702620967742,0.777660394265233,0.013957773297491038,True,False
5400,0.46103983918128655,0.59375,0.13271016081871345,True,False
5401,0.7667215206806273,0.7118081294066392,-0.05491339127398809,False,False
5402,0.6769780697905697,0.7616409022659023,0.08466283247533257,True,False
5403,0.48831835788551303,0.5706705197737857,0.08235216188827266,True,False
5404,0.733483296079667,0.7365406092616634,0.003057313181996424,True,False
5405,0.5536853477641521,0.604361554977497,0.05067620721334487,True,False
5406,0.43538345490040004,0.492603143752569,0.05721968885216894,True,False
5407,0.8327651515151515,0.7283249158249158,-0.10444023569023575,False,False
5408,0.8161664190747524,0.8577937447168217,0.04162732564206928,True,False
5409,0.3340327380952381,0.375,0.04096726190476191,True,False
5410,0.5142019218798631,0.4647058823529412,-0.04949603952692194,False,False
5411,0.34407017543859647,0.22916666666666666,-0.11490350877192981,False,False
5412,0.7420167154313883,0.7549895730388395,0.01297285760745126,True,False
5413,0.8176768812692506,0.8698084974500928,0.052131616180842166,True,False
5414,0.6832390753570101,0.7180626780626781,0.03482360270566798,True,False
5415,0.6968660806785807,0.6010101010101011,-0.09585597966847959,False,False
5416,0.7669387792397662,0.7707561728395061,0.003817393599739982,True,False
5417,0.2906446078431372,0.24998726763432644,-0.04065734020881079,False,False
5418,0.6620527792028179,0.6390605272654774,-0.022992251937340558,False,False
5419,0.6704992001450489,0.6235200792359533,-0.04697912090909562,False,False
5420,0.31275171013405034,0.4170263507701931,0.10427464063614278,True,False
5421,0.6307020016339869,0.6640989729225024,0.03339697128851549,True,False
5422,0.6323695436507937,0.7102058531746032,0.07783630952380949,True,False
5423,0.7805748949377981,0.8225685949011011,0.041993699963303044,True,False
5424,0.6036587390065651,0.6303301569605917,0.02667141795402661,True,False
5425,0.6577457264957265,0.5195360195360196,-0.1382097069597069,False,False
5426,0.5244435797815759,0.6025367980532165,0.07809321827164062,True,False
5427,0.9608680555555555,0.9747685185185185,0.01390046296296299,True,False
5428,0.7028370947712357,0.7720026070876969,0.06916551231646118,True,False
5429,0.7307201086956522,0.7719507368164656,0.04123062812081346,True,False
5430,0.5944680887133779,0.7238209815546772,0.12935289284129936,True,False
5431,0.6962210424710424,0.7824324324324324,0.08621138996139,True,False
5432,0.8192389085224419,0.829665961349137,0.010427052826695093,True,False
5433,0.3920967896236832,0.4082087015557296,0.016111911932046363,True,False
5434,0.7336253111312268,0.8046670841929463,0.07104177306171955,True,False
5435,0.9768240740740741,0.9476190476190476,-0.02920502645502654,False,False
5436,0.5763086762271545,0.6130962636397419,0.036787587412587364,True,False
5437,0.6408163144150127,0.6306897302852195,-0.010126584129793281,False,False
5438,0.5816970063666492,0.6356532356532356,0.05395622928658639,True,False
5439,0.7269288472964943,0.6363636363636364,-0.09056521093285796,False,False
5440,0.8052334267040149,0.7508169934640523,-0.05441643323996259,False,False
5441,0.6895345940479137,0.640440845215186,-0.04909374883272777,False,False
5442,0.8082470432617491,0.8309705687830687,0.02272352552131962,True,False
5443,0.7785498413443812,0.7345670136760594,-0.043982827668321844,False,False
5444,0.3545684794596085,0.45442292922131633,0.09985444976170782,True,False
5445,0.7069056161663261,0.6568149390179029,-0.05009067714842319,False,False
5446,0.8952029612159329,0.8856925834776532,-0.009510377738279674,False,False
5447,0.8631405477491544,0.9160357231566248,0.05289517540747046,True,False
5448,0.46130312069248464,0.5065738492176367,0.04527072852515207,True,False
5449,0.6581709632959633,0.6820210247841827,0.023850061488219443,True,False
5450,0.5759558130753512,0.6326434529004233,0.05668763982507219,True,False
5451,0.7595638039756966,0.7095723694531696,-0.04999143452252697,False,False
5452,0.4449429521333294,0.48294712527751305,0.03800417314418364,True,False
5453,0.5700157662602093,0.6524204802294574,0.08240471396924809,True,False
5454,0.7805339246809835,0.7205952380952381,-0.059938686585745415,False,False
5455,0.5833888293789189,0.6617281772173076,0.0783393478383887,True,False
5456,0.5940084175084175,0.5675555555555556,-0.026452861952861895,False,False
5457,0.626238078801788,0.5651766042752149,-0.06106147452657307,False,False
5458,0.6246393102288232,0.6554073320520392,0.03076802182321592,True,False
5459,0.5754018745243757,0.6189367423135947,0.043534867789219,True,False
5460,0.8882022169007463,0.8605325538658872,-0.02766966303485907,False,False
5461,0.8618441770647652,0.8350619195046439,-0.026782257560121314,False,False
5462,0.8293730158730159,0.8878205128205129,0.05844749694749696,True,False
5463,0.7050176717009229,0.70580077965095,0.0007831079500271176,True,False
5464,0.8813407936507935,0.8882424812030075,0.0069016875522139864,True,False
5465,0.48656302521008404,0.43529411764705883,-0.05126890756302521,False,False
5466,0.7605358278715798,0.7558086616256254,-0.004727166245954373,False,False
5467,0.8122243867243867,0.6488636363636363,-0.16336075036075037,False,False
5468,0.6849761876179741,0.6821069341096248,-0.002869253508349323,False,False
5469,0.8953692001245538,0.9142395489935536,0.018870348868999853,True,False
5470,0.6581361111111111,0.7142766203703704,0.056140509259259286,True,False
5471,0.5229469696969697,0.7904040404040404,0.2674570707070707,True,False
5472,0.28907839984902084,0.31183263793892696,0.02275423808990612,True,False
5473,0.7715419482390544,0.8300977037931497,0.05855575555409531,True,False
5474,0.4765020756050168,0.41207874541207873,-0.06442333019293806,False,False
5475,0.7636476898211015,0.68919554122448,-0.07445214859662153,False,False
5476,0.6430855119825708,0.8811728395061729,0.23808732752360207,True,False
5477,0.4796653439153439,0.636331569664903,0.15666622574955913,True,False
5478,0.6628683862433863,0.671031746031746,0.008163359788359692,True,False
5479,0.5974605036141077,0.5634848670589517,-0.03397563655515601,False,False
5480,0.42866366217846485,0.774464917392549,0.3458012552140841,True,False
5481,0.49935486649440136,0.5291802832244008,0.029825416729999443,True,False
5482,0.7976874293080429,0.7899877531948746,-0.007699676113168352,False,False
5483,0.6543223279572981,0.754373944927819,0.1000516169705209,True,False
5484,0.9694748677248677,0.96609243697479,-0.003382430750077714,False,False
5485,0.608125765633334,0.6389646118664449,0.03083884623311095,True,False
5486,0.6826659569551726,0.7035322359396434,0.0208662789844708,True,False
5487,0.7766449443949444,0.8027092660425993,0.02606432164765493,True,False
5488,0.5137259996975024,0.5272919983012286,0.013565998603726204,True,False
5489,0.7679898388648388,0.7978225478225478,0.029832708957708953,True,False
5490,0.45187291824827747,0.44763858826358827,-0.0042343299846892,False,False
5491,0.7109811468850386,0.6767560332802548,-0.03422511360478375,False,False
5492,0.34741737332234374,0.342076850628584,-0.0053405226937597305,False,False
5493,0.46854195300739865,0.44772204741641075,-0.020819905590987897,False,False
5494,0.7638438071016936,0.7404988187720636,-0.023344988329630056,False,False
5495,0.6784722222222221,0.6851851851851851,0.006712962962962976,True,False
5496,0.7570687911452836,0.7002525252525253,-0.05681626589275823,False,False
5497,0.7738843418279332,0.7590197525704631,-0.01486458925747014,False,False
5498,0.7121999113475178,0.8801020408163265,0.16790212946880867,True,False
5499,0.9620916842529418,0.9666441289159342,0.0045524446629924276,True,False
5500,0.7438742209327316,0.8383371455179965,0.09446292458526495,True,False
5501,0.579775510782541,0.5369646571242421,-0.04281085365829884,False,False
5502,0.5759333669551061,0.6647544006919007,0.08882103373679462,True,False
5503,0.6996482259570495,0.6988951136009959,-0.0007531123560535757,False,False
5504,0.7890791217248169,0.8170376819359856,0.027958560211168715,True,False
5505,0.724948934553611,0.7844627594627595,0.05951382490914847,True,False
5506,0.7499288225391166,0.7083740061681238,-0.041554816370992786,False,False
5507,0.43155526695526697,0.3662337662337662,-0.06532150072150078,False,False
5508,0.5338217592592592,0.5020833333333333,-0.031738425925925906,False,False
5509,0.5618951949134876,0.5169032356532356,-0.04499195926025201,False,False
5510,0.6986043183940243,0.8213624338624339,0.12275811546840965,True,False
5511,0.7926548822277877,0.8089844147221694,0.016329532494381738,True,False
5512,0.8212354940226892,0.8516510915639836,0.030415597541294304,True,False
5513,0.8284321224480798,0.8661398605990804,0.03770773815100059,True,False
5514,0.7510364583333333,0.6869791666666667,-0.06405729166666663,False,False
5515,0.6100912309368192,0.6013490866432043,-0.008742144293614862,False,False
5516,0.7691123971412307,0.8062049040557917,0.03709250691456101,True,False
5517,0.7556019943836121,0.7884019069261587,0.03279991254254666,True,False
5518,0.6587679359201098,0.7422589456615922,0.08349100974148238,True,False
5519,0.5419856668754783,0.5776333423491308,0.03564767547365244,True,False
5520,0.8078942105409497,0.8270676277016856,0.01917341716073595,True,False
5521,0.8172347077042198,0.841792489353465,0.02455778164924516,True,False
5522,0.7025690192213596,0.7242276164664325,0.021658597245072908,True,False
5523,0.6762207165927966,0.6683768252470647,-0.007843891345731935,False,False
5524,0.5688705914918569,0.5720153982575191,0.0031448067656622003,True,False
5525,0.8156170634920634,0.8125,-0.003117063492063421,False,False
5526,0.5908267538113209,0.7131335290297037,0.12230677521838285,True,False
5527,0.5550126068376069,0.6923076923076923,0.1372950854700854,True,False
5528,0.8302052209772798,0.8510863537334126,0.020881132756132792,True,False
5529,0.6426438492063492,0.6392857142857142,-0.0033581349206349698,False,False
5530,0.433477451802754,0.4657413898440242,0.0322639380412702,True,False
5531,0.6355608256025419,0.7469413172279618,0.11138049162541985,True,False
5532,0.44868318160597576,0.4557166199813258,0.007033438375350032,True,False
5533,0.8904056186868686,0.9696969696969697,0.0792913510101011,True,False
5534,0.8288513675213675,0.823992673992674,-0.004858693528693503,False,False
5535,0.6377446096987017,0.6570425355791293,0.019297925880427558,True,False
5536,0.28642477317272674,0.3056117075826977,0.019186934409970935,True,False
5537,0.7329724264705882,0.85625,0.12327757352941171,True,False
5538,0.666053387072481,0.6943660951377909,0.028312708065309944,True,False
5539,0.6102584550604285,0.652531000901133,0.0422725458407045,True,False
5540,0.7005256001020408,0.7294484955106149,0.028922895408574067,True,False
5541,0.7913769841269841,0.4926190476190476,-0.2987579365079365,False,False
5542,0.8880684523809523,0.8729166666666667,-0.01515178571428566,False,False
5543,0.5668269360156704,0.5433026799327415,-0.02352425608292885,False,False
5544,0.7224704477204478,0.7056565656565656,-0.016813882063882124,False,False
5545,0.8863682232728286,0.8844171191868561,-0.0019511040859725437,False,False
5546,0.6039288499025341,0.40350877192982454,-0.2004200779727096,False,False
5547,0.6004105854273318,0.639337406220523,0.03892682079319121,True,False
5548,0.6184427074865324,0.6148104211280974,-0.003632286358435044,False,False
5549,0.5983377849002849,0.7237802706552706,0.12544248575498573,True,False
5550,0.602685318895196,0.6733450507890034,0.07065973189380736,True,False
5551,0.4977246732026143,0.39285714285714285,-0.10486753034547147,False,False
5552,0.469124492432632,0.25465116279069766,-0.21447332964193433,False,False
5553,0.5686655208366488,0.5516360453946345,-0.017029475442014275,False,False
5554,0.5407590493391318,0.46920280036133694,-0.07155624897779483,False,False
5555,0.4219254060560357,0.4207882240751216,-0.0011371819809140593,False,False
5556,0.4405078009437139,0.4341333839311595,-0.0063744170125543675,False,False
5557,0.8603140782243339,0.8430929873725089,-0.017221090851824994,False,False
5558,0.40039315881514,0.5627908702051391,0.1623977113899991,True,False
5559,0.8372100614439324,0.8724489795918368,0.03523891814790436,True,False
5560,0.9003998778998779,0.7382279314888011,-0.1621719464110768,False,False
5561,0.3993114012918898,0.4957040332783593,0.09639263198646952,True,False
5562,0.5128898046398046,0.5101114163614163,-0.0027783882783882774,False,False
5563,0.34587478500172,0.3841036414565826,0.038228856454862625,True,False
5565,0.8321122086409213,0.8048156294124036,-0.027296579228517692,False,False
5566,0.7148294758139003,0.6505211749160362,-0.0643083008978641,False,False
5567,0.43712644275711604,0.38008515882282523,-0.05704128393429081,False,False
5568,0.6723942429705544,0.7476509268035254,0.07525668383297102,True,False
5569,0.568534610528149,0.6020718461666343,0.03353723563848532,True,False
5570,0.7388518633363573,0.7427522709390114,0.003900407602654088,True,False
5571,0.4909286491230374,0.460057347999714,-0.030871301123323425,False,False
5572,0.6403548534798534,0.6150433611972074,-0.025311492282646064,False,False
5573,0.6917047522191128,0.7799684067498077,0.08826365453069496,True,False
5574,0.6578318794839578,0.6637188597380591,0.005886980254101282,True,False
5575,0.41402350610541633,0.36171970987169716,-0.05230379623371917,False,False
5576,0.6718306479895922,0.7262701181118754,0.05443947012228312,True,False
5577,0.5092487922705314,0.33333333333333337,-0.17591545893719807,False,False
5578,0.7434152818344362,0.7456420893920893,0.002226807557653143,True,False
5579,0.6537163742690059,0.5208333333333333,-0.1328830409356726,False,False
5580,0.6522266068949605,0.6678019924347273,0.015575385539766784,True,False
5581,0.8695664884285574,0.8053129091306432,-0.0642535792979142,False,False
5582,0.902626584499773,0.9333207251685512,0.03069414066877829,True,False
5583,0.8115825901151988,0.8349156069682825,0.023333016853083643,True,False
5584,0.6069283509700176,0.5981985386747292,-0.008729812295288464,False,False
5585,0.6671677367237733,0.5231850516912346,-0.14398268503253864,False,False
5586,0.688141774891775,0.8428571428571429,0.1547153679653679,True,False
5587,0.6895927220927222,0.7025641025641025,0.012971380471380356,True,False
5588,0.6691796661193213,0.656084656084656,-0.013095010034665289,False,False
5589,0.9000992063492064,0.9058956916099774,0.005796485260771034,True,False
5590,0.5128755656108597,0.49585218702865763,-0.017023378582202042,False,False
5591,0.8728561253561254,0.8603407174835747,-0.012515407872550788,False,False
5592,0.7263136653304482,0.7324693407864014,0.006155675455953191,True,False
5593,0.8676446576815948,0.9110540845781792,0.043409426896584336,True,False
5594,0.7586379159035408,0.7515403330135473,-0.0070975828899935145,False,False
5595,0.42213453641383647,0.46227739517503563,0.04014285876119916,True,False
5596,0.7911707758850437,0.7756858572229096,-0.015484918662134084,False,False
5597,0.5197320666845837,0.6215336355259685,0.1018015688413848,True,False
5598,0.7709852788048791,0.7877197714905589,0.016734492685679836,True,False
5599,0.5134720108082204,0.5607390887277035,0.04726707791948315,True,False
5600,0.7053927570814913,0.767961192111715,0.06256843503022369,True,False
5601,0.5400644077479193,0.5537706423751304,0.0137062346272111,True,False
5602,0.8020476967476968,0.7700287807430665,-0.03201891600463036,False,False
5603,0.3864702163303543,0.4645864946923119,0.07811627836195761,True,False
5604,0.5358794226934641,0.4797954544643785,-0.05608396822908562,False,False
5605,0.3988683439672503,0.4196325180576159,0.020764174090365628,True,False
5606,0.43413078149920253,0.635390749601276,0.20125996810207342,True,False
5607,0.633838529306005,0.5614165661053516,-0.07242196320065342,False,False
5608,0.5576918859649123,0.5625,0.0048081140350877405,True,False
5609,0.8831090158045977,0.7863685344827587,-0.09674048132183899,False,False
5610,0.8824652777777777,0.8505291005291005,-0.031936177248677255,False,False
5611,0.9606154684095861,0.9081336238198984,-0.05248184458968774,False,False
5612,0.28699305555555554,0.3363095238095238,0.04931646825396824,True,False
5613,0.5264494206773619,0.6075216450216451,0.08107222434428318,True,False
5614,0.6709706810928151,0.6216385131610769,-0.049332167931738224,False,False
5615,0.4084512092253256,0.4018837276696207,-0.006567481555704857,False,False
5616,0.6656404378817851,0.7121841503071179,0.04654371242533284,True,False
5617,0.5127256245201677,0.5940863337204801,0.08136070920031246,True,False
5618,0.6842977108522221,0.7258118923682834,0.04151418151606123,True,False
5619,0.5546717435066529,0.5318228366615463,-0.022848906845106653,False,False
5620,0.5493523559777418,0.5922747500448052,0.04292239406706344,True,False
5621,0.41548499973119946,0.4644749825488366,0.04898998281763717,True,False
5622,0.7504088544838226,0.7271485744056077,-0.0232602800782149,False,False
5623,0.7004419794478882,0.7023340997637514,0.001892120315863166,True,False
5624,0.5472588981918372,0.6045324329301381,0.05727353473830099,True,False
5625,0.7041366116314484,0.6940116829100786,-0.01012492872136972,False,False
5626,0.7771012515281659,0.8926239251355131,0.11552267360734725,True,False
5627,0.3066614612352207,0.3657529650411409,0.05909150380592021,True,False
5628,0.46663888888888894,0.6921296296296297,0.2254907407407407,True,False
5629,0.8741863897399951,0.9188628952635743,0.04467650552357927,True,False
5630,0.8021031550424652,0.8154727383259616,0.013369583283496356,True,False
5631,0.8433482345982347,0.8845754845754846,0.041227249977249913,True,False
5632,0.5545200925447396,0.5452646173029448,-0.009255475241794708,False,False
5633,0.7775654341414103,0.7326437003856359,-0.04492173375577446,False,False
5634,0.6588834947517224,0.6796313263179721,0.020747831566249708,True,False
5635,0.4773179824561404,0.513157894736842,0.03583991228070166,True,False
5636,0.44729566958785333,0.43375082075281535,-0.013544848835037981,False,False
5637,0.7395880310457517,0.7841824229691877,0.04459439192343606,True,False
5638,0.48259344646040553,0.5030364372469637,0.020442990786558146,True,False
5639,0.6245681974544204,0.5951858813700919,-0.029382316084328508,False,False
5640,0.4583756613756613,0.4,-0.0583756613756613,False,False
5641,0.46309601071443174,0.45476015212857324,-0.008335858585858502,False,False
5642,0.4111015211640212,0.435515873015873,0.024414351851851812,True,False
5643,0.4645416037001642,0.5066770484962675,0.042135444796103316,True,False
5644,0.693292070238191,0.6763959525323162,-0.016896117705874736,False,False
5645,0.8141156402368452,0.8251434732305379,0.011027832993692699,True,False
5646,0.6507173245652161,0.6533833845204327,0.0026660599552165154,True,False
5647,0.5334625059553748,0.6687549298259858,0.13529242387061102,True,False
5648,0.7358097422922866,0.7190162545734932,-0.01679348771879341,False,False
5649,0.6242200548493652,0.6483961477661743,0.02417609291680911,True,False
5650,0.2891476306238641,0.3480032552606504,0.058855624636786286,True,False
5651,0.8339575711027324,0.851984126984127,0.018026555881394568,True,False
5652,0.5195640186426477,0.5362903225806451,0.016726303937997455,True,False
5653,0.7560728328677638,0.78217806018347,0.026105227315706192,True,False
5654,0.7455962504478915,0.7738806675917392,0.028284417143847773,True,False
5655,0.6429973714557048,0.681818952652286,0.03882158119658119,True,False
5656,0.38690466697045645,0.3157894736842105,-0.07111519328624594,False,False
5657,0.8626211043702955,0.8840219810897263,0.021400876719430806,True,False
5658,0.7940960577315381,0.8262910227968177,0.032194965065279524,True,False
5659,0.5413925468123019,0.5340574657723974,-0.007335081039904434,False,False
5660,0.615367614638448,0.6803167254556143,0.06494911081716626,True,False
5661,0.6625197643451319,0.6475225874663592,-0.014997176878772778,False,False
5662,0.6838993007375243,0.6110252774045878,-0.07287402333293647,False,False
5663,0.5997451113404754,0.6390130238733654,0.03926791253289008,True,False
5664,0.7539079457917299,0.7567469955876326,0.0028390497959026595,True,False
5665,0.7595144927536233,0.7557216183574879,-0.003792874396135404,False,False
5666,0.6166138888888889,0.5722619047619047,-0.044351984126984156,False,False
5667,0.7414884554600727,0.7676115216055464,0.02612306614547366,True,False
5668,0.752424501603229,0.7715488135053352,0.019124311902106172,True,False
5669,0.2681600877192983,0.3229166666666667,0.054756578947368406,True,False
5670,0.5597990220352723,0.7078008722911272,0.14800185025585488,True,False
5671,0.9273897144328729,0.9102702077768567,-0.017119506656016137,False,False
5672,0.6934231601731602,0.5952380952380952,-0.09818506493506496,False,False
5673,0.7330950400362165,0.7750114591291062,0.04191641909288968,True,False
5674,0.7385248085248085,0.7973185855538796,0.05879377702907107,True,False
5675,0.7210252111586416,0.7215701114774243,0.0005449003187827373,True,False
5676,0.503613767281106,0.4214285714285714,-0.08218519585253459,False,False
5677,0.6099158229931972,0.5992719373480351,-0.010643885645162166,False,False
5678,0.7313492919375273,0.7371478838197104,0.005798591882183124,True,False
5679,0.7381362830871754,0.8635517184519901,0.1254154353648147,True,False
5680,0.7327031498737456,0.8645821750019651,0.13187902512821947,True,False
5681,0.6567191142191142,0.8380681818181819,0.18134906759906766,True,False
5682,0.6844973330091365,0.7460486529024493,0.06155131989331275,True,False
5683,0.6173238789614378,0.6515535781152972,0.03422969915385943,True,False
5684,0.5742188026872337,0.5520693693777166,-0.02214943330951713,False,False
5685,0.46950000000000003,0.49910714285714286,0.029607142857142832,True,False
5686,0.08739693539573658,0.12794103903827364,0.04054410364253706,True,False
5687,0.6570780345837395,0.6535685674478778,-0.0035094671358616436,False,False
5688,0.41991714051452417,0.4159056705568333,-0.004011469957690861,False,False
5689,0.555168172144339,0.5644349936185511,0.009266821474212095,True,False
5690,0.7433288183694531,0.8156862745098039,0.07235745614035083,True,False
5691,0.7352159643139679,0.7505510316287258,0.015335067314757977,True,False
5692,0.64219522417154,0.6222895200965376,-0.01990570407500236,False,False
5693,0.5344065255731922,0.5194444444444444,-0.014962081128747862,False,False
5694,0.7218690476190476,0.880952380952381,0.15908333333333347,True,False
5695,0.46860416666666665,0.4895833333333333,0.02097916666666666,True,False
5696,0.8086410818713451,0.9642361111111111,0.15559502923976598,True,False
5697,0.7261130952380952,0.8083333333333333,0.08222023809523815,True,False
5698,0.6313920122305574,0.6429870457746909,0.011595033544133493,True,False
5699,0.5184301332338249,0.5546872982206528,0.03625716498682785,True,False
5700,0.7827837301587302,0.8416666666666667,0.05888293650793652,True,False
5701,0.7360657612473974,0.7268665672777515,-0.009199193969645969,False,False
5702,0.852240499580907,0.8128364112739113,-0.03940408830699571,False,False
5703,0.6155966070043837,0.6569716775599128,0.041375070555529136,True,False
5704,0.8482799227799228,0.942147266313933,0.09386734353401016,True,False
5705,0.5159773310875029,0.5017704074762532,-0.014206923611249644,False,False
5706,0.703131294144452,0.713618642566011,0.010487348421559073,True,False
5707,0.8350456370855306,0.8407434949692633,0.005697857883732671,True,False
5708,0.3648697216526164,0.303497166210982,-0.06137255544163439,False,False
5709,0.6180025515186685,0.6415336117865288,0.023531060267860338,True,False
5710,0.5723460877919895,0.4360505892609718,-0.1362954985310177,False,False
5711,0.6597983193277311,0.7374836601307189,0.07768534080298772,True,False
5712,0.5546647744956569,0.5368831876184817,-0.017781586877175126,False,False
5713,0.43621376811594204,0.5303442028985507,0.09413043478260863,True,False
5714,0.6695799153115827,0.6080842721826917,-0.061495643128891,False,False
5715,0.6909383767437324,0.7270676292905222,0.03612925254678978,True,False
5716,0.7293374255229197,0.7902253600875988,0.060887934564679114,True,False
5717,0.6524541529957422,0.6729329306180014,0.020478777622259248,True,False
5718,0.7485521423021423,0.8367750027750028,0.08822286047286054,True,False
5719,0.4495674603174603,0.5079365079365079,0.0583690476190476,True,False
5720,0.3132466245341425,0.2914488271484466,-0.021797797385695872,False,False
5721,0.6417905701754385,0.85,0.20820942982456148,True,False
5722,0.5854005306578255,0.6280352077938094,0.0426346771359839,True,False
5723,0.559990093389331,0.5613606977569604,0.0013706043676293689,True,False
5724,0.8594979904354905,0.8564662045130795,-0.0030317859224109345,False,False
5725,0.7093234126984127,1.0,0.2906765873015873,True,False
5726,0.7183121386698242,0.7743410731862648,0.05602893451644053,True,False
5727,0.5397927621806299,0.45793969102792625,-0.08185307115270363,False,False
5728,0.584678416220608,0.6001216685644308,0.015443252343822822,True,False
5729,0.9202117742884294,0.8878250352751461,-0.03238673901328326,False,False
5730,0.3670423744793425,0.5247816209488786,0.15773924646953608,True,False
5731,0.7094479166666667,0.8189047619047619,0.10945684523809518,True,False
5732,0.4843240093240093,0.6501322751322751,0.1658082658082658,True,False
5733,0.7787694930538502,0.7716541918964588,-0.0071153011573914515,False,False
5734,0.6156814746270257,0.6352089702954345,0.019527495668408834,True,False
5735,0.6046018518518518,0.8444444444444444,0.23984259259259266,True,False
5736,0.8795289264828738,0.8558104820875719,-0.023718444395301908,False,False
5737,0.6544531121326788,0.6325122353566626,-0.021940876776016194,False,False
5738,0.5468404028835485,0.5462245358000732,-0.0006158670834752744,False,False
5739,0.8396938178780283,0.8449570105820106,0.0052631927039822335,True,False
5740,0.36420755288737744,0.19604399721358787,-0.16816355567378957,False,False
5741,0.5171112673024437,0.5166892446304211,-0.0004220226720226261,False,False
5742,0.712983346983347,0.7114321789321789,-0.0015511680511680614,False,False
5743,0.6759672619047619,0.7033730158730158,0.027405753968253954,True,False
5744,0.7463778075905545,0.7684338201498877,0.022056012559333205,True,False
5745,0.5757152125265516,0.7857253215051203,0.21001010897856875,True,False
5746,0.5520832588212352,0.4721139971139971,-0.07996926170723812,False,False
5747,0.5501776061853852,0.6022480447267187,0.05207043854133342,True,False
5748,0.7452255696499883,0.7700505050505051,0.02482493540051678,True,False
5749,0.585679241492199,0.6185069939550326,0.03282775246283365,True,False
5750,0.632759974568613,0.6239976573633407,-0.008762317205272319,False,False
5751,0.418207561728395,0.4933585635900451,0.07515100186165008,True,False
5752,0.6607512659132354,0.6809881711855396,0.02023690527230415,True,False
5753,0.7873019554257762,0.8788997543461828,0.09159779892040665,True,False
5754,0.42033062841986146,0.5838579110947532,0.1635272826748917,True,False
5755,0.6470805151711367,0.6300465608064328,-0.017033954364703896,False,False
5756,0.6726367521367521,0.7349358974358974,0.062299145299145264,True,False
5757,0.7816353964275727,0.7404641879876303,-0.041171208439942486,False,False
5758,0.7628268552479603,0.8312698147781247,0.06844295953016433,True,False
5759,0.646322117291159,0.6509662693201597,0.004644152029000703,True,False
5760,0.6830555555555555,0.6125,-0.07055555555555548,False,False
5761,0.5366854744069913,0.562,0.02531452559300873,True,False
5762,0.6925778766588051,0.6163631518698793,-0.07621472478892577,False,False
5763,0.5700863709370982,0.5392033097969972,-0.030883061140101087,False,False
5764,0.623390873015873,0.8123456790123457,0.18895480599647263,True,False
5765,0.47007537912340097,0.4900686634073656,0.01999328428396463,True,False
5766,0.6309495454545455,0.617006253006253,-0.01394329244829251,False,False
5767,0.7058898961135562,0.7199493086141737,0.014059412500617485,True,False
5768,0.9873024213075061,0.9936507936507937,0.006348372343287556,True,False
5769,0.7258967773800155,0.7419144373731493,0.01601765999313387,True,False
5770,0.8722346632346633,0.9388789682539682,0.06664430501930496,True,False
5771,0.4470190888488888,0.4445321757365434,-0.0024869131123453903,False,False
5772,0.47302178649237475,0.37777777777777777,-0.09524400871459698,False,False
5773,0.5398875661375662,0.5327380952380952,-0.007149470899470933,False,False
5774,0.7563805125530669,0.8678668478260869,0.11148633527301999,True,False
5775,0.7106908526256351,0.6951280783595095,-0.015562774266125623,False,False
5776,0.732433561970867,0.7962106490052365,0.06377708703436957,True,False
5777,0.8473384839198564,0.93563467215428,0.08829618823442353,True,False
5778,0.8892755392755393,0.8202408346639115,-0.06903470461162775,False,False
5779,0.4935875806935472,0.5239482582277376,0.030360677534190417,True,False
5780,0.533234561452006,0.669897044362124,0.13666248291011807,True,False
5781,0.5668057692307692,0.6378205128205128,0.07101474358974358,True,False
5782,0.644618080993081,0.687962962962963,0.043344881969881954,True,False
5783,0.6968813506286624,0.7276392038296801,0.03075785320101765,True,False
5784,0.5522261904761905,0.5944444444444444,0.04221825396825396,True,False
5785,0.8634183409183409,0.8471537721537722,-0.01626456876456872,False,False
5786,0.5999790361994565,0.6427754355742932,0.0427963993748367,True,False
5787,0.6331780454615977,0.5562084282780011,-0.07696961718359663,False,False
5788,0.4210796821051281,0.41173941563305505,-0.009340266472073033,False,False
5789,0.8279206278470984,0.8690664818115797,0.04114585396448134,True,False
5790,0.6112694235588972,0.6428675856307435,0.03159816207184629,True,False
5791,0.7822353487886383,0.7763082837301588,-0.005927065058479508,False,False
5792,0.496068145446757,0.5287867828989997,0.03271863745224274,True,False
5793,0.5436458333333334,0.6799999999999999,0.13635416666666655,True,False
5794,0.7562922056584863,0.7625160914502157,0.006223885791729389,True,False
5795,0.4902696568030005,0.444053650993338,-0.04621600580966251,False,False
5796,0.7043552631578948,0.6897727272727272,-0.014582535885167558,False,False
5797,0.5320029340948492,0.5974132406585823,0.06541030656373303,True,False
5798,0.6200969371130661,0.6340660186090293,0.01396908149596321,True,False
5799,0.3426170634920635,0.6193310657596373,0.27671400226757376,True,False
5800,0.2386124338624339,0.26851851851851855,0.02990608465608466,True,False
5801,0.8396819558795179,0.8948062853683983,0.055124329488880464,True,False
5802,0.6547020202020203,0.7700892857142857,0.11538726551226541,True,False
5803,0.4131770931363322,0.4851902173913043,0.07201312425497208,True,False
5804,0.6406319444444445,0.4305555555555556,-0.2100763888888889,False,False
5805,0.695477610217774,0.7003483890932292,0.004870778875455173,True,False
5806,0.6212479328941856,0.6749039600506263,0.05365602715644069,True,False
5807,0.6099832251082251,0.7663540163540163,0.15637079124579123,True,False
5808,0.885917667238422,0.856990952371564,-0.02892671486685805,False,False
5809,0.6723918258768218,0.6722312689856228,-0.00016055689119898187,False,False
5810,0.6804570707070706,0.7616161616161617,0.08115909090909112,True,False
5811,0.5998302135281317,0.6171264971527199,0.017296283624588238,True,False
5812,0.6045806390710219,0.5994432807920309,-0.005137358278990978,False,False
5813,0.7541830948841819,0.7187095312095312,-0.03547356367465071,False,False
5814,0.7293858695652173,0.8375,0.10811413043478268,True,False
5815,0.7829598179598181,0.7809612262737262,-0.001998591686091844,False,False
5816,0.47077843915343914,0.5613756613756613,0.09059722222222216,True,False
5817,0.8500333333333333,0.8236111111111111,-0.026422222222222236,False,False
5818,0.5151377777777778,0.567,0.05186222222222214,True,False
5819,0.69189797008547,0.6934294871794872,0.0015315170940171097,True,False
5820,0.49896428571428575,0.5954365079365079,0.09647222222222218,True,False
5821,0.7379968253968253,0.7186043470418471,-0.01939247835497826,False,False
5822,0.6241666666666666,0.6604166666666667,0.036250000000000004,True,False
5823,0.7526820810441778,0.7487652139466655,-0.003916867097512267,False,False
5824,0.48723351491234174,0.46344827850239356,-0.023785236409948174,False,False
5825,0.760815497715359,0.7919489930359496,0.03113349532059062,True,False
5826,0.5567457856955672,0.5726453550496386,0.01589956935407144,True,False
5827,0.7504473440771765,0.6714334765400028,-0.07901386753717365,False,False
5828,0.5215416666666667,0.35714285714285715,-0.16439880952380953,False,False
5829,0.7358709591653966,0.780012460017433,0.044141500852036386,True,False
5830,0.617750406504065,0.7202458508245213,0.10249544432045632,True,False
5831,0.7908485662616499,0.7693345093009877,-0.02151405696066222,False,False
5832,0.7694035453793517,0.6996526835447431,-0.06975086183460866,False,False
5833,0.7414435648742451,0.7750416143548364,0.03359804948059131,True,False
5834,0.5307556818181819,0.4770833333333333,-0.05367234848484859,False,False
5835,0.8880654761904762,0.9180839002267573,0.03001842403628119,True,False
5836,0.7494984737484738,0.7164835164835165,-0.03301495726495729,False,False
5837,0.7377840564822488,0.7825935240994433,0.04480946761719451,True,False
5838,0.6697830427755668,0.6844135432177237,0.014630500442156968,True,False
5839,0.8602261904761904,0.9336734693877551,0.07344727891156466,True,False
5840,0.5606446825785061,0.5958053900700959,0.03516070749158984,True,False
5841,0.7614267804358605,0.7429400969222963,-0.018486683513564195,False,False
5842,0.7113408876579608,0.7403300403300405,0.028989152672079688,True,False
5843,0.2799577723486892,0.444287708761393,0.16432993641270383,True,False
5844,0.7080458679873571,0.6693712676753613,-0.03867460031199588,False,False
5845,0.8164226027595594,0.826568504965244,0.010145902205684676,True,False
5846,0.8223183942380371,0.8493218779677113,0.027003483729674205,True,False
5847,0.7390088069058084,0.7197641807865892,-0.019244626119219177,False,False
5848,0.6131128095045851,0.6847073407497877,0.07159453124520254,True,False
5849,0.5614500661375661,0.5337301587301587,-0.027719907407407374,False,False
5851,0.6733424976563108,0.7586138911329653,0.08527139347665447,True,False
5852,0.5960175682274523,0.5739708999346973,-0.022046668292755034,False,False
5853,0.48794818742777063,0.49435008842783235,0.006401901000061716,True,False
5854,0.4295814073119042,0.4592238070278189,0.029642399715914702,True,False
5855,0.8337447530864197,0.8703703703703703,0.03662561728395064,True,False
5856,0.49257111185383246,0.5976001082251082,0.10502899637127577,True,False
5857,0.4121089959830336,0.4689242948458115,0.05681529886277792,True,False
5858,0.8083922693470244,0.8309597596577455,0.02256749031072114,True,False
5859,0.6894801587301588,0.8075396825396824,0.11805952380952367,True,False
5860,0.6459873984947514,0.684973604826546,0.038986206331794615,True,False
5861,0.5784966664621136,0.5410397471680575,-0.037456919294056146,False,False
5862,0.8746268436362725,0.8802353464902435,0.005608502853970965,True,False
5863,0.62875,0.71875,0.08999999999999997,True,False
5864,0.9129723502304148,0.9487052885670397,0.03573293833662494,True,False
5865,0.4948525128768368,0.5655555555555556,0.0707030426787188,True,False
5866,0.5785055555555556,0.5247863247863248,-0.0537192307692308,False,False
5867,0.6129,0.6625,0.04959999999999998,True,False
5868,0.6702877670460218,0.7874759783368274,0.11718821129080559,True,False
5869,0.5981404191568666,0.5960837590771801,-0.002056660079686412,False,False
5870,0.6847872983870968,0.7972110215053764,0.11242372311827953,True,False
5871,0.7629273905918643,0.7572896361273554,-0.005637754464508871,False,False
5872,0.4855979986165515,0.46674883976211706,-0.018849158854434445,False,False
5873,0.625432067932068,0.853586889301175,0.22815482136910703,True,False
5874,0.5978278138706287,0.6243295565121671,0.026501742641538484,True,False
5875,0.7177628719155722,0.7633567084241104,0.04559383650853821,True,False
5876,0.7228504273504274,0.6209743589743589,-0.10187606837606844,False,False
5877,0.5322566526610644,0.5380952380952382,0.005838585434173815,True,False
5878,0.5806809993393067,0.5906781455795864,0.009997146240279697,True,False
5879,0.5743926698301699,0.699398656898657,0.1250059870684871,True,False
5880,0.43210341051138246,0.4437989113983771,0.01169550088699467,True,False
5881,0.5903835947480082,0.5572499447035121,-0.03313365004449609,False,False
5882,0.566766975308642,0.5725308641975309,0.005763888888888902,True,False
5883,0.3677222222222223,0.2138888888888889,-0.15383333333333338,False,False
5884,0.5915207373271889,0.6181150793650794,0.02659434203789046,True,False
5885,0.8119645156926407,0.8177550054112555,0.005790489718614733,True,False
5886,0.45703542676331665,0.4623112721877491,0.005275845424432435,True,False
5887,0.570683367071525,0.5747111203386507,0.004027753267125678,True,False
5888,0.5106331162979714,0.5520679195444753,0.04143480324650395,True,False
5889,0.7390762250412987,0.7550495108345454,0.01597328579324675,True,False
5890,0.666464855099894,0.6309435029729925,-0.03552135212690144,False,False
5891,0.6148980836406924,0.6379841147098991,0.023086031069206703,True,False
5892,0.8173674850280938,0.8472007354454774,0.029833250417383606,True,False
5893,0.489469959666659,0.5202710301394512,0.03080107047279218,True,False
5894,0.6818349620588419,0.8125779248138403,0.13074296275499842,True,False
5895,0.6680096761602516,0.6852182743726861,0.01720859821243448,True,False
5896,0.30377832414817174,0.27903468648751667,-0.02474363766065507,False,False
5897,0.7963838383838384,0.809090909090909,0.012707070707070556,True,False
5898,0.7144291831357049,0.7849143610013175,0.07048517786561259,True,False
5899,0.46555555555555556,0.5833333333333334,0.11777777777777781,True,False
5900,0.39536986804718766,0.46324660448371785,0.0678767364365302,True,False
5901,0.5296875,0.35379464285714285,-0.17589285714285713,False,False
5902,0.6113972929606626,0.6248095429798328,0.013412250019170235,True,False
5903,0.5998188571315786,0.6061442198392155,0.00632536270763695,True,False
5904,0.6205034722222222,0.75,0.12949652777777776,True,False
5905,0.7563927687249431,0.699489022521322,-0.05690374620362115,False,False
5906,0.801516264283814,0.8342575137863603,0.03274124950254631,True,False
5907,0.4516110380116959,0.5186931448992852,0.06708210688758931,True,False
5908,0.8385874922448261,0.8075169321169545,-0.03107056012787157,False,False
5909,0.223211093857833,0.37202380952380953,0.14881271566597654,True,False
5910,0.7308048781518609,0.7979704136691432,0.06716553551728233,True,False
5911,0.7000363077744843,0.6925436011189187,-0.007492706655565673,False,False
5912,0.5315602921968513,0.5415321797378249,0.009971887540973556,True,False
5913,0.7576071685360943,0.7796875,0.022080331463905645,True,False
5914,0.6348800366300367,0.656259539072039,0.021379502442002374,True,False
5915,0.7325511487431036,0.716543769739325,-0.016007379003778577,False,False
5916,0.39759336520506544,0.3865498923726108,-0.01104347283245466,False,False
5917,0.6473336067765051,0.6084398190209972,-0.03889378775550789,False,False
5918,0.7765879629629628,0.7759259259259258,-0.0006620370370370443,False,False
5919,0.48227666666666663,0.3927272727272727,-0.08954939393939393,False,False
5920,0.6946736144133357,0.6994654237263457,0.0047918093130099315,True,False
5921,0.601942821067821,0.6201599326599326,0.01821711159211159,True,False
5922,0.6369876703626703,0.6698424681379227,0.03285479777525235,True,False
5923,0.6271263227513227,0.6178571428571429,-0.009269179894179858,False,False
5924,0.640407244512331,0.5842382728209623,-0.056168971691368696,False,False
5925,0.7603564938601702,0.668568199422154,-0.09178829443801628,False,False
5926,0.6429316618566618,0.70518992003367,0.06225825817700814,True,False
5927,0.6797196246715741,0.6448618982476713,-0.034857726423902835,False,False
5928,0.38358253588516744,0.4559011164274322,0.07231858054226475,True,False
5929,0.6427040439596661,0.49324377200991265,-0.14946027194975342,False,False
5930,0.9205242042440318,0.9541226747109102,0.03359847046687836,True,False
5931,0.5037451496297745,0.5331209219168611,0.029375772287086654,True,False
5932,0.5093602060707324,0.8571428571428571,0.3477826510721247,True,False
5933,0.8742362278244632,0.8322150465124322,-0.04202118131203103,False,False
5934,0.8183035714285714,0.840952380952381,0.022648809523809654,True,False
5935,0.6452064354727398,0.5023291925465838,-0.142877242926156,False,False
5936,0.9396825396825396,0.921201814058957,-0.018480725623582606,False,False
5937,0.385602538543328,0.5404140085061138,0.15481146996278577,True,False
5938,0.7145964295689785,0.8069944152644976,0.09239798569551905,True,False
5939,0.7675396885521886,0.7400961368066631,-0.027443551745525485,False,False
5940,0.3895510912698413,0.49360119047619044,0.10405009920634917,True,False
5941,0.5176305555555555,0.49722222222222223,-0.02040833333333325,False,False
5942,0.7749924514177076,0.8895680144857777,0.11457556306807015,True,False
5943,0.7612977965747703,0.74510582010582,-0.01619197646895021,False,False
5944,0.19628205128205128,0.5217948717948718,0.32551282051282054,True,False
5945,0.7282718079922027,0.8525219298245613,0.12425012183235862,True,False
5946,0.6625742316202843,0.6323556286549707,-0.030218602965313535,False,False
5947,0.3919598472865159,0.4184435447593342,0.026483697472818313,True,False
5948,0.7918237442073852,0.7691301460636476,-0.022693598143737614,False,False
5949,0.537835939327744,0.5847564195156052,0.04692048018786121,True,False
5950,0.39701663661665615,0.3914323034907132,-0.005584333125942975,False,False
5951,0.7085644841269841,0.7689329805996473,0.06036849647266318,True,False
5952,0.8318610481856398,0.8877648604782751,0.0559038122926353,True,False
5953,0.7056328025680142,0.6968312363964538,-0.00880156617156036,False,False
5954,0.5416370876492946,0.5571435213189523,0.015506433669657649,True,False
5955,0.5916645911493025,0.5803640373411918,-0.01130055380811068,False,False
5956,0.4689166006711338,0.47573788751161367,0.00682128684047989,True,False
5957,0.6459731791008916,0.5515752696534733,-0.09439790944741833,False,False
5958,0.5973435400689614,0.6182989785420341,0.020955438473072685,True,False
5959,0.3149092818428184,0.40930894308943094,0.09439966124661253,True,False
5960,0.7652308352953089,0.7930213412318676,0.02779050593655874,True,False
5961,0.3470208946042429,0.3961810024310024,0.0491601078267595,True,False
5962,0.8279166666666667,0.8788888888888889,0.0509722222222222,True,False
5963,0.6228187748063122,0.6146071116282761,-0.008211663178036122,False,False
5964,0.7253509899518682,0.7251075036130082,-0.00024348633885995508,False,False
5965,0.4028095238095238,0.4892857142857143,0.08647619047619054,True,False
5966,0.47132655937443174,0.3998090561920349,-0.07151750318239686,False,False
5967,0.6003382352941177,0.8333333333333333,0.2329950980392156,True,False
5968,0.8254652014652015,0.9107142857142857,0.08524908424908417,True,False
5969,0.5143193195693195,0.5819527694527695,0.06763344988344999,True,False
5970,0.7364605363984674,0.7563793103448276,0.019918773946360213,True,False
5971,0.530716397387172,0.5237215453213105,-0.006994852065861479,False,False
5972,0.7081103012383616,0.704338393568943,-0.003771907669418595,False,False
5973,0.8270496031746032,0.9098090277777777,0.08275942460317454,True,False
5974,0.55837889081215,0.5429292929292929,-0.015449597882857047,False,False
5975,0.6467710489225178,0.67402741889176,0.02725636996924219,True,False
5976,0.47039357864357867,0.5782451134723862,0.1078515348288075,True,False
5977,0.8645259661835749,0.8618659420289855,-0.0026600241545894354,False,False
5978,0.5059915934054665,0.49721427116240335,-0.008777322243063157,False,False
5979,0.647857226107226,0.8321678321678322,0.18431060606060623,True,False
5980,0.6914314291988205,0.6667240929456251,-0.024707336253195433,False,False
5981,0.6521994856964881,0.6240150231713163,-0.028184462525171816,False,False
5982,0.7178361317977979,0.6482418602719342,-0.06959427152586373,False,False
5983,0.7198013468013468,0.8909090909090909,0.1711077441077441,True,False
5984,0.9369507575757575,0.9599191317941318,0.022968374218374277,True,False
5985,0.7145123386543618,0.7072595515727025,-0.007252787081659329,False,False
5986,0.8784890577507599,0.9078491219182709,0.029360064167511024,True,False
5987,0.46757968873128447,0.4262293144208038,-0.041350374310480664,False,False
5988,0.489339392964393,0.4628136200716846,-0.02652577289270841,False,False
5989,0.7724764991116244,0.7502512591575092,-0.022225239954115183,False,False
5990,0.5506523167816713,0.5768488334364958,0.026196516654824586,True,False
5991,0.4692202735154941,0.5081747467482761,0.038954473232782005,True,False
5992,0.48673884396525907,0.4436507936507937,-0.04308805031446539,False,False
5993,0.4333035714285714,0.5327380952380952,0.09943452380952383,True,False
5994,0.7326767295145903,0.8257917877121127,0.09311505819752242,True,False
5995,0.746467812534673,0.7273129271675783,-0.019154885367094643,False,False
5996,0.6644820834304754,0.6423519674690281,-0.022130115961447316,False,False
5997,0.9334984514130855,0.9665960123886953,0.033097560975609785,True,False
5998,0.5134212573918456,0.5070494864612511,-0.006371770930594489,False,False
5999,0.5075238095238095,0.9,0.39247619047619053,True,False
6000,0.3901762769387031,0.38321825628468376,-0.006958020654019348,False,False
6001,0.6237974546351052,0.6404131457627377,0.016615691127632504,True,False
6002,0.7508751555136519,0.7440977384002905,-0.006777417113361439,False,False
6003,0.7438362341016966,0.804654410086092,0.06081817598439532,True,False
6004,0.3701055132804359,0.35610283249602137,-0.014002680784414523,False,False
6005,0.7101643615779645,0.6672276865291572,-0.04293667504880727,False,False
6006,0.4391108399138585,0.4603410354184348,0.021230195504576277,True,False
6007,0.35993658188365807,0.4675822049995646,0.10764562311590653,True,False
6008,0.43325496031746036,0.627391975308642,0.19413701499118163,True,False
6009,0.39843007602153946,0.3543771043771044,-0.04405297164443506,False,False
6010,0.7812426799831556,0.8403975895463233,0.05915490956316771,True,False
6011,0.7249295526348831,0.7195005723538934,-0.005428980280989704,False,False
6012,0.37241372053872057,0.5744949494949495,0.20208122895622893,True,False
6013,0.6513885224796989,0.8335416666666666,0.1821531441869677,True,False
6014,0.7427757561610503,0.6181113186015147,-0.1246644375595356,False,False
6015,0.7226509857018024,0.6476053639846743,-0.07504562171712814,False,False
6016,0.3546430566962868,0.4508792193877811,0.09623616269149426,True,False
6017,0.5386874236874237,0.5050747863247863,-0.03361263736263742,False,False
6018,0.5261592277555757,0.5602506297689022,0.0340914020133265,True,False
6019,0.548399635510551,0.8725490196078431,0.3241493840972921,True,False
6020,0.8293138987918399,0.7613110269360269,-0.068002871855813,False,False
6021,0.6154767202034822,0.6408128801230216,0.025336159919539414,True,False
6022,0.6760557011214907,0.790192689515998,0.11413698839450725,True,False
6023,0.6467775939332877,0.590924758096164,-0.05585283583712375,False,False
6024,0.8470317112225006,0.8561051548624649,0.009073443639964207,True,False
6025,0.48276145906968276,0.5216599190283401,0.03889845995865732,True,False
6026,0.5823622782446312,0.6415587068160598,0.059196428571428594,True,False
6027,0.7583949108883319,0.7138888888888888,-0.04450602199944309,False,False
6028,0.5098850196350196,0.48538253225753225,-0.024502487377487392,False,False
6029,0.5372222222222223,0.47222222222222215,-0.06500000000000011,False,False
6030,0.5761490821270233,0.621532346123139,0.0453832639961157,True,False
6031,0.6796924603174603,0.8144841269841271,0.13479166666666675,True,False
6032,0.8519491115609538,0.9066351776878092,0.05468606612685545,True,False
6033,0.7134944893694893,0.7001942342851434,-0.013300255084345958,False,False
6034,0.7227191558441558,0.9646464646464646,0.24192730880230884,True,False
6035,0.36477010241716123,0.3891400746470406,0.024369972229879355,True,False
6036,0.5206571845592345,0.5596458006797709,0.03898861612053639,True,False
6037,0.6344789113806057,0.5946492686551622,-0.03982964272544354,False,False
6038,0.6334532828282828,0.6888888888888889,0.055435606060606046,True,False
6039,0.7814463766988277,0.7903363042747963,0.008889927575968626,True,False
6040,0.5793150533422646,0.5924441548719119,0.013129101529647302,True,False
